check	Set up job	﻿2026-10-03T18:07:07.2644968Z Current runner version: '2.337.0'
check	Set up job	2026-10-03T18:07:07.2671294Z ##[group]Runner Image Provisioner
check	Set up job	2026-10-03T18:07:07.2672234Z Hosted Compute Agent
check	Set up job	2026-10-03T18:07:07.2672831Z Version: 20260901.588
check	Set up job	2026-10-03T18:07:07.2673575Z Commit: f88ec8081b781fac6c440065ac7ff9e710ce3d0b
check	Set up job	2026-10-03T18:07:07.2674636Z Build Date: 2026-09-01T19:56:44Z
check	Set up job	2026-10-03T18:07:07.2675339Z Worker ID: {f8e5b8e8-c3af-404c-8d4d-de6d906d1aaf}
check	Set up job	2026-10-03T18:07:07.2676163Z Azure Region: westus3
check	Set up job	2026-10-03T18:07:07.2676763Z ##[endgroup]
check	Set up job	2026-10-03T18:07:07.2678353Z ##[group]Operating System
check	Set up job	2026-10-03T18:07:07.2679103Z Ubuntu
check	Set up job	2026-10-03T18:07:07.2679646Z 24.04.5
check	Set up job	2026-10-03T18:07:07.2680247Z LTS
check	Set up job	2026-10-03T18:07:07.2680798Z ##[endgroup]
check	Set up job	2026-10-03T18:07:07.2681461Z ##[group]Runner Image
check	Set up job	2026-10-03T18:07:07.2682221Z Image: ubuntu-24.04
check	Set up job	2026-10-03T18:07:07.2682819Z Version: 20260927.320.1
check	Set up job	2026-10-03T18:07:07.2684273Z Included Software: https://github.com/actions/runner-images/blob/ubuntu24/20260927.320/images/ubuntu/Ubuntu2404-Readme.md
check	Set up job	2026-10-03T18:07:07.2686208Z Image Release: https://github.com/actions/runner-images/releases/tag/ubuntu24%2F20260927.320
check	Set up job	2026-10-03T18:07:07.2687224Z ##[endgroup]
check	Set up job	2026-10-03T18:07:07.2688415Z ##[group]GITHUB_TOKEN Permissions
check	Set up job	2026-10-03T18:07:07.2690323Z Contents: read
check	Set up job	2026-10-03T18:07:07.2691009Z Metadata: read
check	Set up job	2026-10-03T18:07:07.2691688Z ##[endgroup]
check	Set up job	2026-10-03T18:07:07.2694051Z Secret source: Actions
check	Set up job	2026-10-03T18:07:07.2695177Z Cache mode: write
check	Set up job	2026-10-03T18:07:07.2695918Z Prepare workflow directory
check	Set up job	2026-10-03T18:07:07.3049111Z Prepare all required actions
check	Set up job	2026-10-03T18:07:07.3098231Z Getting action download info
check	Set up job	2026-10-03T18:07:07.6219786Z Download action repository 'actions/checkout@fbc6f3992d24b796d5a048ff273f7fcc4a7b6c09' (SHA:fbc6f3992d24b796d5a048ff273f7fcc4a7b6c09)
check	Set up job	2026-10-03T18:07:07.7421211Z Download action repository 'actions/setup-python@ece7cb06caefa5fff74198d8649806c4678c61a1' (SHA:ece7cb06caefa5fff74198d8649806c4678c61a1)
check	Set up job	2026-10-03T18:07:07.9219960Z Complete job name: check
check	Run actions/checkout@fbc6f3992d24b796d5a048ff273f7fcc4a7b6c09	﻿2026-10-03T18:07:08.0012798Z ##[group]Run actions/checkout@fbc6f3992d24b796d5a048ff273f7fcc4a7b6c09
check	Run actions/checkout@fbc6f3992d24b796d5a048ff273f7fcc4a7b6c09	2026-10-03T18:07:08.0014234Z with:
check	Run actions/checkout@fbc6f3992d24b796d5a048ff273f7fcc4a7b6c09	2026-10-03T18:07:08.0014760Z   ref: 47336363fb1642ea2eea185e37e00ebf7b49127f
check	Run actions/checkout@fbc6f3992d24b796d5a048ff273f7fcc4a7b6c09	2026-10-03T18:07:08.0015395Z   persist-credentials: false
check	Run actions/checkout@fbc6f3992d24b796d5a048ff273f7fcc4a7b6c09	2026-10-03T18:07:08.0015952Z   repository: geniusgrok/coinquant
check	Run actions/checkout@fbc6f3992d24b796d5a048ff273f7fcc4a7b6c09	2026-10-03T18:07:08.0019868Z   token: ***
check	Run actions/checkout@fbc6f3992d24b796d5a048ff273f7fcc4a7b6c09	2026-10-03T18:07:08.0020317Z   ssh-strict: true
check	Run actions/checkout@fbc6f3992d24b796d5a048ff273f7fcc4a7b6c09	2026-10-03T18:07:08.0020775Z   ssh-user: git
check	Run actions/checkout@fbc6f3992d24b796d5a048ff273f7fcc4a7b6c09	2026-10-03T18:07:08.0021211Z   clean: true
check	Run actions/checkout@fbc6f3992d24b796d5a048ff273f7fcc4a7b6c09	2026-10-03T18:07:08.0021684Z   sparse-checkout-cone-mode: true
check	Run actions/checkout@fbc6f3992d24b796d5a048ff273f7fcc4a7b6c09	2026-10-03T18:07:08.0022212Z   fetch-depth: 1
check	Run actions/checkout@fbc6f3992d24b796d5a048ff273f7fcc4a7b6c09	2026-10-03T18:07:08.0022657Z   fetch-tags: false
check	Run actions/checkout@fbc6f3992d24b796d5a048ff273f7fcc4a7b6c09	2026-10-03T18:07:08.0023122Z   show-progress: true
check	Run actions/checkout@fbc6f3992d24b796d5a048ff273f7fcc4a7b6c09	2026-10-03T18:07:08.0023584Z   lfs: false
check	Run actions/checkout@fbc6f3992d24b796d5a048ff273f7fcc4a7b6c09	2026-10-03T18:07:08.0024173Z   submodules: false
check	Run actions/checkout@fbc6f3992d24b796d5a048ff273f7fcc4a7b6c09	2026-10-03T18:07:08.0024628Z   set-safe-directory: true
check	Run actions/checkout@fbc6f3992d24b796d5a048ff273f7fcc4a7b6c09	2026-10-03T18:07:08.0025136Z   allow-unsafe-pr-checkout: false
check	Run actions/checkout@fbc6f3992d24b796d5a048ff273f7fcc4a7b6c09	2026-10-03T18:07:08.0025976Z ##[endgroup]
check	Run actions/checkout@fbc6f3992d24b796d5a048ff273f7fcc4a7b6c09	2026-10-03T18:07:08.1052003Z Syncing repository: geniusgrok/coinquant
check	Run actions/checkout@fbc6f3992d24b796d5a048ff273f7fcc4a7b6c09	2026-10-03T18:07:08.1054617Z ##[group]Getting Git version info
check	Run actions/checkout@fbc6f3992d24b796d5a048ff273f7fcc4a7b6c09	2026-10-03T18:07:08.1055457Z Working directory is '/home/runner/work/coinquant/coinquant'
check	Run actions/checkout@fbc6f3992d24b796d5a048ff273f7fcc4a7b6c09	2026-10-03T18:07:08.1069100Z [command]/usr/bin/git version
check	Run actions/checkout@fbc6f3992d24b796d5a048ff273f7fcc4a7b6c09	2026-10-03T18:07:08.1221750Z git version 2.55.0
check	Run actions/checkout@fbc6f3992d24b796d5a048ff273f7fcc4a7b6c09	2026-10-03T18:07:08.1246626Z ##[endgroup]
check	Run actions/checkout@fbc6f3992d24b796d5a048ff273f7fcc4a7b6c09	2026-10-03T18:07:08.1263180Z Temporarily overriding HOME='/home/runner/work/_temp/58c00b7b-fd0b-4d0e-a49f-6ff800b317d5' before making global git config changes
check	Run actions/checkout@fbc6f3992d24b796d5a048ff273f7fcc4a7b6c09	2026-10-03T18:07:08.1265697Z Adding repository directory to the temporary git global config as a safe directory
check	Run actions/checkout@fbc6f3992d24b796d5a048ff273f7fcc4a7b6c09	2026-10-03T18:07:08.1269703Z [command]/usr/bin/git config --global --add safe.directory /home/runner/work/coinquant/coinquant
check	Run actions/checkout@fbc6f3992d24b796d5a048ff273f7fcc4a7b6c09	2026-10-03T18:07:08.1327759Z Deleting the contents of '/home/runner/work/coinquant/coinquant'
check	Run actions/checkout@fbc6f3992d24b796d5a048ff273f7fcc4a7b6c09	2026-10-03T18:07:08.1337805Z ##[group]Initializing the repository
check	Run actions/checkout@fbc6f3992d24b796d5a048ff273f7fcc4a7b6c09	2026-10-03T18:07:08.1345943Z [command]/usr/bin/git init /home/runner/work/coinquant/coinquant
check	Run actions/checkout@fbc6f3992d24b796d5a048ff273f7fcc4a7b6c09	2026-10-03T18:07:08.1478744Z hint: Using 'master' as the name for the initial branch. This default branch name
check	Run actions/checkout@fbc6f3992d24b796d5a048ff273f7fcc4a7b6c09	2026-10-03T18:07:08.1481159Z hint: will change to "main" in Git 3.0. To configure the initial branch name
check	Run actions/checkout@fbc6f3992d24b796d5a048ff273f7fcc4a7b6c09	2026-10-03T18:07:08.1482985Z hint: to use in all of your new repositories, which will suppress this warning,
check	Run actions/checkout@fbc6f3992d24b796d5a048ff273f7fcc4a7b6c09	2026-10-03T18:07:08.1484713Z hint: call:
check	Run actions/checkout@fbc6f3992d24b796d5a048ff273f7fcc4a7b6c09	2026-10-03T18:07:08.1485621Z hint:
check	Run actions/checkout@fbc6f3992d24b796d5a048ff273f7fcc4a7b6c09	2026-10-03T18:07:08.1486599Z hint: 	git config --global init.defaultBranch <name>
check	Run actions/checkout@fbc6f3992d24b796d5a048ff273f7fcc4a7b6c09	2026-10-03T18:07:08.1487753Z hint:
check	Run actions/checkout@fbc6f3992d24b796d5a048ff273f7fcc4a7b6c09	2026-10-03T18:07:08.1488846Z hint: Names commonly chosen instead of 'master' are 'main', 'trunk' and
check	Run actions/checkout@fbc6f3992d24b796d5a048ff273f7fcc4a7b6c09	2026-10-03T18:07:08.1490651Z hint: 'development'. The just-created branch can be renamed via this command:
check	Run actions/checkout@fbc6f3992d24b796d5a048ff273f7fcc4a7b6c09	2026-10-03T18:07:08.1492136Z hint:
check	Run actions/checkout@fbc6f3992d24b796d5a048ff273f7fcc4a7b6c09	2026-10-03T18:07:08.1494145Z hint: 	git branch -m <name>
check	Run actions/checkout@fbc6f3992d24b796d5a048ff273f7fcc4a7b6c09	2026-10-03T18:07:08.1495266Z hint:
check	Run actions/checkout@fbc6f3992d24b796d5a048ff273f7fcc4a7b6c09	2026-10-03T18:07:08.1496538Z hint: Disable this message with "git config set advice.defaultBranchName false"
check	Run actions/checkout@fbc6f3992d24b796d5a048ff273f7fcc4a7b6c09	2026-10-03T18:07:08.1498516Z Initialized empty Git repository in /home/runner/work/coinquant/coinquant/.git/
check	Run actions/checkout@fbc6f3992d24b796d5a048ff273f7fcc4a7b6c09	2026-10-03T18:07:08.1502280Z [command]/usr/bin/git remote add origin https://github.com/geniusgrok/coinquant
check	Run actions/checkout@fbc6f3992d24b796d5a048ff273f7fcc4a7b6c09	2026-10-03T18:07:08.1556038Z ##[endgroup]
check	Run actions/checkout@fbc6f3992d24b796d5a048ff273f7fcc4a7b6c09	2026-10-03T18:07:08.1557393Z ##[group]Disabling automatic garbage collection
check	Run actions/checkout@fbc6f3992d24b796d5a048ff273f7fcc4a7b6c09	2026-10-03T18:07:08.1563626Z [command]/usr/bin/git config --local gc.auto 0
check	Run actions/checkout@fbc6f3992d24b796d5a048ff273f7fcc4a7b6c09	2026-10-03T18:07:08.1597174Z ##[endgroup]
check	Run actions/checkout@fbc6f3992d24b796d5a048ff273f7fcc4a7b6c09	2026-10-03T18:07:08.1598235Z ##[group]Setting up auth
check	Run actions/checkout@fbc6f3992d24b796d5a048ff273f7fcc4a7b6c09	2026-10-03T18:07:08.1606400Z [command]/usr/bin/git config --local --name-only --get-regexp core\.sshCommand
check	Run actions/checkout@fbc6f3992d24b796d5a048ff273f7fcc4a7b6c09	2026-10-03T18:07:08.1648990Z [command]/usr/bin/git submodule foreach --recursive sh -c "git config --local --name-only --get-regexp 'core\.sshCommand' && git config --local --unset-all 'core.sshCommand' || :"
check	Run actions/checkout@fbc6f3992d24b796d5a048ff273f7fcc4a7b6c09	2026-10-03T18:07:08.2054075Z [command]/usr/bin/git config --local --name-only --get-regexp http\.https\:\/\/github\.com\/\.extraheader
check	Run actions/checkout@fbc6f3992d24b796d5a048ff273f7fcc4a7b6c09	2026-10-03T18:07:08.2091255Z [command]/usr/bin/git submodule foreach --recursive sh -c "git config --local --name-only --get-regexp 'http\.https\:\/\/github\.com\/\.extraheader' && git config --local --unset-all 'http.https://github.com/.extraheader' || :"
check	Run actions/checkout@fbc6f3992d24b796d5a048ff273f7fcc4a7b6c09	2026-10-03T18:07:08.2324146Z [command]/usr/bin/git config --local --name-only --get-regexp ^includeIf\.gitdir:
check	Run actions/checkout@fbc6f3992d24b796d5a048ff273f7fcc4a7b6c09	2026-10-03T18:07:08.2365363Z [command]/usr/bin/git submodule foreach --recursive git config --local --show-origin --name-only --get-regexp remote.origin.url
check	Run actions/checkout@fbc6f3992d24b796d5a048ff273f7fcc4a7b6c09	2026-10-03T18:07:08.2595113Z [command]/usr/bin/git config --local http.https://github.com/.extraheader AUTHORIZATION: basic ***
check	Run actions/checkout@fbc6f3992d24b796d5a048ff273f7fcc4a7b6c09	2026-10-03T18:07:08.2638632Z ##[endgroup]
check	Run actions/checkout@fbc6f3992d24b796d5a048ff273f7fcc4a7b6c09	2026-10-03T18:07:08.2640107Z ##[group]Fetching the repository
check	Run actions/checkout@fbc6f3992d24b796d5a048ff273f7fcc4a7b6c09	2026-10-03T18:07:08.2651124Z [command]/usr/bin/git -c protocol.version=2 fetch --no-tags --prune --no-recurse-submodules --depth=1 origin 47336363fb1642ea2eea185e37e00ebf7b49127f
check	Run actions/checkout@fbc6f3992d24b796d5a048ff273f7fcc4a7b6c09	2026-10-03T18:07:17.1305085Z From https://github.com/geniusgrok/coinquant
check	Run actions/checkout@fbc6f3992d24b796d5a048ff273f7fcc4a7b6c09	2026-10-03T18:07:17.1308051Z  * branch            47336363fb1642ea2eea185e37e00ebf7b49127f -> FETCH_HEAD
check	Run actions/checkout@fbc6f3992d24b796d5a048ff273f7fcc4a7b6c09	2026-10-03T18:07:17.1314945Z ##[endgroup]
check	Run actions/checkout@fbc6f3992d24b796d5a048ff273f7fcc4a7b6c09	2026-10-03T18:07:17.1317606Z ##[group]Determining the checkout info
check	Run actions/checkout@fbc6f3992d24b796d5a048ff273f7fcc4a7b6c09	2026-10-03T18:07:17.1320673Z ##[endgroup]
check	Run actions/checkout@fbc6f3992d24b796d5a048ff273f7fcc4a7b6c09	2026-10-03T18:07:17.1322729Z [command]/usr/bin/git sparse-checkout disable
check	Run actions/checkout@fbc6f3992d24b796d5a048ff273f7fcc4a7b6c09	2026-10-03T18:07:17.1379973Z [command]/usr/bin/git config --local --unset-all extensions.worktreeConfig
check	Run actions/checkout@fbc6f3992d24b796d5a048ff273f7fcc4a7b6c09	2026-10-03T18:07:17.1420698Z ##[group]Checking out the ref
check	Run actions/checkout@fbc6f3992d24b796d5a048ff273f7fcc4a7b6c09	2026-10-03T18:07:17.1423498Z [command]/usr/bin/git checkout --progress --force 47336363fb1642ea2eea185e37e00ebf7b49127f
check	Run actions/checkout@fbc6f3992d24b796d5a048ff273f7fcc4a7b6c09	2026-10-03T18:07:18.1526842Z Updating files:  30% (1527/4935)
check	Run actions/checkout@fbc6f3992d24b796d5a048ff273f7fcc4a7b6c09	2026-10-03T18:07:18.3445389Z Updating files:  31% (1530/4935)
check	Run actions/checkout@fbc6f3992d24b796d5a048ff273f7fcc4a7b6c09	2026-10-03T18:07:18.4113095Z Updating files:  32% (1580/4935)
check	Run actions/checkout@fbc6f3992d24b796d5a048ff273f7fcc4a7b6c09	2026-10-03T18:07:18.5289249Z Updating files:  33% (1629/4935)
check	Run actions/checkout@fbc6f3992d24b796d5a048ff273f7fcc4a7b6c09	2026-10-03T18:07:18.5561878Z Updating files:  34% (1678/4935)
check	Run actions/checkout@fbc6f3992d24b796d5a048ff273f7fcc4a7b6c09	2026-10-03T18:07:18.5914818Z Updating files:  35% (1728/4935)
check	Run actions/checkout@fbc6f3992d24b796d5a048ff273f7fcc4a7b6c09	2026-10-03T18:07:18.6230949Z Updating files:  36% (1777/4935)
check	Run actions/checkout@fbc6f3992d24b796d5a048ff273f7fcc4a7b6c09	2026-10-03T18:07:18.6254140Z Updating files:  37% (1826/4935)
check	Run actions/checkout@fbc6f3992d24b796d5a048ff273f7fcc4a7b6c09	2026-10-03T18:07:18.6274799Z Updating files:  38% (1876/4935)
check	Run actions/checkout@fbc6f3992d24b796d5a048ff273f7fcc4a7b6c09	2026-10-03T18:07:18.6303394Z Updating files:  39% (1925/4935)
check	Run actions/checkout@fbc6f3992d24b796d5a048ff273f7fcc4a7b6c09	2026-10-03T18:07:18.6323637Z Updating files:  40% (1974/4935)
check	Run actions/checkout@fbc6f3992d24b796d5a048ff273f7fcc4a7b6c09	2026-10-03T18:07:18.6391432Z Updating files:  41% (2024/4935)
check	Run actions/checkout@fbc6f3992d24b796d5a048ff273f7fcc4a7b6c09	2026-10-03T18:07:18.6479670Z Updating files:  42% (2073/4935)
check	Run actions/checkout@fbc6f3992d24b796d5a048ff273f7fcc4a7b6c09	2026-10-03T18:07:18.6510312Z Updating files:  43% (2123/4935)
check	Run actions/checkout@fbc6f3992d24b796d5a048ff273f7fcc4a7b6c09	2026-10-03T18:07:18.6531332Z Updating files:  44% (2172/4935)
check	Run actions/checkout@fbc6f3992d24b796d5a048ff273f7fcc4a7b6c09	2026-10-03T18:07:18.6818841Z Updating files:  45% (2221/4935)
check	Run actions/checkout@fbc6f3992d24b796d5a048ff273f7fcc4a7b6c09	2026-10-03T18:07:18.6850483Z Updating files:  46% (2271/4935)
check	Run actions/checkout@fbc6f3992d24b796d5a048ff273f7fcc4a7b6c09	2026-10-03T18:07:18.6884188Z Updating files:  47% (2320/4935)
check	Run actions/checkout@fbc6f3992d24b796d5a048ff273f7fcc4a7b6c09	2026-10-03T18:07:18.6915934Z Updating files:  48% (2369/4935)
check	Run actions/checkout@fbc6f3992d24b796d5a048ff273f7fcc4a7b6c09	2026-10-03T18:07:18.6937038Z Updating files:  49% (2419/4935)
check	Run actions/checkout@fbc6f3992d24b796d5a048ff273f7fcc4a7b6c09	2026-10-03T18:07:18.6961643Z Updating files:  50% (2468/4935)
check	Run actions/checkout@fbc6f3992d24b796d5a048ff273f7fcc4a7b6c09	2026-10-03T18:07:18.6993419Z Updating files:  51% (2517/4935)
check	Run actions/checkout@fbc6f3992d24b796d5a048ff273f7fcc4a7b6c09	2026-10-03T18:07:18.7011817Z Updating files:  52% (2567/4935)
check	Run actions/checkout@fbc6f3992d24b796d5a048ff273f7fcc4a7b6c09	2026-10-03T18:07:18.7030759Z Updating files:  53% (2616/4935)
check	Run actions/checkout@fbc6f3992d24b796d5a048ff273f7fcc4a7b6c09	2026-10-03T18:07:18.7058626Z Updating files:  54% (2665/4935)
check	Run actions/checkout@fbc6f3992d24b796d5a048ff273f7fcc4a7b6c09	2026-10-03T18:07:18.7081096Z Updating files:  55% (2715/4935)
check	Run actions/checkout@fbc6f3992d24b796d5a048ff273f7fcc4a7b6c09	2026-10-03T18:07:18.7114650Z Updating files:  56% (2764/4935)
check	Run actions/checkout@fbc6f3992d24b796d5a048ff273f7fcc4a7b6c09	2026-10-03T18:07:18.7149626Z Updating files:  57% (2813/4935)
check	Run actions/checkout@fbc6f3992d24b796d5a048ff273f7fcc4a7b6c09	2026-10-03T18:07:18.7173438Z Updating files:  58% (2863/4935)
check	Run actions/checkout@fbc6f3992d24b796d5a048ff273f7fcc4a7b6c09	2026-10-03T18:07:18.7227336Z Updating files:  59% (2912/4935)
check	Run actions/checkout@fbc6f3992d24b796d5a048ff273f7fcc4a7b6c09	2026-10-03T18:07:18.7338355Z Updating files:  60% (2961/4935)
check	Run actions/checkout@fbc6f3992d24b796d5a048ff273f7fcc4a7b6c09	2026-10-03T18:07:18.7419023Z Updating files:  61% (3011/4935)
check	Run actions/checkout@fbc6f3992d24b796d5a048ff273f7fcc4a7b6c09	2026-10-03T18:07:18.7531362Z Updating files:  62% (3060/4935)
check	Run actions/checkout@fbc6f3992d24b796d5a048ff273f7fcc4a7b6c09	2026-10-03T18:07:18.7612273Z Updating files:  63% (3110/4935)
check	Run actions/checkout@fbc6f3992d24b796d5a048ff273f7fcc4a7b6c09	2026-10-03T18:07:18.7694930Z Updating files:  64% (3159/4935)
check	Run actions/checkout@fbc6f3992d24b796d5a048ff273f7fcc4a7b6c09	2026-10-03T18:07:18.7748858Z Updating files:  65% (3208/4935)
check	Run actions/checkout@fbc6f3992d24b796d5a048ff273f7fcc4a7b6c09	2026-10-03T18:07:18.7769873Z Updating files:  66% (3258/4935)
check	Run actions/checkout@fbc6f3992d24b796d5a048ff273f7fcc4a7b6c09	2026-10-03T18:07:18.7789135Z Updating files:  67% (3307/4935)
check	Run actions/checkout@fbc6f3992d24b796d5a048ff273f7fcc4a7b6c09	2026-10-03T18:07:18.7813204Z Updating files:  68% (3356/4935)
check	Run actions/checkout@fbc6f3992d24b796d5a048ff273f7fcc4a7b6c09	2026-10-03T18:07:18.7844563Z Updating files:  69% (3406/4935)
check	Run actions/checkout@fbc6f3992d24b796d5a048ff273f7fcc4a7b6c09	2026-10-03T18:07:18.7884570Z Updating files:  70% (3455/4935)
check	Run actions/checkout@fbc6f3992d24b796d5a048ff273f7fcc4a7b6c09	2026-10-03T18:07:18.7885143Z Updating files:  71% (3504/4935)
check	Run actions/checkout@fbc6f3992d24b796d5a048ff273f7fcc4a7b6c09	2026-10-03T18:07:18.7894643Z Updating files:  72% (3554/4935)
check	Run actions/checkout@fbc6f3992d24b796d5a048ff273f7fcc4a7b6c09	2026-10-03T18:07:18.7914560Z Updating files:  73% (3603/4935)
check	Run actions/checkout@fbc6f3992d24b796d5a048ff273f7fcc4a7b6c09	2026-10-03T18:07:18.7944604Z Updating files:  74% (3652/4935)
check	Run actions/checkout@fbc6f3992d24b796d5a048ff273f7fcc4a7b6c09	2026-10-03T18:07:18.7964971Z Updating files:  75% (3702/4935)
check	Run actions/checkout@fbc6f3992d24b796d5a048ff273f7fcc4a7b6c09	2026-10-03T18:07:18.7967502Z Updating files:  76% (3751/4935)
check	Run actions/checkout@fbc6f3992d24b796d5a048ff273f7fcc4a7b6c09	2026-10-03T18:07:18.7985669Z Updating files:  77% (3800/4935)
check	Run actions/checkout@fbc6f3992d24b796d5a048ff273f7fcc4a7b6c09	2026-10-03T18:07:18.8003408Z Updating files:  78% (3850/4935)
check	Run actions/checkout@fbc6f3992d24b796d5a048ff273f7fcc4a7b6c09	2026-10-03T18:07:18.8021179Z Updating files:  79% (3899/4935)
check	Run actions/checkout@fbc6f3992d24b796d5a048ff273f7fcc4a7b6c09	2026-10-03T18:07:18.8045324Z Updating files:  80% (3948/4935)
check	Run actions/checkout@fbc6f3992d24b796d5a048ff273f7fcc4a7b6c09	2026-10-03T18:07:18.8071287Z Updating files:  81% (3998/4935)
check	Run actions/checkout@fbc6f3992d24b796d5a048ff273f7fcc4a7b6c09	2026-10-03T18:07:18.8096302Z Updating files:  82% (4047/4935)
check	Run actions/checkout@fbc6f3992d24b796d5a048ff273f7fcc4a7b6c09	2026-10-03T18:07:18.8122151Z Updating files:  83% (4097/4935)
check	Run actions/checkout@fbc6f3992d24b796d5a048ff273f7fcc4a7b6c09	2026-10-03T18:07:18.8144507Z Updating files:  84% (4146/4935)
check	Run actions/checkout@fbc6f3992d24b796d5a048ff273f7fcc4a7b6c09	2026-10-03T18:07:18.8170483Z Updating files:  85% (4195/4935)
check	Run actions/checkout@fbc6f3992d24b796d5a048ff273f7fcc4a7b6c09	2026-10-03T18:07:18.8192687Z Updating files:  86% (4245/4935)
check	Run actions/checkout@fbc6f3992d24b796d5a048ff273f7fcc4a7b6c09	2026-10-03T18:07:18.8217092Z Updating files:  87% (4294/4935)
check	Run actions/checkout@fbc6f3992d24b796d5a048ff273f7fcc4a7b6c09	2026-10-03T18:07:18.8242437Z Updating files:  88% (4343/4935)
check	Run actions/checkout@fbc6f3992d24b796d5a048ff273f7fcc4a7b6c09	2026-10-03T18:07:18.8269529Z Updating files:  89% (4393/4935)
check	Run actions/checkout@fbc6f3992d24b796d5a048ff273f7fcc4a7b6c09	2026-10-03T18:07:18.8295031Z Updating files:  90% (4442/4935)
check	Run actions/checkout@fbc6f3992d24b796d5a048ff273f7fcc4a7b6c09	2026-10-03T18:07:18.8328185Z Updating files:  91% (4491/4935)
check	Run actions/checkout@fbc6f3992d24b796d5a048ff273f7fcc4a7b6c09	2026-10-03T18:07:18.8356161Z Updating files:  92% (4541/4935)
check	Run actions/checkout@fbc6f3992d24b796d5a048ff273f7fcc4a7b6c09	2026-10-03T18:07:18.8405006Z Updating files:  93% (4590/4935)
check	Run actions/checkout@fbc6f3992d24b796d5a048ff273f7fcc4a7b6c09	2026-10-03T18:07:19.0574751Z Updating files:  94% (4639/4935)
check	Run actions/checkout@fbc6f3992d24b796d5a048ff273f7fcc4a7b6c09	2026-10-03T18:07:19.0992117Z Updating files:  95% (4689/4935)
check	Run actions/checkout@fbc6f3992d24b796d5a048ff273f7fcc4a7b6c09	2026-10-03T18:07:19.1195085Z Updating files:  96% (4738/4935)
check	Run actions/checkout@fbc6f3992d24b796d5a048ff273f7fcc4a7b6c09	2026-10-03T18:07:19.1425125Z Updating files:  97% (4787/4935)
check	Run actions/checkout@fbc6f3992d24b796d5a048ff273f7fcc4a7b6c09	2026-10-03T18:07:19.1623558Z Updating files:  98% (4837/4935)
check	Run actions/checkout@fbc6f3992d24b796d5a048ff273f7fcc4a7b6c09	2026-10-03T18:07:19.1658166Z Updating files:  98% (4848/4935)
check	Run actions/checkout@fbc6f3992d24b796d5a048ff273f7fcc4a7b6c09	2026-10-03T18:07:19.1692099Z Updating files:  99% (4886/4935)
check	Run actions/checkout@fbc6f3992d24b796d5a048ff273f7fcc4a7b6c09	2026-10-03T18:07:19.1693151Z Updating files: 100% (4935/4935)
check	Run actions/checkout@fbc6f3992d24b796d5a048ff273f7fcc4a7b6c09	2026-10-03T18:07:19.1693627Z Updating files: 100% (4935/4935), done.
check	Run actions/checkout@fbc6f3992d24b796d5a048ff273f7fcc4a7b6c09	2026-10-03T18:07:19.1763738Z Note: switching to '47336363fb1642ea2eea185e37e00ebf7b49127f'.
check	Run actions/checkout@fbc6f3992d24b796d5a048ff273f7fcc4a7b6c09	2026-10-03T18:07:19.1764506Z 
check	Run actions/checkout@fbc6f3992d24b796d5a048ff273f7fcc4a7b6c09	2026-10-03T18:07:19.1765023Z You are in 'detached HEAD' state. You can look around, make experimental
check	Run actions/checkout@fbc6f3992d24b796d5a048ff273f7fcc4a7b6c09	2026-10-03T18:07:19.1766953Z changes and commit them, and you can discard any commits you make in this
check	Run actions/checkout@fbc6f3992d24b796d5a048ff273f7fcc4a7b6c09	2026-10-03T18:07:19.1768136Z state without impacting any branches by switching back to a branch.
check	Run actions/checkout@fbc6f3992d24b796d5a048ff273f7fcc4a7b6c09	2026-10-03T18:07:19.1769022Z 
check	Run actions/checkout@fbc6f3992d24b796d5a048ff273f7fcc4a7b6c09	2026-10-03T18:07:19.1769508Z If you want to create a new branch to retain commits you create, you may
check	Run actions/checkout@fbc6f3992d24b796d5a048ff273f7fcc4a7b6c09	2026-10-03T18:07:19.1770707Z do so (now or later) by using -c with the switch command. Example:
check	Run actions/checkout@fbc6f3992d24b796d5a048ff273f7fcc4a7b6c09	2026-10-03T18:07:19.1771294Z 
check	Run actions/checkout@fbc6f3992d24b796d5a048ff273f7fcc4a7b6c09	2026-10-03T18:07:19.1771554Z   git switch -c <new-branch-name>
check	Run actions/checkout@fbc6f3992d24b796d5a048ff273f7fcc4a7b6c09	2026-10-03T18:07:19.1771918Z 
check	Run actions/checkout@fbc6f3992d24b796d5a048ff273f7fcc4a7b6c09	2026-10-03T18:07:19.1772126Z Or undo this operation with:
check	Run actions/checkout@fbc6f3992d24b796d5a048ff273f7fcc4a7b6c09	2026-10-03T18:07:19.1772467Z 
check	Run actions/checkout@fbc6f3992d24b796d5a048ff273f7fcc4a7b6c09	2026-10-03T18:07:19.1772647Z   git switch -
check	Run actions/checkout@fbc6f3992d24b796d5a048ff273f7fcc4a7b6c09	2026-10-03T18:07:19.1772907Z 
check	Run actions/checkout@fbc6f3992d24b796d5a048ff273f7fcc4a7b6c09	2026-10-03T18:07:19.1773379Z Turn off this advice by setting config variable advice.detachedHead to false
check	Run actions/checkout@fbc6f3992d24b796d5a048ff273f7fcc4a7b6c09	2026-10-03T18:07:19.1774356Z 
check	Run actions/checkout@fbc6f3992d24b796d5a048ff273f7fcc4a7b6c09	2026-10-03T18:07:19.1775163Z HEAD is now at 4733636 Merge 1421ff79490d92662ba2771505ff456975a5e698 into c363a582a064bd36d633f6439803f4c570d52333
check	Run actions/checkout@fbc6f3992d24b796d5a048ff273f7fcc4a7b6c09	2026-10-03T18:07:19.1827998Z ##[endgroup]
check	Run actions/checkout@fbc6f3992d24b796d5a048ff273f7fcc4a7b6c09	2026-10-03T18:07:19.1877966Z [command]/usr/bin/git log -1 --format=%H
check	Run actions/checkout@fbc6f3992d24b796d5a048ff273f7fcc4a7b6c09	2026-10-03T18:07:19.1906486Z 47336363fb1642ea2eea185e37e00ebf7b49127f
check	Run actions/checkout@fbc6f3992d24b796d5a048ff273f7fcc4a7b6c09	2026-10-03T18:07:19.1926413Z ##[group]Removing auth
check	Run actions/checkout@fbc6f3992d24b796d5a048ff273f7fcc4a7b6c09	2026-10-03T18:07:19.1927099Z [command]/usr/bin/git config --local --name-only --get-regexp core\.sshCommand
check	Run actions/checkout@fbc6f3992d24b796d5a048ff273f7fcc4a7b6c09	2026-10-03T18:07:19.1962852Z [command]/usr/bin/git submodule foreach --recursive sh -c "git config --local --name-only --get-regexp 'core\.sshCommand' && git config --local --unset-all 'core.sshCommand' || :"
check	Run actions/checkout@fbc6f3992d24b796d5a048ff273f7fcc4a7b6c09	2026-10-03T18:07:19.2202116Z [command]/usr/bin/git config --local --name-only --get-regexp http\.https\:\/\/github\.com\/\.extraheader
check	Run actions/checkout@fbc6f3992d24b796d5a048ff273f7fcc4a7b6c09	2026-10-03T18:07:19.2233877Z http.https://github.com/.extraheader
check	Run actions/checkout@fbc6f3992d24b796d5a048ff273f7fcc4a7b6c09	2026-10-03T18:07:19.2242311Z [command]/usr/bin/git config --local --unset-all http.https://github.com/.extraheader
check	Run actions/checkout@fbc6f3992d24b796d5a048ff273f7fcc4a7b6c09	2026-10-03T18:07:19.2278967Z [command]/usr/bin/git submodule foreach --recursive sh -c "git config --local --name-only --get-regexp 'http\.https\:\/\/github\.com\/\.extraheader' && git config --local --unset-all 'http.https://github.com/.extraheader' || :"
check	Run actions/checkout@fbc6f3992d24b796d5a048ff273f7fcc4a7b6c09	2026-10-03T18:07:19.2514655Z [command]/usr/bin/git config --local --name-only --get-regexp ^includeIf\.gitdir:
check	Run actions/checkout@fbc6f3992d24b796d5a048ff273f7fcc4a7b6c09	2026-10-03T18:07:19.2549099Z [command]/usr/bin/git submodule foreach --recursive git config --local --show-origin --name-only --get-regexp remote.origin.url
check	Run actions/checkout@fbc6f3992d24b796d5a048ff273f7fcc4a7b6c09	2026-10-03T18:07:19.2781648Z ##[endgroup]
check	Run actions/setup-python@ece7cb06caefa5fff74198d8649806c4678c61a1	﻿2026-10-03T18:07:19.3109709Z ##[group]Run actions/setup-python@ece7cb06caefa5fff74198d8649806c4678c61a1
check	Run actions/setup-python@ece7cb06caefa5fff74198d8649806c4678c61a1	2026-10-03T18:07:19.3110148Z with:
check	Run actions/setup-python@ece7cb06caefa5fff74198d8649806c4678c61a1	2026-10-03T18:07:19.3110357Z   python-version: 3.13
check	Run actions/setup-python@ece7cb06caefa5fff74198d8649806c4678c61a1	2026-10-03T18:07:19.3110585Z   check-latest: false
check	Run actions/setup-python@ece7cb06caefa5fff74198d8649806c4678c61a1	2026-10-03T18:07:19.3113185Z   token: ***
check	Run actions/setup-python@ece7cb06caefa5fff74198d8649806c4678c61a1	2026-10-03T18:07:19.3113403Z   update-environment: true
check	Run actions/setup-python@ece7cb06caefa5fff74198d8649806c4678c61a1	2026-10-03T18:07:19.3113649Z   allow-prereleases: false
check	Run actions/setup-python@ece7cb06caefa5fff74198d8649806c4678c61a1	2026-10-03T18:07:19.3114100Z   freethreaded: false
check	Run actions/setup-python@ece7cb06caefa5fff74198d8649806c4678c61a1	2026-10-03T18:07:19.3114317Z ##[endgroup]
check	Run actions/setup-python@ece7cb06caefa5fff74198d8649806c4678c61a1	2026-10-03T18:07:19.4427924Z ##[group]Installed versions
check	Run actions/setup-python@ece7cb06caefa5fff74198d8649806c4678c61a1	2026-10-03T18:07:19.4522371Z Successfully set up CPython (3.13.15)
check	Run actions/setup-python@ece7cb06caefa5fff74198d8649806c4678c61a1	2026-10-03T18:07:19.4523489Z ##[endgroup]
check	Compile and run offline checks	﻿2026-10-03T18:07:19.4682807Z ##[group]Run python -m compileall -q coinquant research tests
check	Compile and run offline checks	2026-10-03T18:07:19.4683625Z [36;1mpython -m compileall -q coinquant research tests[0m
check	Compile and run offline checks	2026-10-03T18:07:19.4684530Z [36;1mpython -m unittest discover -s tests -v[0m
check	Compile and run offline checks	2026-10-03T18:07:19.5036925Z shell: /usr/bin/bash -e {0}
check	Compile and run offline checks	2026-10-03T18:07:19.5037325Z env:
check	Compile and run offline checks	2026-10-03T18:07:19.5037715Z   pythonLocation: /opt/hostedtoolcache/Python/3.13.15/x64
check	Compile and run offline checks	2026-10-03T18:07:19.5038388Z   PKG_CONFIG_PATH: /opt/hostedtoolcache/Python/3.13.15/x64/lib/pkgconfig
check	Compile and run offline checks	2026-10-03T18:07:19.5039012Z   Python_ROOT_DIR: /opt/hostedtoolcache/Python/3.13.15/x64
check	Compile and run offline checks	2026-10-03T18:07:19.5039569Z   Python2_ROOT_DIR: /opt/hostedtoolcache/Python/3.13.15/x64
check	Compile and run offline checks	2026-10-03T18:07:19.5040124Z   Python3_ROOT_DIR: /opt/hostedtoolcache/Python/3.13.15/x64
check	Compile and run offline checks	2026-10-03T18:07:19.5040735Z   LD_LIBRARY_PATH: /opt/hostedtoolcache/Python/3.13.15/x64/lib
check	Compile and run offline checks	2026-10-03T18:07:19.5041200Z ##[endgroup]
check	Compile and run offline checks	2026-10-03T18:07:21.1818027Z test_contract_identity_and_gates (test_acceptance.AcceptanceTests.test_contract_identity_and_gates) ... ok
check	Compile and run offline checks	2026-10-03T18:07:21.1820368Z test_exact_target_boundaries (test_acceptance.AcceptanceTests.test_exact_target_boundaries) ... ok
check	Compile and run offline checks	2026-10-03T18:07:21.1943554Z test_recorded_default_and_evidence_identity (test_acceptance.AcceptanceTests.test_recorded_default_and_evidence_identity) ... ok
check	Compile and run offline checks	2026-10-03T18:07:21.2492852Z test_recorded_numbers_are_the_ones_in_their_evidence_files (test_acceptance.AcceptanceTests.test_recorded_numbers_are_the_ones_in_their_evidence_files) ... ok
check	Compile and run offline checks	2026-10-03T18:07:21.2525358Z test_calibration_binding_rejects_future_mismatch_nonfinite_and_scales_only_new_sizing (test_alpha_perp.AlphaTests.test_calibration_binding_rejects_future_mismatch_nonfinite_and_scales_only_new_sizing) ... ok
check	Compile and run offline checks	2026-10-03T18:07:21.2543449Z test_checkpoint_roundtrip_identity_digest_and_provenance (test_alpha_perp.AlphaTests.test_checkpoint_roundtrip_identity_digest_and_provenance) ... ok
check	Compile and run offline checks	2026-10-03T18:07:21.2561179Z test_compression_uses_prior_high_atr_and_median_with_original_priority (test_alpha_perp.AlphaTests.test_compression_uses_prior_high_atr_and_median_with_original_priority) ... ok
check	Compile and run offline checks	2026-10-03T18:07:21.4097664Z test_cycle_failures_are_distinct_once_and_keep_actual_chronology (test_alpha_perp.AlphaTests.test_cycle_failures_are_distinct_once_and_keep_actual_chronology) ... ok
check	Compile and run offline checks	2026-10-03T18:07:21.4104958Z test_fresh_entry_age_chase_boundaries_owned_and_macro_unchanged (test_alpha_perp.AlphaTests.test_fresh_entry_age_chase_boundaries_owned_and_macro_unchanged) ... ok
check	Compile and run offline checks	2026-10-03T18:07:21.4107136Z test_hooks_restore_on_exception (test_alpha_perp.AlphaTests.test_hooks_restore_on_exception) ... ok
check	Compile and run offline checks	2026-10-03T18:07:21.9042560Z test_incumbent_noop_preserves_calls_clock_cash_fills_and_requests (test_alpha_perp.AlphaTests.test_incumbent_noop_preserves_calls_clock_cash_fills_and_requests) ... ok
check	Compile and run offline checks	2026-10-03T18:07:22.0765825Z test_macro_creation_provenance_survives_polls_checkpoint_and_owned_decisions (test_alpha_perp.AlphaTests.test_macro_creation_provenance_survives_polls_checkpoint_and_owned_decisions) ... ok
check	Compile and run offline checks	2026-10-03T18:07:22.4529717Z test_macro_diagnostic_closes_are_attached_only_after_execution (test_alpha_perp.AlphaTests.test_macro_diagnostic_closes_are_attached_only_after_execution) ... ok
check	Compile and run offline checks	2026-10-03T18:07:23.0044590Z test_real_lifecycle_trail_tightens_and_through_mark_reduces_without_macro_change (test_alpha_perp.AlphaTests.test_real_lifecycle_trail_tightens_and_through_mark_reduces_without_macro_change) ... ok
check	Compile and run offline checks	2026-10-03T18:07:23.5264751Z test_single_topup_partial_and_unknown_fills_recover_once_and_keep_protection (test_alpha_perp.AlphaTests.test_single_topup_partial_and_unknown_fills_recover_once_and_keep_protection) ... ok
check	Compile and run offline checks	2026-10-03T18:07:23.5272283Z test_trail_bar_state_excludes_entry_bar_and_makes_no_unattended_stop_change (test_alpha_perp.AlphaTests.test_trail_bar_state_excludes_entry_bar_and_makes_no_unattended_stop_change) ... ok
check	Compile and run offline checks	2026-10-03T18:07:23.6922394Z test_unknown_unaccepted_topup_is_not_resent (test_alpha_perp.AlphaTests.test_unknown_unaccepted_topup_is_not_resent) ... ok
check	Compile and run offline checks	2026-10-03T18:07:23.7190108Z test_explicit_missing_inside_retention_is_terminal_and_stays_terminal (test_audit_20260929.AbsentOrderTests.test_explicit_missing_inside_retention_is_terminal_and_stays_terminal) ... ok
check	Compile and run offline checks	2026-10-03T18:07:23.7448912Z test_missing_before_expiry_or_after_retention_stays_unknown (test_audit_20260929.AbsentOrderTests.test_missing_before_expiry_or_after_retention_stays_unknown) ... ok
check	Compile and run offline checks	2026-10-03T18:07:23.7516846Z test_same_account_in_two_directories_cannot_both_write (test_audit_20260929.AccountLockTests.test_same_account_in_two_directories_cannot_both_write) ... ok
check	Compile and run offline checks	2026-10-03T18:07:23.7879778Z test_close_sends_the_market_cap_then_the_remainder (test_audit_20260929.ExitSliceTests.test_close_sends_the_market_cap_then_the_remainder) ... ok
check	Compile and run offline checks	2026-10-03T18:07:23.7881867Z test_limit_entry_does_not_use_the_market_lot_cap (test_audit_20260929.QuantityRuleTests.test_limit_entry_does_not_use_the_market_lot_cap) ... ok
check	Compile and run offline checks	2026-10-03T18:07:23.8035075Z test_duplicate_client_id_and_triggering_stop_stay_unknown (test_audit_20260929.RejectCodeTests.test_duplicate_client_id_and_triggering_stop_stay_unknown) ... ok
check	Compile and run offline checks	2026-10-03T18:07:23.8114043Z test_lost_send_records_only_the_error_type (test_audit_20260929.RejectCodeTests.test_lost_send_records_only_the_error_type) ... ok
check	Compile and run offline checks	2026-10-03T18:07:23.8193002Z test_plain_parameter_rejection_is_still_terminal (test_audit_20260929.RejectCodeTests.test_plain_parameter_rejection_is_still_terminal) ... ok
check	Compile and run offline checks	2026-10-03T18:07:23.8199499Z test_names_and_output_roots_are_bounded (test_audit_20260929.TrialPathTests.test_names_and_output_roots_are_bounded) ... ok
check	Compile and run offline checks	2026-10-03T18:07:23.8284035Z test_a_fresh_gap_waits_and_an_old_gap_blocks (test_audit_20260929.WalletGapTests.test_a_fresh_gap_waits_and_an_old_gap_blocks) ... ok
check	Compile and run offline checks	2026-10-03T18:07:23.8517539Z test_documented_503_failures_are_terminal_and_other_503s_stay_unknown (tests.test_margin_intents.WriteClassificationTests.test_documented_503_failures_are_terminal_and_other_503s_stay_unknown) ... ok
check	Compile and run offline checks	2026-10-03T18:07:23.8597704Z test_documented_native_rejection_is_terminal (tests.test_margin_intents.WriteClassificationTests.test_documented_native_rejection_is_terminal) ... ok
check	Compile and run offline checks	2026-10-03T18:07:23.8695933Z test_expired_deadline_is_recorded_as_never_sent (tests.test_margin_intents.WriteClassificationTests.test_expired_deadline_is_recorded_as_never_sent) ... ok
check	Compile and run offline checks	2026-10-03T18:07:23.9003180Z test_lost_add_cannot_be_declared_rejected_from_age_and_missing_query (tests.test_margin_intents.WriteClassificationTests.test_lost_add_cannot_be_declared_rejected_from_age_and_missing_query) ... ok
check	Compile and run offline checks	2026-10-03T18:07:23.9266802Z test_margin_rejection_blocks_without_pending (tests.test_margin_intents.WriteClassificationTests.test_margin_rejection_blocks_without_pending) ... ok
check	Compile and run offline checks	2026-10-03T18:07:23.9353197Z test_missing_order_without_a_preparation_time_or_past_retention_stays_unknown (tests.test_margin_intents.WriteClassificationTests.test_missing_order_without_a_preparation_time_or_past_retention_stays_unknown) ... ok
check	Compile and run offline checks	2026-10-03T18:07:23.9418849Z test_numeric_margin_amount_is_parsed_exactly (tests.test_margin_intents.WriteClassificationTests.test_numeric_margin_amount_is_parsed_exactly) ... ok
check	Compile and run offline checks	2026-10-03T18:07:23.9709702Z test_overloaded_add_does_not_block_the_exit_of_the_existing_position (tests.test_margin_intents.WriteClassificationTests.test_overloaded_add_does_not_block_the_exit_of_the_existing_position) ... ok
check	Compile and run offline checks	2026-10-03T18:07:23.9776936Z test_read_rejections_remain_unknown (tests.test_margin_intents.WriteClassificationTests.test_read_rejections_remain_unknown) ... ok
check	Compile and run offline checks	2026-10-03T18:07:23.9941358Z test_unknown_execution_codes_and_server_errors_stay_pending (tests.test_margin_intents.WriteClassificationTests.test_unknown_execution_codes_and_server_errors_stay_pending) ... ok
check	Compile and run offline checks	2026-10-03T18:07:24.0053533Z test_a_live_writer_on_another_machine_blocks_the_next_open (test_audit_20260929.WriterHostTests.test_a_live_writer_on_another_machine_blocks_the_next_open) ... ok
check	Compile and run offline checks	2026-10-03T18:07:24.0074241Z test_execute_needs_trial_and_uid_before_credentials (test_audit_fixes.CliSmoke.test_execute_needs_trial_and_uid_before_credentials) ... blocked: write trial requires --trial and --authorize-uid
check	Compile and run offline checks	2026-10-03T18:07:24.0076153Z ok
check	Compile and run offline checks	2026-10-03T18:07:25.0513499Z test_run_defaults_to_observation_and_sends_no_write (test_audit_fixes.CliSmoke.test_run_defaults_to_observation_and_sends_no_write) ... read_only: 
check	Compile and run offline checks	2026-10-03T18:07:25.0521600Z ok
check	Compile and run offline checks	2026-10-03T18:07:25.0536488Z test_trial_options_without_execute_are_refused (test_audit_fixes.CliSmoke.test_trial_options_without_execute_are_refused) ... blocked: trial options require --execute
check	Compile and run offline checks	2026-10-03T18:07:25.0537775Z ok
check	Compile and run offline checks	2026-10-03T18:07:25.1690242Z test_cleanup_budget_never_passes_the_hard_deadline (test_audit_fixes.ExitPaths.test_cleanup_budget_never_passes_the_hard_deadline) ... ok
check	Compile and run offline checks	2026-10-03T18:07:25.2196837Z test_deadline_with_pending_intent_is_execution_unresolved (test_audit_fixes.ExitPaths.test_deadline_with_pending_intent_is_execution_unresolved) ... ok
check	Compile and run offline checks	2026-10-03T18:07:25.2747138Z test_interrupt_and_clock_failure_are_reported_with_phase (test_audit_fixes.ExitPaths.test_interrupt_and_clock_failure_are_reported_with_phase) ... ok
check	Compile and run offline checks	2026-10-03T18:07:25.3931884Z test_verified_session_is_not_unresolved (test_audit_fixes.ExitPaths.test_verified_session_is_not_unresolved) ... ok
check	Compile and run offline checks	2026-10-03T18:07:25.5103260Z test_entry_reply_lost_after_fill_is_found_by_identity_and_protected (test_audit_fixes.FirstFillToProtection.test_entry_reply_lost_after_fill_is_found_by_identity_and_protected) ... ok
check	Compile and run offline checks	2026-10-03T18:07:25.5935040Z test_stop_accepted_take_rejected_never_leaves_a_one_leg_position (test_audit_fixes.FirstFillToProtection.test_stop_accepted_take_rejected_never_leaves_a_one_leg_position) ... ok
check	Compile and run offline checks	2026-10-03T18:07:25.6822152Z test_unknown_margin_transfer_is_not_resent_and_position_stays_protected (test_audit_fixes.FirstFillToProtection.test_unknown_margin_transfer_is_not_resent_and_position_stays_protected) ... ok
check	Compile and run offline checks	2026-10-03T18:07:25.8342359Z test_audit_failure_does_not_stop_signal_exit (test_audit_fixes.FundsAuditGate.test_audit_failure_does_not_stop_signal_exit) ... ok
check	Compile and run offline checks	2026-10-03T18:07:25.8439768Z test_cache_is_bound_to_the_wallet_value_and_wallet_less_reads_do_not_settle (test_audit_fixes.FundsAuditGate.test_cache_is_bound_to_the_wallet_value_and_wallet_less_reads_do_not_settle) ... ok
check	Compile and run offline checks	2026-10-03T18:07:25.8963359Z test_final_income_audit_failure_is_reported_not_success (test_audit_fixes.FundsAuditGate.test_final_income_audit_failure_is_reported_not_success) ... ok
check	Compile and run offline checks	2026-10-03T18:07:25.9078623Z test_gap_that_income_never_explains_becomes_unexplained (test_audit_fixes.FundsAuditGate.test_gap_that_income_never_explains_becomes_unexplained) ... ok
check	Compile and run offline checks	2026-10-03T18:07:26.0195621Z test_unexplained_wallet_stops_top_up_but_keeps_protection (test_audit_fixes.FundsAuditGate.test_unexplained_wallet_stops_top_up_but_keeps_protection) ... ok
check	Compile and run offline checks	2026-10-03T18:07:26.0308530Z test_wallet_drop_without_income_never_opens_risk_and_late_income_clears_it (test_audit_fixes.FundsAuditGate.test_wallet_drop_without_income_never_opens_risk_and_late_income_clears_it) ... ok
check	Compile and run offline checks	2026-10-03T18:07:26.1644244Z test_outage_does_not_touch_a_primary_position_or_its_protection (test_audit_fixes.MacroFailurePolicy.test_outage_does_not_touch_a_primary_position_or_its_protection) ... ok
check	Compile and run offline checks	2026-10-03T18:07:26.2128808Z test_outage_on_a_flat_account_stops_new_risk_without_hiding_the_reason (test_audit_fixes.MacroFailurePolicy.test_outage_on_a_flat_account_stops_new_risk_without_hiding_the_reason) ... ok
check	Compile and run offline checks	2026-10-03T18:07:26.2251133Z test_sub_unit_residue_is_arithmetic_but_one_native_unit_is_a_gap (test_audit_fixes.NativePrecision.test_sub_unit_residue_is_arithmetic_but_one_native_unit_is_a_gap) ... ok
check	Compile and run offline checks	2026-10-03T18:07:26.3518559Z test_a_healthy_native_leg_keeps_the_block_without_reducing (test_audit_fixes.ReplacementFallback.test_a_healthy_native_leg_keeps_the_block_without_reducing) ... ok
check	Compile and run offline checks	2026-10-03T18:07:26.4886928Z test_unprotected_position_with_a_failing_replacement_is_reduced_not_left_open (test_audit_fixes.ReplacementFallback.test_unprotected_position_with_a_failing_replacement_is_reduced_not_left_open) ... ok
check	Compile and run offline checks	2026-10-03T18:07:26.4890973Z test_documented_rejection_is_terminal_and_transport_loss_is_not (test_audit_fixes.RestErrors.test_documented_rejection_is_terminal_and_transport_loss_is_not) ... ok
check	Compile and run offline checks	2026-10-03T18:07:26.4899196Z test_rate_limits_and_server_errors_stay_unknown_with_native_evidence (test_audit_fixes.RestErrors.test_rate_limits_and_server_errors_stay_unknown_with_native_evidence) ... ok
check	Compile and run offline checks	2026-10-03T18:07:26.4987463Z test_unknown_status_is_recorded_on_the_intent_and_never_terminal (test_audit_fixes.RestErrors.test_unknown_status_is_recorded_on_the_intent_and_never_terminal) ... ok
check	Compile and run offline checks	2026-10-03T18:07:26.4989464Z test_first_signal_interrupts_later_ones_are_ignored_and_handlers_restore (test_audit_fixes.Signals.test_first_signal_interrupts_later_ones_are_ignored_and_handlers_restore) ... ok
check	Compile and run offline checks	2026-10-03T18:07:26.5002112Z test_interrupt_before_the_session_is_an_explicit_unknown_report (test_audit_fixes.Signals.test_interrupt_before_the_session_is_an_explicit_unknown_report) ... unknown: Interrupted before or outside the bounded session; reconcile before any new action
check	Compile and run offline checks	2026-10-03T18:07:26.5004322Z ok
check	Compile and run offline checks	2026-10-03T18:07:26.6087946Z test_entry_records_its_sizing_capital_and_top_up_reports_current_capital (test_audit_fixes.SmallFundBoundaries.test_entry_records_its_sizing_capital_and_top_up_reports_current_capital) ... ok
check	Compile and run offline checks	2026-10-03T18:07:26.7124610Z test_lowered_capital_never_grows_the_position_back_to_the_old_target (test_audit_fixes.SmallFundBoundaries.test_lowered_capital_never_grows_the_position_back_to_the_old_target) ... ok
check	Compile and run offline checks	2026-10-03T18:07:26.8231035Z test_session_reports_exchange_leverage_apart_from_account_notional (test_audit_fixes.SmallFundBoundaries.test_session_reports_exchange_leverage_apart_from_account_notional) ... ok
check	Compile and run offline checks	2026-10-03T18:07:26.8240704Z test_failed_time_read_sends_no_signed_request (test_audit_fixes.StatusClock.test_failed_time_read_sends_no_signed_request) ... ok
check	Compile and run offline checks	2026-10-03T18:07:26.8257044Z test_main_reports_the_failure_and_exits_nonzero (test_audit_fixes.StatusClock.test_main_reports_the_failure_and_exits_nonzero) ... unknown: Binance server time unavailable; clock not aligned
check	Compile and run offline checks	2026-10-03T18:07:26.8258804Z ok
check	Compile and run offline checks	2026-10-03T18:07:26.8362918Z test_status_aligns_the_clock_before_the_first_signed_read (test_audit_fixes.StatusClock.test_status_aligns_the_clock_before_the_first_signed_read) ... ok
check	Compile and run offline checks	2026-10-03T18:07:26.8365847Z test_execution_blocked_before_credentials_or_network (test_binance_cli.BinanceCLI.test_execution_blocked_before_credentials_or_network) ... ok
check	Compile and run offline checks	2026-10-03T18:07:26.8511390Z test_incomplete_replacement_is_visible_without_pending_order (test_binance_cli.BinanceCLI.test_incomplete_replacement_is_visible_without_pending_order) ... ok
check	Compile and run offline checks	2026-10-03T18:07:26.8523977Z test_missing_named_credentials_blocks_before_network (test_binance_cli.BinanceCLI.test_missing_named_credentials_blocks_before_network) ... ok
check	Compile and run offline checks	2026-10-03T18:07:26.8640432Z test_observation_saves_bound_account_report_without_decision (test_binance_cli.BinanceCLI.test_observation_saves_bound_account_report_without_decision) ... ok
check	Compile and run offline checks	2026-10-03T18:07:26.8913619Z test_pending_recovery_refreshes_account_and_keeps_unknown_blocked (test_binance_cli.BinanceCLI.test_pending_recovery_refreshes_account_and_keeps_unknown_blocked) ... ok
check	Compile and run offline checks	2026-10-03T18:07:26.8917536Z test_unknown_configuration_fields_are_rejected (test_binance_cli.BinanceCLI.test_unknown_configuration_fields_are_rejected) ... ok
check	Compile and run offline checks	2026-10-03T18:07:26.9096925Z test_canceled_parent_still_queries_partially_filled_child (test_binance_intent_read.IntentRead.test_canceled_parent_still_queries_partially_filled_child) ... ok
check	Compile and run offline checks	2026-10-03T18:07:26.9270236Z test_missing_history_never_becomes_retry_permission (test_binance_intent_read.IntentRead.test_missing_history_never_becomes_retry_permission) ... ok
check	Compile and run offline checks	2026-10-03T18:07:26.9538997Z test_checkpoint_pages_without_truncation (test_binance_market.NativeMarket.test_checkpoint_pages_without_truncation) ... ok
check	Compile and run offline checks	2026-10-03T18:07:26.9724730Z test_completed_boundary_and_missing_or_forming_candle (test_binance_market.NativeMarket.test_completed_boundary_and_missing_or_forming_candle) ... ok
check	Compile and run offline checks	2026-10-03T18:07:26.9727501Z test_common_increment_and_incomplete_filters (test_binance_quantity.QuantityTests.test_common_increment_and_incomplete_filters) ... ok
check	Compile and run offline checks	2026-10-03T18:07:26.9730026Z test_preserves_risk_budget_and_applies_minimum_and_market_cap (test_binance_quantity.QuantityTests.test_preserves_risk_budget_and_applies_minimum_and_market_cap) ... ok
check	Compile and run offline checks	2026-10-03T18:07:27.0256156Z test_bounded_snapshot_does_not_turn_racing_wallet_into_stable_state (test_binance_readonly.BinanceReadTests.test_bounded_snapshot_does_not_turn_racing_wallet_into_stable_state) ... ok
check	Compile and run offline checks	2026-10-03T18:07:27.0258382Z test_missing_or_wrong_account_mode_blocks (test_binance_readonly.BinanceReadTests.test_missing_or_wrong_account_mode_blocks) ... ok
check	Compile and run offline checks	2026-10-03T18:07:27.0260467Z test_out_of_scope_request_and_redirect_blocked (test_binance_readonly.BinanceReadTests.test_out_of_scope_request_and_redirect_blocked) ... ok
check	Compile and run offline checks	2026-10-03T18:07:27.0262760Z test_public_get_never_sends_key_or_signature (test_binance_readonly.BinanceReadTests.test_public_get_never_sends_key_or_signature) ... ok
check	Compile and run offline checks	2026-10-03T18:07:27.0264941Z test_signs_exact_query_and_returns_only_uid (test_binance_readonly.BinanceReadTests.test_signs_exact_query_and_returns_only_uid) ... ok
check	Compile and run offline checks	2026-10-03T18:07:27.0266989Z test_unavailable_is_unknown_and_error_does_not_leak_secrets (test_binance_readonly.BinanceReadTests.test_unavailable_is_unknown_and_error_does_not_leak_secrets) ... ok
check	Compile and run offline checks	2026-10-03T18:07:27.0269954Z test_usdt_equity_full_protection_and_remainder_are_distinct (test_binance_readonly.BinanceReadTests.test_usdt_equity_full_protection_and_remainder_are_distinct) ... ok
check	Compile and run offline checks	2026-10-03T18:07:27.0553274Z test_canceled_parent_cannot_hide_working_child (test_binance_recovery.RecoveryTests.test_canceled_parent_cannot_hide_working_child) ... ok
check	Compile and run offline checks	2026-10-03T18:07:27.0863552Z test_late_missing_order_stays_unknown_then_original_fill_recovers (test_binance_recovery.RecoveryTests.test_late_missing_order_stays_unknown_then_original_fill_recovers) ... ok
check	Compile and run offline checks	2026-10-03T18:07:27.1167591Z test_old_false_rejection_reopens_without_resending_or_claiming_external_fill (test_binance_recovery.RecoveryTests.test_old_false_rejection_reopens_without_resending_or_claiming_external_fill) ... ok
check	Compile and run offline checks	2026-10-03T18:07:27.1437057Z test_payload_mismatch_and_unknown_intent_kind_stay_unknown (test_binance_recovery.RecoveryTests.test_payload_mismatch_and_unknown_intent_kind_stay_unknown) ... ok
check	Compile and run offline checks	2026-10-03T18:07:27.1712818Z test_readonly_recovers_algo_cancel_only_after_child_terminal (test_binance_recovery.RecoveryTests.test_readonly_recovers_algo_cancel_only_after_child_terminal) ... ok
check	Compile and run offline checks	2026-10-03T18:07:27.1985616Z test_terminal_partial_fill_and_unknown_are_independent (test_binance_recovery.RecoveryTests.test_terminal_partial_fill_and_unknown_are_independent) ... ok
check	Compile and run offline checks	2026-10-03T18:07:27.2383302Z test_child_still_working_stays_unknown (test_binance_replace.PartialFillReplacementTests.test_child_still_working_stays_unknown) ... ok
check	Compile and run offline checks	2026-10-03T18:07:27.2819227Z test_flat_after_partial_fill_cleans_up_without_reopening (test_binance_replace.PartialFillReplacementTests.test_flat_after_partial_fill_cleans_up_without_reopening) ... ok
check	Compile and run offline checks	2026-10-03T18:07:27.3286048Z test_old_leg_filled_keeps_healthy_new_pair_and_finishes (test_binance_replace.PartialFillReplacementTests.test_old_leg_filled_keeps_healthy_new_pair_and_finishes) ... ok
check	Compile and run offline checks	2026-10-03T18:07:27.3815617Z test_spent_new_leg_rotates_to_fresh_generation_without_reusing_spent_id (test_binance_replace.PartialFillReplacementTests.test_spent_new_leg_rotates_to_fresh_generation_without_reusing_spent_id) ... ok
check	Compile and run offline checks	2026-10-03T18:07:27.4215074Z test_unexplained_or_oversized_change_stays_unknown (test_binance_replace.PartialFillReplacementTests.test_unexplained_or_oversized_change_stays_unknown) ... ok
check	Compile and run offline checks	2026-10-03T18:07:27.4612586Z test_authorized_reduce_remains_available_with_unknown_owned_cancel (test_binance_replace.ReplacementTests.test_authorized_reduce_remains_available_with_unknown_owned_cancel) ... ok
check	Compile and run offline checks	2026-10-03T18:07:27.5049027Z test_cancel_timeout_after_acceptance_settles_by_query (test_binance_replace.ReplacementTests.test_cancel_timeout_after_acceptance_settles_by_query) ... ok
check	Compile and run offline checks	2026-10-03T18:07:27.5383001Z test_canceled_parent_working_child_blocks (test_binance_replace.ReplacementTests.test_canceled_parent_working_child_blocks) ... ok
check	Compile and run offline checks	2026-10-03T18:07:27.5690701Z test_changed_replacement_request_cannot_bypass_pending_operation (test_binance_replace.ReplacementTests.test_changed_replacement_request_cannot_bypass_pending_operation) ... ok
check	Compile and run offline checks	2026-10-03T18:07:27.6114794Z test_flat_after_cancel_cleanup_does_not_reopen (test_binance_replace.ReplacementTests.test_flat_after_cancel_cleanup_does_not_reopen) ... ok
check	Compile and run offline checks	2026-10-03T18:07:27.6405138Z test_lost_ownership_blocks_without_writes (test_binance_replace.ReplacementTests.test_lost_ownership_blocks_without_writes) ... ok
check	Compile and run offline checks	2026-10-03T18:07:27.6838711Z test_new_pair_before_old_cancel_and_restart_no_writes (test_binance_replace.ReplacementTests.test_new_pair_before_old_cancel_and_restart_no_writes) ... ok
check	Compile and run offline checks	2026-10-03T18:07:27.7153705Z test_new_rejection_retains_old_and_never_retries (test_binance_replace.ReplacementTests.test_new_rejection_retains_old_and_never_retries) ... ok
check	Compile and run offline checks	2026-10-03T18:07:27.7521628Z test_partial_exposure_restart_keeps_existing_protections (test_binance_replace.ReplacementTests.test_partial_exposure_restart_keeps_existing_protections) ... ok
check	Compile and run offline checks	2026-10-03T18:07:27.7819755Z test_price_already_through_new_stop_keeps_old_protection (test_binance_replace.ReplacementTests.test_price_already_through_new_stop_keeps_old_protection) ... ok
check	Compile and run offline checks	2026-10-03T18:07:27.8104697Z test_replacement_default_read_only (test_binance_replace.ReplacementTests.test_replacement_default_read_only) ... ok
check	Compile and run offline checks	2026-10-03T18:07:27.8586989Z test_restart_resumes_accepted_cancel_without_resend (test_binance_replace.ReplacementTests.test_restart_resumes_accepted_cancel_without_resend) ... ok
check	Compile and run offline checks	2026-10-03T18:07:27.9054047Z test_short_replacement_uses_buy_close_all_without_quantity (test_binance_replace.ReplacementTests.test_short_replacement_uses_buy_close_all_without_quantity) ... ok
check	Compile and run offline checks	2026-10-03T18:07:27.9636630Z test_unknown_cancel_is_not_repeated (test_binance_replace.ReplacementTests.test_unknown_cancel_is_not_repeated) ... ok
check	Compile and run offline checks	2026-10-03T18:07:27.9932030Z test_cancel_fill_race_returns_real_exposure (test_binance_safety.SafetyTests.test_cancel_fill_race_returns_real_exposure) ... ok
check	Compile and run offline checks	2026-10-03T18:07:28.0176719Z test_default_does_not_write (test_binance_safety.SafetyTests.test_default_does_not_write) ... ok
check	Compile and run offline checks	2026-10-03T18:07:28.0447316Z test_model_margin_target_readback (test_binance_safety.SafetyTests.test_model_margin_target_readback) ... ok
check	Compile and run offline checks	2026-10-03T18:07:28.0721706Z test_new_entry_remainder_between_legs_stops_writes (test_binance_safety.SafetyTests.test_new_entry_remainder_between_legs_stops_writes) ... ok
check	Compile and run offline checks	2026-10-03T18:07:28.0978682Z test_no_open_order_is_not_proof_unknown_entry_cannot_arrive (test_binance_safety.SafetyTests.test_no_open_order_is_not_proof_unknown_entry_cannot_arrive) ... ok
check	Compile and run offline checks	2026-10-03T18:07:28.1271857Z test_partial_exposure_close_all_and_idempotent_recovery (test_binance_safety.SafetyTests.test_partial_exposure_close_all_and_idempotent_recovery) ... ok
check	Compile and run offline checks	2026-10-03T18:07:28.1561287Z test_reduce_only_below_entry_min_notional_can_close (test_binance_safety.SafetyTests.test_reduce_only_below_entry_min_notional_can_close) ... ok
check	Compile and run offline checks	2026-10-03T18:07:28.1843135Z test_reduce_only_never_reverses (test_binance_safety.SafetyTests.test_reduce_only_never_reverses) ... ok
check	Compile and run offline checks	2026-10-03T18:07:28.2094175Z test_remainder_blocks_protection (test_binance_safety.SafetyTests.test_remainder_blocks_protection) ... ok
check	Compile and run offline checks	2026-10-03T18:07:28.2358926Z test_stop_fill_between_legs_prevents_stale_take_write (test_binance_safety.SafetyTests.test_stop_fill_between_legs_prevents_stale_take_write) ... ok
check	Compile and run offline checks	2026-10-03T18:07:28.2666041Z test_timeout_after_acceptance_is_queried (test_binance_safety.SafetyTests.test_timeout_after_acceptance_is_queried) ... ok
check	Compile and run offline checks	2026-10-03T18:07:28.2937202Z test_unknown_margin_blocks_different_epoch (test_binance_safety.SafetyTests.test_unknown_margin_blocks_different_epoch) ... ok
check	Compile and run offline checks	2026-10-03T18:07:28.3212958Z test_unknown_missing_never_retries (test_binance_safety.SafetyTests.test_unknown_missing_never_retries) ... ok
check	Compile and run offline checks	2026-10-03T18:07:28.3222446Z test_candle_weight_tracks_page_size_and_reserves_before_request (test_binance_writer.WriterTests.test_candle_weight_tracks_page_size_and_reserves_before_request) ... ok
check	Compile and run offline checks	2026-10-03T18:07:28.3225005Z test_default_read_only_and_unbounded_entries_rejected_before_network (test_binance_writer.WriterTests.test_default_read_only_and_unbounded_entries_rejected_before_network) ... ok
check	Compile and run offline checks	2026-10-03T18:07:28.3228522Z test_rate_limit_cooldown_prevents_poll_storm (test_binance_writer.WriterTests.test_rate_limit_cooldown_prevents_poll_storm) ... ok
check	Compile and run offline checks	2026-10-03T18:07:28.3233019Z test_signed_order_is_sent_once_without_account_setting_capability (test_binance_writer.WriterTests.test_signed_order_is_sent_once_without_account_setting_capability) ... ok
check	Compile and run offline checks	2026-10-03T18:07:28.3235857Z test_transport_timeout_is_unknown_and_never_retried (test_binance_writer.WriterTests.test_transport_timeout_is_unknown_and_never_retried) ... ok
check	Compile and run offline checks	2026-10-03T18:07:28.3243012Z test_checkpoint_of_another_version_blocks (test_campaign.CampaignTests.test_checkpoint_of_another_version_blocks) ... ok
check	Compile and run offline checks	2026-10-03T18:07:28.3246251Z test_consumption_and_unknown_position (test_campaign.CampaignTests.test_consumption_and_unknown_position) ... ok
check	Compile and run offline checks	2026-10-03T18:07:28.3949685Z test_every_prefix_survives_serialized_restart (test_campaign.CampaignTests.test_every_prefix_survives_serialized_restart) ... ok
check	Compile and run offline checks	2026-10-03T18:07:28.4047303Z test_interrupted_bootstrap_resumes_only_verified_page (test_campaign.CampaignTests.test_interrupted_bootstrap_resumes_only_verified_page) ... ok
check	Compile and run offline checks	2026-10-03T18:07:28.4053303Z test_macro_cold_start_does_not_infer_old_unseen_campaign (test_campaign.CampaignTests.test_macro_cold_start_does_not_infer_old_unseen_campaign) ... ok
check	Compile and run offline checks	2026-10-03T18:07:28.4055472Z test_missing_history_and_corrupt_checkpoint_block (test_campaign.CampaignTests.test_missing_history_and_corrupt_checkpoint_block) ... ok
check	Compile and run offline checks	2026-10-03T18:07:28.4065797Z test_promoted_macro_priority_consumption_and_restart (test_campaign.CampaignTests.test_promoted_macro_priority_consumption_and_restart) ... ok
check	Compile and run offline checks	2026-10-03T18:07:28.4158584Z test_read_only_resume_and_unknown_ownership (test_campaign.CampaignTests.test_read_only_resume_and_unknown_ownership) ... ok
check	Compile and run offline checks	2026-10-03T18:07:28.4160580Z test_closed_account_matches_fills_costs_and_full_cash_ledger (test_comparison_report.AccountAuditTests.test_closed_account_matches_fills_costs_and_full_cash_ledger) ... ok
check	Compile and run offline checks	2026-10-03T18:07:28.4163694Z test_missing_fill_wrong_wallet_and_external_flow_invalidate_account (test_comparison_report.AccountAuditTests.test_missing_fill_wrong_wallet_and_external_flow_invalidate_account) ... ok
check	Compile and run offline checks	2026-10-03T18:07:28.4173141Z test_budget_initial_peak_includes_only_conversion_cost (test_complete_perp.CompletePerpTests.test_budget_initial_peak_includes_only_conversion_cost) ... ok
check	Compile and run offline checks	2026-10-03T18:07:28.4210403Z test_checkpoint_daily_state_and_candidate_identity (test_complete_perp.CompletePerpTests.test_checkpoint_daily_state_and_candidate_identity) ... ok
check	Compile and run offline checks	2026-10-03T18:07:28.4240313Z test_conditional_short_requires_decline_and_one_way_ownership (test_complete_perp.CompletePerpTests.test_conditional_short_requires_decline_and_one_way_ownership) ... ok
check	Compile and run offline checks	2026-10-03T18:07:28.4245441Z test_features_ignore_future_and_expire (test_complete_perp.CompletePerpTests.test_features_ignore_future_and_expire) ... ok
check	Compile and run offline checks	2026-10-03T18:07:28.4274633Z test_filters_only_block_new_longs_not_hold_or_reduction (test_complete_perp.CompletePerpTests.test_filters_only_block_new_longs_not_hold_or_reduction) ... ok
check	Compile and run offline checks	2026-10-03T18:07:28.4278607Z test_initial_fx_precedes_metric_and_daily_boundary_uses_boundary_fx (test_complete_perp.CompletePerpTests.test_initial_fx_precedes_metric_and_daily_boundary_uses_boundary_fx) ... ok
check	Compile and run offline checks	2026-10-03T18:07:28.5615528Z test_public_restore_includes_september_funding_without_price_extension (test_complete_perp.CompletePerpTests.test_public_restore_includes_september_funding_without_price_extension) ... ok
check	Compile and run offline checks	2026-10-03T18:07:28.5622645Z test_research_terminal_excludes_only_end_funding_and_never_executes (test_complete_perp.CompletePerpTests.test_research_terminal_excludes_only_end_funding_and_never_executes) ... ok
check	Compile and run offline checks	2026-10-03T18:07:28.5651731Z test_slow_trend_primary_priority_owned_stop_and_break (test_complete_perp.CompletePerpTests.test_slow_trend_primary_priority_owned_stop_and_break) ... ok
check	Compile and run offline checks	2026-10-03T18:07:28.5654211Z test_tail_recent_shock_reduces_fraction_without_other_knobs (test_complete_perp.CompletePerpTests.test_tail_recent_shock_reduces_fraction_without_other_knobs) ... ok
check	Compile and run offline checks	2026-10-03T18:07:28.5659972Z test_terminal_derivation_preserves_history_and_reconstructs_cash (test_complete_perp.CompletePerpTests.test_terminal_derivation_preserves_history_and_reconstructs_cash) ... ok
check	Compile and run offline checks	2026-10-03T18:07:28.6351894Z test_official_sparse_vintages_are_reconstructed_only_as_of_call (test_dfii10.DFII10Tests.test_official_sparse_vintages_are_reconstructed_only_as_of_call) ... ok
check	Compile and run offline checks	2026-10-03T18:07:28.6368701Z test_raw_response_is_stored_atomically_verified_and_repaired (test_dfii10.RawStoreTests.test_raw_response_is_stored_atomically_verified_and_repaired) ... ok
check	Compile and run offline checks	2026-10-03T18:07:28.6400538Z test_changed_columns_or_non_zip_answers_are_unknown_not_a_stale_value (test_dfii10.SourceFailureTests.test_changed_columns_or_non_zip_answers_are_unknown_not_a_stale_value) ... ok
check	Compile and run offline checks	2026-10-03T18:07:28.6477865Z test_failure_defers_retries_and_success_is_reused_for_fifteen_minutes (test_dfii10.SourceFailureTests.test_failure_defers_retries_and_success_is_reused_for_fifteen_minutes) ... ok
check	Compile and run offline checks	2026-10-03T18:07:28.6485841Z test_basis_before_at_and_current_utc_availability_date (test_edge_features.FeatureTests.test_basis_before_at_and_current_utc_availability_date) ... ok
check	Compile and run offline checks	2026-10-03T18:07:28.6503358Z test_coverage_is_recomputed_and_tracks_exact_jitter_gap (test_edge_features.FeatureTests.test_coverage_is_recomputed_and_tracks_exact_jitter_gap) ... ok
check	Compile and run offline checks	2026-10-03T18:07:28.6518144Z test_duplicate_json_keys_and_nonfinite_json_numbers_reject (test_edge_features.FeatureTests.test_duplicate_json_keys_and_nonfinite_json_numbers_reject) ... ok
check	Compile and run offline checks	2026-10-03T18:07:28.6524422Z test_empty_features_are_missing_never_zero (test_edge_features.FeatureTests.test_empty_features_are_missing_never_zero) ... ok
check	Compile and run offline checks	2026-10-03T18:07:28.6560849Z test_file_content_and_source_identity_checks (test_edge_features.FeatureTests.test_file_content_and_source_identity_checks) ... ok
check	Compile and run offline checks	2026-10-03T18:07:28.6568103Z test_frozen_window_blocks_valid_tail_and_before_window (test_edge_features.FeatureTests.test_frozen_window_blocks_valid_tail_and_before_window) ... ok
check	Compile and run offline checks	2026-10-03T18:07:28.6575026Z test_funding_before_at_and_exact_expiry_with_negative_rate (test_edge_features.FeatureTests.test_funding_before_at_and_exact_expiry_with_negative_rate) ... ok
check	Compile and run offline checks	2026-10-03T18:07:28.6588904Z test_future_tail_perturbation_cannot_change_prior_decisions (test_edge_features.FeatureTests.test_future_tail_perturbation_cannot_change_prior_decisions) ... ok
check	Compile and run offline checks	2026-10-03T18:07:28.6625454Z test_invalid_and_nonfinite_decimal_values (test_edge_features.FeatureTests.test_invalid_and_nonfinite_decimal_values) ... ok
check	Compile and run offline checks	2026-10-03T18:07:28.6645000Z test_invalid_container_shapes_reject (test_edge_features.FeatureTests.test_invalid_container_shapes_reject) ... ok
check	Compile and run offline checks	2026-10-03T18:07:28.6651560Z test_invalid_lookup_names_and_times_reject (test_edge_features.FeatureTests.test_invalid_lookup_names_and_times_reject) ... ok
check	Compile and run offline checks	2026-10-03T18:07:28.6727598Z test_invalid_time_lag_boundary_and_order_records (test_edge_features.FeatureTests.test_invalid_time_lag_boundary_and_order_records) ... ok
check	Compile and run offline checks	2026-10-03T18:07:28.6734173Z test_lookup_journal_binds_input_sources_and_missing_cause (test_edge_features.FeatureTests.test_lookup_journal_binds_input_sources_and_missing_cause) ... ok
check	Compile and run offline checks	2026-10-03T18:07:28.6740795Z test_missing_day_is_explicit_and_cannot_carry_yesterdays_basis (test_edge_features.FeatureTests.test_missing_day_is_explicit_and_cannot_carry_yesterdays_basis) ... ok
check	Compile and run offline checks	2026-10-03T18:07:28.6762936Z test_null_requires_cause_and_known_value_cannot_have_one (test_edge_features.FeatureTests.test_null_requires_cause_and_known_value_cannot_have_one) ... ok
check	Compile and run offline checks	2026-10-03T18:07:28.6768038Z test_registered_rules_are_finite_and_project_bound (test_edge_features.FeatureTests.test_registered_rules_are_finite_and_project_bound) ... ok
check	Compile and run offline checks	2026-10-03T18:07:28.6774619Z test_settlement_jitter_is_not_repaired_or_tolerated (test_edge_features.FeatureTests.test_settlement_jitter_is_not_repaired_or_tolerated) ... ok
check	Compile and run offline checks	2026-10-03T18:07:28.6801088Z test_actual_acquisition_stamps_retained_bytes_and_rejects_redirect (test_edge_forward.ForwardTests.test_actual_acquisition_stamps_retained_bytes_and_rejects_redirect) ... ok
check	Compile and run offline checks	2026-10-03T18:07:28.7075675Z test_atomic_failure_preserves_original_and_source_change_blocks (test_edge_forward.ForwardTests.test_atomic_failure_preserves_original_and_source_change_blocks) ... ok
check	Compile and run offline checks	2026-10-03T18:07:28.7659833Z test_backfill_duplicate_future_and_gap_rejections_leave_bytes_unchanged (test_edge_forward.ForwardTests.test_backfill_duplicate_future_and_gap_rejections_leave_bytes_unchanged) ... ok
check	Compile and run offline checks	2026-10-03T18:07:28.7662890Z test_bearish_ordinary_full_exit_restores_then_requires_fresh_cross (test_edge_forward.ForwardTests.test_bearish_ordinary_full_exit_restores_then_requires_fresh_cross) ... skipped 'Spot native full/partial ownership close'
check	Compile and run offline checks	2026-10-03T18:07:28.8192836Z test_coin_unplaceable_protection_rejects_model_size (test_edge_forward.ForwardTests.test_coin_unplaceable_protection_rejects_model_size) ... ok
check	Compile and run offline checks	2026-10-03T18:07:28.8195548Z test_complete_public_print_path_models_protection_with_exact_source (test_edge_forward.ForwardTests.test_complete_public_print_path_models_protection_with_exact_source) ... skipped 'trade-triggered spot stops only'
check	Compile and run offline checks	2026-10-03T18:07:28.9374221Z test_deferred_first_observation_is_only_warmup_then_native_fresh_cross (test_edge_forward.ForwardTests.test_deferred_first_observation_is_only_warmup_then_native_fresh_cross) ... ok
check	Compile and run offline checks	2026-10-03T18:07:28.9427401Z test_deferred_init_is_empty_source_bound_paper_cash (test_edge_forward.ForwardTests.test_deferred_init_is_empty_source_bound_paper_cash) ... ok
check	Compile and run offline checks	2026-10-03T18:07:28.9615332Z test_deferred_readiness_is_reconstructed_not_trusted (test_edge_forward.ForwardTests.test_deferred_readiness_is_reconstructed_not_trusted) ... ok
check	Compile and run offline checks	2026-10-03T18:07:28.9830674Z test_delayed_first_warmup_records_gap_without_past_decisions (test_edge_forward.ForwardTests.test_delayed_first_warmup_records_gap_without_past_decisions) ... ok
check	Compile and run offline checks	2026-10-03T18:07:28.9832962Z test_entry_day_prefill_wick_does_not_tighten_owned_stop (test_edge_forward.ForwardTests.test_entry_day_prefill_wick_does_not_tighten_owned_stop) ... skipped 'Spot fill-time-aware ownership'
check	Compile and run offline checks	2026-10-03T18:07:28.9848357Z test_funding_sign_no_past_cashflows_and_missing_is_not_zero (test_edge_forward.ForwardTests.test_funding_sign_no_past_cashflows_and_missing_is_not_zero) ... ok
check	Compile and run offline checks	2026-10-03T18:07:28.9949717Z test_fx_bad_publication_identity_latest_value_and_gaps_reject (test_edge_forward.ForwardTests.test_fx_bad_publication_identity_latest_value_and_gaps_reject) ... ok
check	Compile and run offline checks	2026-10-03T18:07:28.9969503Z test_fx_correct_csv_endpoint_and_html_metadata_only (test_edge_forward.ForwardTests.test_fx_correct_csv_endpoint_and_html_metadata_only) ... ok
check	Compile and run offline checks	2026-10-03T18:07:29.0016768Z test_fx_nested_raw_clock_url_tamper_and_paired_actual_fetch (test_edge_forward.ForwardTests.test_fx_nested_raw_clock_url_tamper_and_paired_actual_fetch) ... ok
check	Compile and run offline checks	2026-10-03T18:07:29.0045992Z test_fx_publication_freshness_exact_week_and_prior_date_rule (test_edge_forward.ForwardTests.test_fx_publication_freshness_exact_week_and_prior_date_rule) ... ok
check	Compile and run offline checks	2026-10-03T18:07:29.0196768Z test_initialization_is_actual_cold_start_and_exclusive (test_edge_forward.ForwardTests.test_initialization_is_actual_cold_start_and_exclusive) ... ok
check	Compile and run offline checks	2026-10-03T18:07:29.0402206Z test_invalid_paired_fx_keeps_init_and_append_unchanged (test_edge_forward.ForwardTests.test_invalid_paired_fx_keeps_init_and_append_unchanged) ... ok
check	Compile and run offline checks	2026-10-03T18:07:29.1049069Z test_macro_bootstrap_flag_and_checkpoint_tamper_reject_immutably (test_edge_forward.ForwardTests.test_macro_bootstrap_flag_and_checkpoint_tamper_reject_immutably) ... ok
check	Compile and run offline checks	2026-10-03T18:07:29.5198272Z test_macro_bootstrap_missing_then_preexisting_consumed_and_fresh_reeligible (test_edge_forward.ForwardTests.test_macro_bootstrap_missing_then_preexisting_consumed_and_fresh_reeligible) ... ok
check	Compile and run offline checks	2026-10-03T18:07:29.6378830Z test_macro_bootstrap_persists_on_missing_book_and_selection_failure_is_atomic (test_edge_forward.ForwardTests.test_macro_bootstrap_persists_on_missing_book_and_selection_failure_is_atomic) ... ok
check	Compile and run offline checks	2026-10-03T18:07:29.6702016Z test_macro_cap_binds_executable_entry_and_keeps_original_target (test_edge_forward.ForwardTests.test_macro_cap_binds_executable_entry_and_keeps_original_target) ... ok
check	Compile and run offline checks	2026-10-03T18:07:29.7040566Z test_macro_depth_and_minimum_limits_do_not_relabel_target (test_edge_forward.ForwardTests.test_macro_depth_and_minimum_limits_do_not_relabel_target) ... ok
check	Compile and run offline checks	2026-10-03T18:07:29.7363187Z test_macro_volatility_target_uses_higher_mark_not_entry_price (test_edge_forward.ForwardTests.test_macro_volatility_target_uses_higher_mark_not_entry_price) ... ok
check	Compile and run offline checks	2026-10-03T18:07:29.7624395Z test_missing_executable_depth_blocks_new_risk (test_edge_forward.ForwardTests.test_missing_executable_depth_blocks_new_risk) ... ok
check	Compile and run offline checks	2026-10-03T18:07:29.7627308Z test_partial_ordinary_exit_and_later_passive_exit_restore (test_edge_forward.ForwardTests.test_partial_ordinary_exit_and_later_passive_exit_restore) ... skipped 'Spot partial ownership and passive checkpoint'
check	Compile and run offline checks	2026-10-03T18:07:29.7972756Z test_pending_bad_history_source_and_atomic_failure_preserve_bytes (test_edge_forward.ForwardTests.test_pending_bad_history_source_and_atomic_failure_preserve_bytes) ... ok
check	Compile and run offline checks	2026-10-03T18:07:30.1640489Z test_pending_macro_bootstrap_reconsumes_primary_until_successful_selection (test_edge_forward.ForwardTests.test_pending_macro_bootstrap_reconsumes_primary_until_successful_selection) ... ok
check	Compile and run offline checks	2026-10-03T18:07:30.1970501Z test_primary_target_unchanged_and_fee_margin_limited_fill (test_edge_forward.ForwardTests.test_primary_target_unchanged_and_fee_margin_limited_fill) ... ok
check	Compile and run offline checks	2026-10-03T18:07:30.1973519Z test_prior_unresolved_span_blocks_later_local_passive_fill (test_edge_forward.ForwardTests.test_prior_unresolved_span_blocks_later_local_passive_fill) ... skipped 'Spot unresolved survival regression'
check	Compile and run offline checks	2026-10-03T18:07:30.2739284Z test_proposal_modeled_fill_fee_net_conservation_and_checkpoint (test_edge_forward.ForwardTests.test_proposal_modeled_fill_fee_net_conservation_and_checkpoint) ... ok
check	Compile and run offline checks	2026-10-03T18:07:30.3732551Z test_protective_ohlc_is_unknown_not_a_fabricated_stop_fill (test_edge_forward.ForwardTests.test_protective_ohlc_is_unknown_not_a_fabricated_stop_fill) ... ok
check	Compile and run offline checks	2026-10-03T18:07:30.3761122Z test_raw_alfred_vintage_parsing_and_future_rejection (test_edge_forward.ForwardTests.test_raw_alfred_vintage_parsing_and_future_rejection) ... ok
check	Compile and run offline checks	2026-10-03T18:07:30.3778392Z test_receipt_url_future_boundary_and_raw_tamper (test_edge_forward.ForwardTests.test_receipt_url_future_boundary_and_raw_tamper) ... ok
check	Compile and run offline checks	2026-10-03T18:07:30.3906466Z test_recomputed_checkpoint_tamper_and_missing_raw_are_rejected (test_edge_forward.ForwardTests.test_recomputed_checkpoint_tamper_and_missing_raw_are_rejected) ... ok
check	Compile and run offline checks	2026-10-03T18:07:30.4757633Z test_size_minimum_rounding_depth_and_no_topup (test_edge_forward.ForwardTests.test_size_minimum_rounding_depth_and_no_topup) ... ok
check	Compile and run offline checks	2026-10-03T18:07:30.4786554Z test_stale_and_nonfinite_book_rejected (test_edge_forward.ForwardTests.test_stale_and_nonfinite_book_rejected) ... ok
check	Compile and run offline checks	2026-10-03T18:07:30.4798667Z test_strict_json_numbers_and_duplicate_keys (test_edge_forward.ForwardTests.test_strict_json_numbers_and_duplicate_keys) ... ok
check	Compile and run offline checks	2026-10-03T18:07:30.5499684Z test_archive_metadata_equivalence_actual_protected_byte_rejection (test_edge_forward.SourceAndExportTests.test_archive_metadata_equivalence_actual_protected_byte_rejection) ... ok
check	Compile and run offline checks	2026-10-03T18:07:30.6111379Z test_executable_configuration_and_protocol_are_protected (test_edge_forward.SourceAndExportTests.test_executable_configuration_and_protocol_are_protected) ... ok
check	Compile and run offline checks	2026-10-03T18:07:30.6504136Z test_frozen_proof_exact_categories_records_and_adapter (test_edge_forward.SourceAndExportTests.test_frozen_proof_exact_categories_records_and_adapter) ... ok
check	Compile and run offline checks	2026-10-03T18:07:30.6721777Z test_checkpoint_rejects_extension_tampering_and_source_mismatch (test_edge_perp.EdgeTests.test_checkpoint_rejects_extension_tampering_and_source_mismatch) ... ok
check	Compile and run offline checks	2026-10-03T18:07:30.6732951Z test_cli_rejects_nonregistered_or_overwrite_before_measure (test_edge_perp.EdgeTests.test_cli_rejects_nonregistered_or_overwrite_before_measure) ... usage: python -m unittest [-h] [--market MARKET] [--prints PRINTS] [--fx FX]
check	Compile and run offline checks	2026-10-03T18:07:30.6734700Z                           --features FEATURES --out OUT [--limit LIMIT]
check	Compile and run offline checks	2026-10-03T18:07:30.6735462Z                           [--candidate {incumbent,quality-budget,cost-horizon,crowding-interaction}]
check	Compile and run offline checks	2026-10-03T18:07:30.6736481Z                           [--scenario {base,fees-x1.5,read-400ms,trigger-slip}]
check	Compile and run offline checks	2026-10-03T18:07:30.6737004Z                           [--combo COMBO]
check	Compile and run offline checks	2026-10-03T18:07:30.6737430Z                           [--risk-calibration RISK_CALIBRATION]
check	Compile and run offline checks	2026-10-03T18:07:30.6737896Z                           [--initial-cny INITIAL_CNY]
check	Compile and run offline checks	2026-10-03T18:07:30.6738343Z                           [--start-offset-ms {-60000,0,60000}]
check	Compile and run offline checks	2026-10-03T18:07:30.6738774Z                           [--restore-prints]
check	Compile and run offline checks	2026-10-03T18:07:30.6739486Z python -m unittest: error: incomplete smoke limit must be 1..795 and output under /tmp
check	Compile and run offline checks	2026-10-03T18:07:30.6742060Z usage: python -m unittest [-h] [--market MARKET] [--prints PRINTS] [--fx FX]
check	Compile and run offline checks	2026-10-03T18:07:30.6742838Z                           --features FEATURES --out OUT [--limit LIMIT]
check	Compile and run offline checks	2026-10-03T18:07:30.6743566Z                           [--candidate {incumbent,quality-budget,cost-horizon,crowding-interaction}]
check	Compile and run offline checks	2026-10-03T18:07:30.6744563Z                           [--scenario {base,fees-x1.5,read-400ms,trigger-slip}]
check	Compile and run offline checks	2026-10-03T18:07:30.6745096Z                           [--combo COMBO]
check	Compile and run offline checks	2026-10-03T18:07:30.6745519Z                           [--risk-calibration RISK_CALIBRATION]
check	Compile and run offline checks	2026-10-03T18:07:30.6745908Z                           [--initial-cny INITIAL_CNY]
check	Compile and run offline checks	2026-10-03T18:07:30.6746225Z                           [--start-offset-ms {-60000,0,60000}]
check	Compile and run offline checks	2026-10-03T18:07:30.6746529Z                           [--restore-prints]
check	Compile and run offline checks	2026-10-03T18:07:30.6747211Z python -m unittest: error: initial CNY must be registered 2500, 5000, 7500 or 10000
check	Compile and run offline checks	2026-10-03T18:07:30.6753034Z usage: python -m unittest [-h] [--market MARKET] [--prints PRINTS] [--fx FX]
check	Compile and run offline checks	2026-10-03T18:07:30.6754121Z                           --features FEATURES --out OUT [--limit LIMIT]
check	Compile and run offline checks	2026-10-03T18:07:30.6755077Z                           [--candidate {incumbent,quality-budget,cost-horizon,crowding-interaction}]
check	Compile and run offline checks	2026-10-03T18:07:30.6756102Z                           [--scenario {base,fees-x1.5,read-400ms,trigger-slip}]
check	Compile and run offline checks	2026-10-03T18:07:30.6756797Z                           [--combo COMBO]
check	Compile and run offline checks	2026-10-03T18:07:30.6757386Z                           [--risk-calibration RISK_CALIBRATION]
check	Compile and run offline checks	2026-10-03T18:07:30.6758004Z                           [--initial-cny INITIAL_CNY]
check	Compile and run offline checks	2026-10-03T18:07:30.6758600Z                           [--start-offset-ms {-60000,0,60000}]
check	Compile and run offline checks	2026-10-03T18:07:30.6759170Z                           [--restore-prints]
check	Compile and run offline checks	2026-10-03T18:07:30.6759980Z python -m unittest: error: capital/start diagnostics require one fixed candidate and base
check	Compile and run offline checks	2026-10-03T18:07:30.6763445Z usage: python -m unittest [-h] [--market MARKET] [--prints PRINTS] [--fx FX]
check	Compile and run offline checks	2026-10-03T18:07:30.6764552Z                           --features FEATURES --out OUT [--limit LIMIT]
check	Compile and run offline checks	2026-10-03T18:07:30.6765449Z                           [--candidate {incumbent,quality-budget,cost-horizon,crowding-interaction}]
check	Compile and run offline checks	2026-10-03T18:07:30.6766437Z                           [--scenario {base,fees-x1.5,read-400ms,trigger-slip}]
check	Compile and run offline checks	2026-10-03T18:07:30.6767118Z                           [--combo COMBO]
check	Compile and run offline checks	2026-10-03T18:07:30.6767699Z                           [--risk-calibration RISK_CALIBRATION]
check	Compile and run offline checks	2026-10-03T18:07:30.6768652Z                           [--initial-cny INITIAL_CNY]
check	Compile and run offline checks	2026-10-03T18:07:30.6769245Z                           [--start-offset-ms {-60000,0,60000}]
check	Compile and run offline checks	2026-10-03T18:07:30.6769821Z                           [--restore-prints]
check	Compile and run offline checks	2026-10-03T18:07:30.6770452Z python -m unittest: error: choose candidate or fixed combo
check	Compile and run offline checks	2026-10-03T18:07:30.6775670Z usage: python -m unittest [-h] [--market MARKET] [--prints PRINTS] [--fx FX]
check	Compile and run offline checks	2026-10-03T18:07:30.6776524Z                           --features FEATURES --out OUT [--limit LIMIT]
check	Compile and run offline checks	2026-10-03T18:07:30.6777455Z                           [--candidate {incumbent,quality-budget,cost-horizon,crowding-interaction}]
check	Compile and run offline checks	2026-10-03T18:07:30.6778449Z                           [--scenario {base,fees-x1.5,read-400ms,trigger-slip}]
check	Compile and run offline checks	2026-10-03T18:07:30.6779082Z                           [--combo COMBO]
check	Compile and run offline checks	2026-10-03T18:07:30.6779585Z                           [--risk-calibration RISK_CALIBRATION]
check	Compile and run offline checks	2026-10-03T18:07:30.6780394Z                           [--initial-cny INITIAL_CNY]
check	Compile and run offline checks	2026-10-03T18:07:30.6780929Z                           [--start-offset-ms {-60000,0,60000}]
check	Compile and run offline checks	2026-10-03T18:07:30.6781445Z                           [--restore-prints]
check	Compile and run offline checks	2026-10-03T18:07:30.6782032Z python -m unittest: error: never overwrite results or progress
check	Compile and run offline checks	2026-10-03T18:07:30.6782608Z ok
check	Compile and run offline checks	2026-10-03T18:07:30.6818086Z test_combo_reductions_multiply_and_components_reject_duplicates (test_edge_perp.EdgeTests.test_combo_reductions_multiply_and_components_reject_duplicates) ... ok
check	Compile and run offline checks	2026-10-03T18:07:30.6883505Z test_cost_exit_requires_actual_legal_decision_original_exits_win (test_edge_perp.EdgeTests.test_cost_exit_requires_actual_legal_decision_original_exits_win) ... ok
check	Compile and run offline checks	2026-10-03T18:07:30.6920705Z test_crowding_conjunction_equality_missing_and_independence (test_edge_perp.EdgeTests.test_crowding_conjunction_equality_missing_and_independence) ... ok
check	Compile and run offline checks	2026-10-03T18:07:30.7060905Z test_exact_project_calibration_schema (test_edge_perp.EdgeTests.test_exact_project_calibration_schema) ... ok
check	Compile and run offline checks	2026-10-03T18:07:30.7209822Z test_extension_crossed_bar_keeps_original_hold_and_roundtrips (test_edge_perp.EdgeTests.test_extension_crossed_bar_keeps_original_hold_and_roundtrips) ... ok
check	Compile and run offline checks	2026-10-03T18:07:30.7323331Z test_extension_only_actual_five_to_seven_days_once_and_protection_unchanged (test_edge_perp.EdgeTests.test_extension_only_actual_five_to_seven_days_once_and_protection_unchanged) ... ok
check	Compile and run offline checks	2026-10-03T18:07:30.9315612Z test_extension_session_is_registered_offset_bound_and_rejects_before_recovery (test_edge_perp.EdgeTests.test_extension_session_is_registered_offset_bound_and_rejects_before_recovery) ... ok
check	Compile and run offline checks	2026-10-03T18:07:30.9321330Z test_fixed_feature_artifact_pin_rejects_before_account_meter (test_edge_perp.EdgeTests.test_fixed_feature_artifact_pin_rejects_before_account_meter) ... ok
check	Compile and run offline checks	2026-10-03T18:07:30.9561517Z test_history_catchup_expired_and_stopped_cannot_extend (test_edge_perp.EdgeTests.test_history_catchup_expired_and_stopped_cannot_extend) ... ok
check	Compile and run offline checks	2026-10-03T18:07:30.9618030Z test_hooks_restore_on_exception (test_edge_perp.EdgeTests.test_hooks_restore_on_exception) ... ok
check	Compile and run offline checks	2026-10-03T18:07:31.1333293Z test_identity_and_checkpoint_reject_before_recovery_or_cleanup (test_edge_perp.EdgeTests.test_identity_and_checkpoint_reject_before_recovery_or_cleanup) ... ok
check	Compile and run offline checks	2026-10-03T18:07:31.6315863Z test_incumbent_retains_original_report_calls_clock_cash_and_checkpoint (test_edge_perp.EdgeTests.test_incumbent_retains_original_report_calls_clock_cash_and_checkpoint) ... ok
check	Compile and run offline checks	2026-10-03T18:07:31.6382791Z test_macro_cost_exit_has_no_primary_extension (test_edge_perp.EdgeTests.test_macro_cost_exit_has_no_primary_extension) ... ok
check	Compile and run offline checks	2026-10-03T18:07:31.6420299Z test_missing_quality_inputs_macro_and_short_are_unchanged (test_edge_perp.EdgeTests.test_missing_quality_inputs_macro_and_short_are_unchanged) ... ok
check	Compile and run offline checks	2026-10-03T18:07:31.6457050Z test_momentum_is_six_completed_intervals_and_trend_twenty_bars (test_edge_perp.EdgeTests.test_momentum_is_six_completed_intervals_and_trend_twenty_bars) ... ok
check	Compile and run offline checks	2026-10-03T18:07:31.9007190Z test_new_risk_scale_cutoff_zero_and_held_committed_topup (test_edge_perp.EdgeTests.test_new_risk_scale_cutoff_zero_and_held_committed_topup) ... ok
check	Compile and run offline checks	2026-10-03T18:07:32.1070088Z test_owned_cost_exit_runs_through_real_lifecycle_with_protection (test_edge_perp.EdgeTests.test_owned_cost_exit_runs_through_real_lifecycle_with_protection) ... ok
check	Compile and run offline checks	2026-10-03T18:07:32.1107795Z test_quality_immutable_trigger_mark_and_completed_history_boundaries (test_edge_perp.EdgeTests.test_quality_immutable_trigger_mark_and_completed_history_boundaries) ... ok
check	Compile and run offline checks	2026-10-03T18:07:32.2887442Z test_real_decision_journal_has_distinct_completion_clocks (test_edge_perp.EdgeTests.test_real_decision_journal_has_distinct_completion_clocks) ... ok
check	Compile and run offline checks	2026-10-03T18:07:32.2908652Z test_corrupt_vault_and_orphan_destination_fail_without_overwrite (test_edge_perp.PrintTests.test_corrupt_vault_and_orphan_destination_fail_without_overwrite) ... ok
check	Compile and run offline checks	2026-10-03T18:07:32.2923696Z test_foreign_packed_price_and_unknown_directory_are_rejected_untouched (test_edge_perp.PrintTests.test_foreign_packed_price_and_unknown_directory_are_rejected_untouched) ... ok
check	Compile and run offline checks	2026-10-03T18:07:32.3000103Z test_missing_day_eviction_preserves_owned_cache_and_vault (test_edge_perp.PrintTests.test_missing_day_eviction_preserves_owned_cache_and_vault) ... ok
check	Compile and run offline checks	2026-10-03T18:07:32.3039885Z test_owned_binary_is_verified_before_reuse_and_unknown_files_preserved (test_edge_perp.PrintTests.test_owned_binary_is_verified_before_reuse_and_unknown_files_preserved) ... ok
check	Compile and run offline checks	2026-10-03T18:07:32.3065553Z test_verified_vault_hash_receipt_and_eviction_leave_originals_unchanged (test_edge_perp.PrintTests.test_verified_vault_hash_receipt_and_eviction_leave_originals_unchanged) ... ok
check	Compile and run offline checks	2026-10-03T18:07:32.3068115Z test_capital_limit_must_be_a_positive_decimal_string (test_environment.EnvironmentTests.test_capital_limit_must_be_a_positive_decimal_string) ... ok
check	Compile and run offline checks	2026-10-03T18:07:32.3099902Z test_controlled_demo_writes_use_the_same_session_and_adapter (test_environment.EnvironmentTests.test_controlled_demo_writes_use_the_same_session_and_adapter) ... ok
check	Compile and run offline checks	2026-10-03T18:07:32.3113668Z test_demo_execute_without_trial_flags_stays_blocked_before_credentials (test_environment.EnvironmentTests.test_demo_execute_without_trial_flags_stays_blocked_before_credentials) ... ok
check	Compile and run offline checks	2026-10-03T18:07:32.3116314Z test_demo_reads_only_demo_hosts (test_environment.EnvironmentTests.test_demo_reads_only_demo_hosts) ... ok
check	Compile and run offline checks	2026-10-03T18:07:32.3264259Z test_demo_uses_its_own_credentials_and_state_scope (test_environment.EnvironmentTests.test_demo_uses_its_own_credentials_and_state_scope) ... ok
check	Compile and run offline checks	2026-10-03T18:07:32.3346678Z test_live_state_directory_refuses_a_demo_configuration (test_environment.EnvironmentTests.test_live_state_directory_refuses_a_demo_configuration) ... ok
check	Compile and run offline checks	2026-10-03T18:07:32.3380714Z test_live_trial_needs_reviewed_matching_demo_evidence (test_environment.EnvironmentTests.test_live_trial_needs_reviewed_matching_demo_evidence) ... ok
check	Compile and run offline checks	2026-10-03T18:07:32.3739764Z test_session_refuses_an_adapter_for_another_environment_or_limit (test_environment.EnvironmentTests.test_session_refuses_an_adapter_for_another_environment_or_limit) ... ok
check	Compile and run offline checks	2026-10-03T18:07:32.4949811Z test_an_absent_add_is_retired_only_while_the_position_is_unchanged (test_full_review.AbsentOrderRetirement.test_an_absent_add_is_retired_only_while_the_position_is_unchanged) ... ok
check	Compile and run offline checks	2026-10-03T18:07:32.6135700Z test_an_absent_entry_needs_a_flat_account (test_full_review.AbsentOrderRetirement.test_an_absent_entry_needs_a_flat_account) ... ok
check	Compile and run offline checks	2026-10-03T18:07:32.7292044Z test_an_absent_reduction_is_retired_even_with_a_position_and_never_reduces_more (test_full_review.AbsentOrderRetirement.test_an_absent_reduction_is_retired_even_with_a_position_and_never_reduces_more) ... ok
check	Compile and run offline checks	2026-10-03T18:07:32.7294577Z test_a_write_without_time_to_read_the_answer_is_never_sent (test_full_review.AdapterEdges.test_a_write_without_time_to_read_the_answer_is_never_sent) ... ok
check	Compile and run offline checks	2026-10-03T18:07:32.7298000Z test_algo_cancel_reply_with_string_code_200_is_accepted (test_full_review.AdapterEdges.test_algo_cancel_reply_with_string_code_200_is_accepted) ... ok
check	Compile and run offline checks	2026-10-03T18:07:32.7301095Z test_order_cancel_and_reduction_shapes_are_restricted_to_owned_market_reductions (test_full_review.AdapterEdges.test_order_cancel_and_reduction_shapes_are_restricted_to_owned_market_reductions) ... ok
check	Compile and run offline checks	2026-10-03T18:07:32.7305778Z test_slow_time_sample_does_not_set_the_offset_and_rate_limit_cools_down (test_full_review.AdapterEdges.test_slow_time_sample_does_not_set_the_offset_and_rate_limit_cools_down) ... ok
check	Compile and run offline checks	2026-10-03T18:07:32.7313029Z test_truncated_or_malformed_http_is_unknown_never_a_raw_exception (test_full_review.AdapterEdges.test_truncated_or_malformed_http_is_unknown_never_a_raw_exception) ... ok
check	Compile and run offline checks	2026-10-03T18:07:32.8460835Z test_failed_clock_sample_at_cleanup_does_not_skip_verification (test_full_review.CleanupBudgets.test_failed_clock_sample_at_cleanup_does_not_skip_verification) ... ok
check	Compile and run offline checks	2026-10-03T18:07:32.9674286Z test_recovery_fallback_reductions_reserve_their_own_observation_budget (test_full_review.CleanupBudgets.test_recovery_fallback_reductions_reserve_their_own_observation_budget) ... ok
check	Compile and run offline checks	2026-10-03T18:07:33.0843045Z test_signal_landing_inside_the_final_cleanup_is_retried_once (test_full_review.CleanupBudgets.test_signal_landing_inside_the_final_cleanup_is_retried_once) ... ok
check	Compile and run offline checks	2026-10-03T18:07:33.0845253Z test_relative_state_directory_is_refused (test_full_review.ConfigPath.test_relative_state_directory_is_refused) ... ok
check	Compile and run offline checks	2026-10-03T18:07:33.1545517Z test_interrupted_cold_start_still_consumes_the_macro_state (test_macro_input.MacroInputTests.test_interrupted_cold_start_still_consumes_the_macro_state) ... ok
check	Compile and run offline checks	2026-10-03T18:07:33.2729070Z test_macro_position_keeps_protection_without_dfii10 (test_macro_input.MacroInputTests.test_macro_position_keeps_protection_without_dfii10) ... ok
check	Compile and run offline checks	2026-10-03T18:07:33.4068518Z test_primary_exit_does_not_wait_for_dfii10 (test_macro_input.MacroInputTests.test_primary_exit_does_not_wait_for_dfii10) ... ok
check	Compile and run offline checks	2026-10-03T18:07:33.4966191Z test_missing_time_zone_data_fails_with_an_actionable_error (test_macro_input.SourceBudgetTests.test_missing_time_zone_data_fails_with_an_actionable_error) ... ok
check	Compile and run offline checks	2026-10-03T18:07:33.4971392Z test_reads_share_the_budget_and_failures_are_not_repeated_each_poll (test_macro_input.SourceBudgetTests.test_reads_share_the_budget_and_failures_are_not_repeated_each_poll) ... ok
check	Compile and run offline checks	2026-10-03T18:07:33.5256535Z test_a_distant_earlier_transfer_does_not_make_history_ambiguous (test_margin_intents.MarginIntentTests.test_a_distant_earlier_transfer_does_not_make_history_ambiguous) ... ok
check	Compile and run offline checks	2026-10-03T18:07:33.5554081Z test_a_margin_row_without_preparation_time_is_bounded_by_its_last_update (test_margin_intents.MarginIntentTests.test_a_margin_row_without_preparation_time_is_bounded_by_its_last_update) ... ok
check	Compile and run offline checks	2026-10-03T18:07:33.5809386Z test_absent_history_never_proves_the_transfer_failed (test_margin_intents.MarginIntentTests.test_absent_history_never_proves_the_transfer_failed) ... ok
check	Compile and run offline checks	2026-10-03T18:07:33.6076343Z test_acknowledged_transfer_survives_a_failed_readback (test_margin_intents.MarginIntentTests.test_acknowledged_transfer_survives_a_failed_readback) ... ok
check	Compile and run offline checks	2026-10-03T18:07:33.6344474Z test_ambiguous_history_stays_unknown (test_margin_intents.MarginIntentTests.test_ambiguous_history_stays_unknown) ... ok
check	Compile and run offline checks	2026-10-03T18:07:33.6611117Z test_amount_is_rounded_up_to_native_settlement_precision (test_margin_intents.MarginIntentTests.test_amount_is_rounded_up_to_native_settlement_precision) ... ok
check	Compile and run offline checks	2026-10-03T18:07:33.6891215Z test_an_earlier_equal_add_is_never_attributed_to_a_lost_one (test_margin_intents.MarginIntentTests.test_an_earlier_equal_add_is_never_attributed_to_a_lost_one) ... ok
check	Compile and run offline checks	2026-10-03T18:07:33.7159106Z test_lost_answer_is_settled_from_margin_history_only (test_margin_intents.MarginIntentTests.test_lost_answer_is_settled_from_margin_history_only) ... ok
check	Compile and run offline checks	2026-10-03T18:07:33.7400685Z test_documented_503_failures_are_terminal_and_other_503s_stay_unknown (test_margin_intents.WriteClassificationTests.test_documented_503_failures_are_terminal_and_other_503s_stay_unknown) ... ok
check	Compile and run offline checks	2026-10-03T18:07:33.7481419Z test_documented_native_rejection_is_terminal (test_margin_intents.WriteClassificationTests.test_documented_native_rejection_is_terminal) ... ok
check	Compile and run offline checks	2026-10-03T18:07:33.7563156Z test_expired_deadline_is_recorded_as_never_sent (test_margin_intents.WriteClassificationTests.test_expired_deadline_is_recorded_as_never_sent) ... ok
check	Compile and run offline checks	2026-10-03T18:07:33.7864071Z test_lost_add_cannot_be_declared_rejected_from_age_and_missing_query (test_margin_intents.WriteClassificationTests.test_lost_add_cannot_be_declared_rejected_from_age_and_missing_query) ... ok
check	Compile and run offline checks	2026-10-03T18:07:33.8131217Z test_margin_rejection_blocks_without_pending (test_margin_intents.WriteClassificationTests.test_margin_rejection_blocks_without_pending) ... ok
check	Compile and run offline checks	2026-10-03T18:07:33.8241420Z test_missing_order_without_a_preparation_time_or_past_retention_stays_unknown (test_margin_intents.WriteClassificationTests.test_missing_order_without_a_preparation_time_or_past_retention_stays_unknown) ... ok
check	Compile and run offline checks	2026-10-03T18:07:33.8309126Z test_numeric_margin_amount_is_parsed_exactly (test_margin_intents.WriteClassificationTests.test_numeric_margin_amount_is_parsed_exactly) ... ok
check	Compile and run offline checks	2026-10-03T18:07:33.8604567Z test_overloaded_add_does_not_block_the_exit_of_the_existing_position (test_margin_intents.WriteClassificationTests.test_overloaded_add_does_not_block_the_exit_of_the_existing_position) ... ok
check	Compile and run offline checks	2026-10-03T18:07:33.8674171Z test_read_rejections_remain_unknown (test_margin_intents.WriteClassificationTests.test_read_rejections_remain_unknown) ... ok
check	Compile and run offline checks	2026-10-03T18:07:33.8824759Z test_unknown_execution_codes_and_server_errors_stay_pending (test_margin_intents.WriteClassificationTests.test_unknown_execution_codes_and_server_errors_stay_pending) ... ok
check	Compile and run offline checks	2026-10-03T18:07:33.8827757Z test_flat_cash_drawdown_between_session_starts_is_recorded (test_meter_review.FlatValuationTests.test_flat_cash_drawdown_between_session_starts_is_recorded) ... ok
check	Compile and run offline checks	2026-10-03T18:07:33.8830424Z test_hold_across_a_missing_rate_loses_the_known_path (test_meter_review.FundingCoverageTests.test_hold_across_a_missing_rate_loses_the_known_path) ... ok
check	Compile and run offline checks	2026-10-03T18:07:33.8832961Z test_uncovered_settlement_time_is_a_gap_anywhere (test_meter_review.FundingCoverageTests.test_uncovered_settlement_time_is_a_gap_anywhere) ... ok
check	Compile and run offline checks	2026-10-03T18:07:33.8835659Z test_position_held_through_the_boundary_pays_it (test_meter_review.FundingOrderTests.test_position_held_through_the_boundary_pays_it) ... ok
check	Compile and run offline checks	2026-10-03T18:07:33.8837907Z test_stop_inside_the_minute_is_not_charged_the_boundary_settlement (test_meter_review.FundingOrderTests.test_stop_inside_the_minute_is_not_charged_the_boundary_settlement) ... ok
check	Compile and run offline checks	2026-10-03T18:07:33.9899277Z test_complete_run_writes_the_official_name (test_meter_review.TrialHygieneTests.test_complete_run_writes_the_official_name) ... ok
check	Compile and run offline checks	2026-10-03T18:07:34.0324532Z test_partial_run_never_writes_the_official_name (test_meter_review.TrialHygieneTests.test_partial_run_never_writes_the_official_name) ... ok
check	Compile and run offline checks	2026-10-03T18:07:34.0944423Z test_research_knobs_are_restored (test_meter_review.TrialHygieneTests.test_research_knobs_are_restored) ... ok
check	Compile and run offline checks	2026-10-03T18:07:34.0969442Z test_capital_limit_sizes_from_the_trial_capital_only (test_native_preview.NativePreviewTests.test_capital_limit_sizes_from_the_trial_capital_only) ... ok
check	Compile and run offline checks	2026-10-03T18:07:34.0971379Z test_liquidation_uses_supplied_closing_fee (test_native_preview.NativePreviewTests.test_liquidation_uses_supplied_closing_fee) ... ok
check	Compile and run offline checks	2026-10-03T18:07:34.0978453Z test_macro_parent_quantity_respects_three_percent_stop_budget (test_native_preview.NativePreviewTests.test_macro_parent_quantity_respects_three_percent_stop_budget) ... ok
check	Compile and run offline checks	2026-10-03T18:07:34.0995170Z test_native_inputs_use_identical_funding_function_without_consumption (test_native_preview.NativePreviewTests.test_native_inputs_use_identical_funding_function_without_consumption) ... ok
check	Compile and run offline checks	2026-10-03T18:07:34.1006100Z test_top_up_keeps_whole_position_inside_the_stop_budget (test_native_preview.NativePreviewTests.test_top_up_keeps_whole_position_inside_the_stop_budget) ... ok
check	Compile and run offline checks	2026-10-03T18:07:34.1021518Z test_unknown_collateral_book_or_account_blocks (test_native_preview.NativePreviewTests.test_unknown_collateral_book_or_account_blocks) ... ok
check	Compile and run offline checks	2026-10-03T18:07:34.1023436Z test_downward_impulse_is_symmetric (test_opportunities.OpportunityTests.test_downward_impulse_is_symmetric) ... ok
check	Compile and run offline checks	2026-10-03T18:07:34.1026107Z test_impulse_uses_prior_volatility_and_midpoint_stop (test_opportunities.OpportunityTests.test_impulse_uses_prior_volatility_and_midpoint_stop) ... ok
check	Compile and run offline checks	2026-10-03T18:07:34.1027806Z test_missing_bar_fails_closed (test_opportunities.OpportunityTests.test_missing_bar_fails_closed) ... ok
check	Compile and run offline checks	2026-10-03T18:07:34.1032696Z test_prefix_cannot_depend_on_future_or_rewrite_objects (test_opportunities.OpportunityTests.test_prefix_cannot_depend_on_future_or_rewrite_objects) ... ok
check	Compile and run offline checks	2026-10-03T18:07:34.1038050Z test_stop_and_expiry_retire_the_campaign (test_opportunities.OpportunityTests.test_stop_and_expiry_retire_the_campaign) ... ok
check	Compile and run offline checks	2026-10-03T18:07:34.1214695Z test_definitive_absence_reconciles_flat_but_legacy_absence_does_not (test_ownership.AbsentEntryOwnership.test_definitive_absence_reconciles_flat_but_legacy_absence_does_not) ... ok
check	Compile and run offline checks	2026-10-03T18:07:34.1296207Z test_late_fill_after_definitive_absence_fails_closed (test_ownership.AbsentEntryOwnership.test_late_fill_after_definitive_absence_fails_closed) ... ok
check	Compile and run offline checks	2026-10-03T18:07:34.1382264Z test_cumulative_fill_cannot_regress (test_ownership.OwnershipTests.test_cumulative_fill_cannot_regress) ... ok
check	Compile and run offline checks	2026-10-03T18:07:34.1550770Z test_external_fill_or_position_mismatch_never_guesses_owner (test_ownership.OwnershipTests.test_external_fill_or_position_mismatch_never_guesses_owner) ... ok
check	Compile and run offline checks	2026-10-03T18:07:34.1627632Z test_history_older_than_three_months_is_not_inferred (test_ownership.OwnershipTests.test_history_older_than_three_months_is_not_inferred) ... ok
check	Compile and run offline checks	2026-10-03T18:07:34.1765794Z test_late_partial_fill_binds_once_and_exposes_unprotected_remainder (test_ownership.OwnershipTests.test_late_partial_fill_binds_once_and_exposes_unprotected_remainder) ... ok
check	Compile and run offline checks	2026-10-03T18:07:34.1809920Z test_lost_journal_cannot_assign_an_existing_position (test_ownership.OwnershipTests.test_lost_journal_cannot_assign_an_existing_position) ... ok
check	Compile and run offline checks	2026-10-03T18:07:34.1938867Z test_protective_fill_preserves_consumption_after_flat_recovery (test_ownership.OwnershipTests.test_protective_fill_preserves_consumption_after_flat_recovery) ... ok
check	Compile and run offline checks	2026-10-03T18:07:34.2049236Z test_rejected_reduction_has_no_native_order_to_query (test_ownership.OwnershipTests.test_rejected_reduction_has_no_native_order_to_query) ... ok
check	Compile and run offline checks	2026-10-03T18:07:34.2053029Z test_mismatched_source_input_and_undeclared_risk_are_rejected (test_path_analysis.PathAnalysisTests.test_mismatched_source_input_and_undeclared_risk_are_rejected) ... ok
check	Compile and run offline checks	2026-10-03T18:07:34.2055975Z test_more_fees_cannot_improve_the_fixed_fill_attribution (test_path_analysis.PathAnalysisTests.test_more_fees_cannot_improve_the_fixed_fill_attribution) ... ok
check	Compile and run offline checks	2026-10-03T18:07:34.2165254Z test_archive_does_not_hide_unobserved_retention_gap (test_pr43.HistoryArchiveTests.test_archive_does_not_hide_unobserved_retention_gap) ... ok
check	Compile and run offline checks	2026-10-03T18:07:34.2261015Z test_changed_archived_fill_blocks_and_keeps_prior_coverage (test_pr43.HistoryArchiveTests.test_changed_archived_fill_blocks_and_keeps_prior_coverage) ... ok
check	Compile and run offline checks	2026-10-03T18:07:34.2271801Z test_nonadvancing_id_page_is_not_accepted_as_complete (test_pr43.HistoryArchiveTests.test_nonadvancing_id_page_is_not_accepted_as_complete) ... ok
check	Compile and run offline checks	2026-10-03T18:07:34.2281032Z test_truncated_id_history_cannot_hide_full_time_page (test_pr43.HistoryArchiveTests.test_truncated_id_history_cannot_hide_full_time_page) ... ok
check	Compile and run offline checks	2026-10-03T18:07:34.2432715Z test_verified_archive_recovers_old_entry_without_expired_native_order (test_pr43.HistoryArchiveTests.test_verified_archive_recovers_old_entry_without_expired_native_order) ... ok
check	Compile and run offline checks	2026-10-03T18:07:34.2654316Z test_income_pagination_and_duplicate_page_fail_closed (test_pr43.IncomeAuditTests.test_income_pagination_and_duplicate_page_fail_closed) ... ok
check	Compile and run offline checks	2026-10-03T18:07:34.2734894Z test_missing_income_coverage_is_not_filled_with_zero_cashflows (test_pr43.IncomeAuditTests.test_missing_income_coverage_is_not_filled_with_zero_cashflows) ... ok
check	Compile and run offline checks	2026-10-03T18:07:34.2830737Z test_native_signed_funding_fees_and_same_id_types_are_retained (test_pr43.IncomeAuditTests.test_native_signed_funding_fees_and_same_id_types_are_retained) ... ok
check	Compile and run offline checks	2026-10-03T18:07:34.4402555Z test_cashflow_audit_outage_blocks_entry_but_not_verified_exit (test_pr43.ReviewRegressions.test_cashflow_audit_outage_blocks_entry_but_not_verified_exit) ... ok
check	Compile and run offline checks	2026-10-03T18:07:34.5475586Z test_changed_owned_protection_does_not_pass_aggregate_geometry (test_pr43.ReviewRegressions.test_changed_owned_protection_does_not_pass_aggregate_geometry) ... ok
check	Compile and run offline checks	2026-10-03T18:07:34.6442021Z test_disconnect_during_final_wait_clears_previous_observation (test_pr43.ReviewRegressions.test_disconnect_during_final_wait_clears_previous_observation) ... ok
check	Compile and run offline checks	2026-10-03T18:07:34.7491320Z test_external_protection_cannot_make_cleanup_verified (test_pr43.ReviewRegressions.test_external_protection_cannot_make_cleanup_verified) ... ok
check	Compile and run offline checks	2026-10-03T18:07:34.7802839Z test_full_recent_window_is_a_cursor_not_complete_history (test_pr43.ReviewRegressions.test_full_recent_window_is_a_cursor_not_complete_history) ... ok
check	Compile and run offline checks	2026-10-03T18:07:35.0873321Z test_more_than_1000_same_millisecond_fills_reconcile_and_protect (test_pr43.ReviewRegressions.test_more_than_1000_same_millisecond_fills_reconcile_and_protect) ... ok
check	Compile and run offline checks	2026-10-03T18:07:35.2675785Z test_restart_finishes_interrupted_owned_protection_replacement (test_pr43.ReviewRegressions.test_restart_finishes_interrupted_owned_protection_replacement) ... ok
check	Compile and run offline checks	2026-10-03T18:07:35.3768708Z test_unknown_observations_are_retained_without_stale_equity (test_pr43.ReviewRegressions.test_unknown_observations_are_retained_without_stale_equity) ... ok
check	Compile and run offline checks	2026-10-03T18:07:35.4416854Z test_external_close_and_equal_manual_reopen_is_never_touched (test_reaudit.ReauditTests.test_external_close_and_equal_manual_reopen_is_never_touched) ... ok
check	Compile and run offline checks	2026-10-03T18:07:35.4977839Z test_external_reopen_is_not_adopted_on_the_trade_id_proof (test_reaudit.ReauditTests.test_external_reopen_is_not_adopted_on_the_trade_id_proof) ... ok
check	Compile and run offline checks	2026-10-03T18:07:35.5571106Z test_failed_protection_never_reduces_a_manual_fill_that_arrived_between_legs (test_reaudit.ReauditTests.test_failed_protection_never_reduces_a_manual_fill_that_arrived_between_legs) ... ok
check	Compile and run offline checks	2026-10-03T18:07:35.7201774Z test_fill_proof_after_a_week_without_trades_uses_the_flat_time_boundary (test_reaudit.ReauditTests.test_fill_proof_after_a_week_without_trades_uses_the_flat_time_boundary) ... ok
check	Compile and run offline checks	2026-10-03T18:07:35.7882331Z test_manual_position_after_restart_is_not_adopted_during_a_history_outage (test_reaudit.ReauditTests.test_manual_position_after_restart_is_not_adopted_during_a_history_outage) ... ok
check	Compile and run offline checks	2026-10-03T18:07:36.8319050Z test_owned_fill_is_protected_or_reduced_within_the_reserved_budget_under_latency (test_reaudit.ReauditTests.test_owned_fill_is_protected_or_reduced_within_the_reserved_budget_under_latency) ... ok
check	Compile and run offline checks	2026-10-03T18:07:36.9550581Z test_unknown_protection_does_not_block_a_later_safe_reduction (test_reaudit.ReauditTests.test_unknown_protection_does_not_block_a_later_safe_reduction) ... ok
check	Compile and run offline checks	2026-10-03T18:07:37.0168896Z test_interrupted_publication_leaves_no_partial_result_named_current (test_rebuild_safety.EvidenceProtection.test_interrupted_publication_leaves_no_partial_result_named_current) ... ok
check	Compile and run offline checks	2026-10-03T18:07:37.0309400Z test_partial_results_never_enter_the_evidence_directory (test_rebuild_safety.EvidenceProtection.test_partial_results_never_enter_the_evidence_directory) ... ok
check	Compile and run offline checks	2026-10-03T18:07:37.0755629Z test_refusal_happens_before_the_meter_runs (test_rebuild_safety.EvidenceProtection.test_refusal_happens_before_the_meter_runs) ... ok
check	Compile and run offline checks	2026-10-03T18:07:37.1562737Z test_same_name_needs_explicit_overwrite_and_keeps_the_original (test_rebuild_safety.EvidenceProtection.test_same_name_needs_explicit_overwrite_and_keeps_the_original) ... ok
check	Compile and run offline checks	2026-10-03T18:07:37.1868568Z test_unresolved_count_uses_the_session_report_field (test_rebuild_safety.EvidenceProtection.test_unresolved_count_uses_the_session_report_field) ... ok
check	Compile and run offline checks	2026-10-03T18:07:37.1870448Z test_default_state_is_unique_per_run (test_rebuild_safety.StateOwnership.test_default_state_is_unique_per_run) ... ok
check	Compile and run offline checks	2026-10-03T18:07:37.1878736Z test_invalid_name_with_explicit_state_removes_nothing (test_rebuild_safety.StateOwnership.test_invalid_name_with_explicit_state_removes_nothing) ... ok
check	Compile and run offline checks	2026-10-03T18:07:37.2441468Z test_own_stale_directory_is_replaced_but_a_live_owner_is_not (test_rebuild_safety.StateOwnership.test_own_stale_directory_is_replaced_but_a_live_owner_is_not) ... ok
check	Compile and run offline checks	2026-10-03T18:07:37.2723702Z test_symbolic_links_are_refused (test_rebuild_safety.StateOwnership.test_symbolic_links_are_refused) ... ok
check	Compile and run offline checks	2026-10-03T18:07:37.3003635Z test_unmarked_directories_are_refused_and_left_untouched (test_rebuild_safety.StateOwnership.test_unmarked_directories_are_refused_and_left_untouched) ... ok
check	Compile and run offline checks	2026-10-03T18:07:37.3954853Z test_history_outage_after_owned_fill_still_installs_protection (test_recovery_gaps.RecoveryGapTests.test_history_outage_after_owned_fill_still_installs_protection) ... ok
check	Compile and run offline checks	2026-10-03T18:07:37.5234784Z test_late_query_missing_does_not_orphan_filled_add (test_recovery_gaps.RecoveryGapTests.test_late_query_missing_does_not_orphan_filled_add) ... ok
check	Compile and run offline checks	2026-10-03T18:07:37.6480210Z test_protection_lost_during_margin_transfer_blocks_the_add (test_recovery_gaps.RecoveryGapTests.test_protection_lost_during_margin_transfer_blocks_the_add) ... ok
check	Compile and run offline checks	2026-10-03T18:07:37.6772450Z test_locally_refused_protection_is_retried_under_the_same_identity (test_rejected_intents.RejectedIntentTests.test_locally_refused_protection_is_retried_under_the_same_identity) ... ok
check	Compile and run offline checks	2026-10-03T18:07:37.7038777Z test_refused_cancel_is_left_to_the_target_state (test_rejected_intents.RejectedIntentTests.test_refused_cancel_is_left_to_the_target_state) ... ok
check	Compile and run offline checks	2026-10-03T18:07:37.7300029Z test_rejected_entry_is_never_prepared_again (test_rejected_intents.RejectedIntentTests.test_rejected_entry_is_never_prepared_again) ... ok
check	Compile and run offline checks	2026-10-03T18:07:37.7565433Z test_unknown_protection_is_never_resent (test_rejected_intents.RejectedIntentTests.test_unknown_protection_is_never_resent) ... ok
check	Compile and run offline checks	2026-10-03T18:07:37.7828856Z test_ambiguous_initial_wallet_boundary_blocks_risk (test_review_followup.ReviewFollowup.test_ambiguous_initial_wallet_boundary_blocks_risk) ... ok
check	Compile and run offline checks	2026-10-03T18:07:37.9713533Z test_failed_amendment_preserves_old_pair_but_does_not_block_owned_exit (test_review_followup.ReviewFollowup.test_failed_amendment_preserves_old_pair_but_does_not_block_owned_exit) ... ok
check	Compile and run offline checks	2026-10-03T18:07:37.9790840Z test_foreign_live_writer_refusal_does_not_change_state (test_review_followup.ReviewFollowup.test_foreign_live_writer_refusal_does_not_change_state) ... ok
check	Compile and run offline checks	2026-10-03T18:07:38.0101607Z test_preanchor_late_income_is_not_new_income (test_review_followup.ReviewFollowup.test_preanchor_late_income_is_not_new_income) ... ok
check	Compile and run offline checks	2026-10-03T18:07:38.0942394Z test_session_backup_rotates_and_failure_keeps_original (test_review_followup.ReviewFollowup.test_session_backup_rotates_and_failure_keeps_original) ... ok
check	Compile and run offline checks	2026-10-03T18:07:38.0949267Z test_adoption_needs_both_splits_and_a_real_margin (test_robustness.AnalysisTests.test_adoption_needs_both_splits_and_a_real_margin) ... ok
check	Compile and run offline checks	2026-10-03T18:07:38.0954075Z test_deflated_sharpe_falls_with_more_trials (test_robustness.AnalysisTests.test_deflated_sharpe_falls_with_more_trials) ... ok
check	Compile and run offline checks	2026-10-03T18:07:38.0955779Z test_growth_is_the_geometric_mean_of_block_growth (test_robustness.AnalysisTests.test_growth_is_the_geometric_mean_of_block_growth) ... ok
check	Compile and run offline checks	2026-10-03T18:07:38.1549217Z test_a_block_uses_only_its_frozen_sessions_and_never_the_official_name (test_robustness.BlockTests.test_a_block_uses_only_its_frozen_sessions_and_never_the_official_name) ... /opt/hostedtoolcache/Python/3.13.15/x64/lib/python3.13/_strptime.py:521: ResourceWarning: unclosed database in <sqlite3.Connection object at 0x7f1a43556b60>
check	Compile and run offline checks	2026-10-03T18:07:38.1552638Z   for index, arg in enumerate([data_string, format]):
check	Compile and run offline checks	2026-10-03T18:07:38.1553596Z ResourceWarning: Enable tracemalloc to get the object allocation traceback
check	Compile and run offline checks	2026-10-03T18:07:38.1555351Z /opt/hostedtoolcache/Python/3.13.15/x64/lib/python3.13/_strptime.py:521: ResourceWarning: unclosed database in <sqlite3.Connection object at 0x7f1a42e1b880>
check	Compile and run offline checks	2026-10-03T18:07:38.1556705Z   for index, arg in enumerate([data_string, format]):
check	Compile and run offline checks	2026-10-03T18:07:38.1557366Z ResourceWarning: Enable tracemalloc to get the object allocation traceback
check	Compile and run offline checks	2026-10-03T18:07:38.1732810Z ok
check	Compile and run offline checks	2026-10-03T18:07:38.1879760Z test_a_window_outside_the_frozen_range_is_refused (test_robustness.BlockTests.test_a_window_outside_the_frozen_range_is_refused) ... ok
check	Compile and run offline checks	2026-10-03T18:07:38.2336932Z test_knobs_apply_and_are_restored (test_robustness.BlockTests.test_knobs_apply_and_are_restored) ... ok
check	Compile and run offline checks	2026-10-03T18:07:38.2338651Z test_missing_prints_fall_back_to_the_official_mark_minute (test_robustness.FinalMarkTests.test_missing_prints_fall_back_to_the_official_mark_minute) ... ok
check	Compile and run offline checks	2026-10-03T18:07:38.2341674Z test_atr_window_and_impulse_threshold (test_robustness.KnobTests.test_atr_window_and_impulse_threshold) ... ok
check	Compile and run offline checks	2026-10-03T18:07:38.2343070Z test_defaults_are_the_frozen_model (test_robustness.KnobTests.test_defaults_are_the_frozen_model) ... ok
check	Compile and run offline checks	2026-10-03T18:07:38.2344388Z test_life_bars (test_robustness.KnobTests.test_life_bars) ... ok
check	Compile and run offline checks	2026-10-03T18:07:38.2346330Z test_retrace_moves_the_stop (test_robustness.KnobTests.test_retrace_moves_the_stop) ... ok
check	Compile and run offline checks	2026-10-03T18:07:38.2349904Z test_a_failing_stress_vetoes_the_chosen_value_but_missing_stress_does_not (test_robustness.RiskSelectionTests.test_a_failing_stress_vetoes_the_chosen_value_but_missing_stress_does_not) ... ok
check	Compile and run offline checks	2026-10-03T18:07:38.2351879Z test_isolated_point_is_a_spike_and_nothing_qualifying_keeps_six (test_robustness.RiskSelectionTests.test_isolated_point_is_a_spike_and_nothing_qualifying_keeps_six) ... ok
check	Compile and run offline checks	2026-10-03T18:07:38.2353273Z test_plateau_and_buffer_decide (test_robustness.RiskSelectionTests.test_plateau_and_buffer_decide) ... ok
check	Compile and run offline checks	2026-10-03T18:07:38.2354925Z test_update_time_moves_only_when_the_account_changes (test_robustness.UpdateTimeTests.test_update_time_moves_only_when_the_account_changes) ... ok
check	Compile and run offline checks	2026-10-03T18:07:38.2962464Z test_cancel_timeout_does_not_get_new_identity_on_each_poll (test_session.SessionTests.test_cancel_timeout_does_not_get_new_identity_on_each_poll) ... ok
check	Compile and run offline checks	2026-10-03T18:07:38.7261864Z test_complete_native_tape_replays_identical_requests_and_decisions (test_session.SessionTests.test_complete_native_tape_replays_identical_requests_and_decisions) ... ok
check	Compile and run offline checks	2026-10-03T18:07:38.7526621Z test_config_has_one_schema_and_bounded_time (test_session.SessionTests.test_config_has_one_schema_and_bounded_time) ... ok
check	Compile and run offline checks	2026-10-03T18:07:38.7969080Z test_deadline_during_preflight_prevents_new_entry (test_session.SessionTests.test_deadline_during_preflight_prevents_new_entry) ... ok
check	Compile and run offline checks	2026-10-03T18:07:38.8943370Z test_disconnection_never_infers_flat_or_successful_cleanup (test_session.SessionTests.test_disconnection_never_infers_flat_or_successful_cleanup) ... ok
check	Compile and run offline checks	2026-10-03T18:07:38.9974245Z test_external_fill_prevents_strategy_or_cleanup_position_changes (test_session.SessionTests.test_external_fill_prevents_strategy_or_cleanup_position_changes) ... ok
check	Compile and run offline checks	2026-10-03T18:07:39.0585830Z test_failed_protection_attempts_reduce_only_and_reports_unknown (test_session.SessionTests.test_failed_protection_attempts_reduce_only_and_reports_unknown) ... ok
check	Compile and run offline checks	2026-10-03T18:07:39.1727648Z test_finite_long_entry_hold_and_offline_protection (test_session.SessionTests.test_finite_long_entry_hold_and_offline_protection) ... ok
check	Compile and run offline checks	2026-10-03T18:07:39.2669185Z test_keyboard_interrupt_finishes_owned_protection (test_session.SessionTests.test_keyboard_interrupt_finishes_owned_protection) ... ok
check	Compile and run offline checks	2026-10-03T18:07:39.4118379Z test_later_session_never_tops_up_an_earlier_entry (test_session.SessionTests.test_later_session_never_tops_up_an_earlier_entry) ... ok
check	Compile and run offline checks	2026-10-03T18:07:39.5295683Z test_lost_active_stop_readback_resumes_missing_take_after_restart (test_session.SessionTests.test_lost_active_stop_readback_resumes_missing_take_after_restart) ... ok
check	Compile and run offline checks	2026-10-03T18:07:39.7020111Z test_macro_entry_restart_and_false_state_reduce_same_owned_position (test_session.SessionTests.test_macro_entry_restart_and_false_state_reduce_same_owned_position) ... ok
check	Compile and run offline checks	2026-10-03T18:07:39.8055834Z test_margin_transfer_past_the_deadline_sends_no_add (test_session.SessionTests.test_margin_transfer_past_the_deadline_sends_no_add) ... ok
check	Compile and run offline checks	2026-10-03T18:07:39.8782274Z test_negative_impulse_does_not_enter_in_promoted_long_only_model (test_session.SessionTests.test_negative_impulse_does_not_enter_in_promoted_long_only_model) ... ok
check	Compile and run offline checks	2026-10-03T18:07:40.0159031Z test_partial_fill_protects_actual_size_then_tops_up_under_same_protection (test_session.SessionTests.test_partial_fill_protects_actual_size_then_tops_up_under_same_protection) ... ok
check	Compile and run offline checks	2026-10-03T18:07:40.1711326Z test_protection_amendment_keeps_old_until_new_pair_confirmed (test_session.SessionTests.test_protection_amendment_keeps_old_until_new_pair_confirmed) ... ok
check	Compile and run offline checks	2026-10-03T18:07:40.2187419Z test_read_only_runs_repeatedly_without_orders (test_session.SessionTests.test_read_only_runs_repeatedly_without_orders) ... ok
check	Compile and run offline checks	2026-10-03T18:07:40.3609511Z test_real_transport_and_budget_complete_entry_protection_and_cleanup (test_session.SessionTests.test_real_transport_and_budget_complete_entry_protection_and_cleanup) ... ok
check	Compile and run offline checks	2026-10-03T18:07:40.4871935Z test_restart_retains_position_and_does_not_reenter (test_session.SessionTests.test_restart_retains_position_and_does_not_reenter) ... ok
check	Compile and run offline checks	2026-10-03T18:07:40.7051961Z test_retired_protection_history_can_expire_without_blocking_position (test_session.SessionTests.test_retired_protection_history_can_expire_without_blocking_position) ... ok
check	Compile and run offline checks	2026-10-03T18:07:40.8473282Z test_signal_expiry_closes_without_same_cycle_reversal (test_session.SessionTests.test_signal_expiry_closes_without_same_cycle_reversal) ... ok
check	Compile and run offline checks	2026-10-03T18:07:41.0594149Z test_stale_mark_time_cannot_mix_previous_exit_with_new_entry (test_session.SessionTests.test_stale_mark_time_cannot_mix_previous_exit_with_new_entry) ... ok
check	Compile and run offline checks	2026-10-03T18:07:41.2059443Z test_terminal_partial_exit_reduces_only_remaining_on_next_cycle (test_session.SessionTests.test_terminal_partial_exit_reduces_only_remaining_on_next_cycle) ... ok
check	Compile and run offline checks	2026-10-03T18:07:41.3206416Z test_timeout_after_fill_recovers_without_duplicate (test_session.SessionTests.test_timeout_after_fill_recovers_without_duplicate) ... ok
check	Compile and run offline checks	2026-10-03T18:07:41.4301764Z test_unavailable_cashflow_audit_blocks_top_up_before_it_is_sent (test_session.SessionTests.test_unavailable_cashflow_audit_blocks_top_up_before_it_is_sent) ... ok
check	Compile and run offline checks	2026-10-03T18:07:41.4901150Z test_unknown_entry_never_resends_even_after_restart (test_session.SessionTests.test_unknown_entry_never_resends_even_after_restart) ... ok
check	Compile and run offline checks	2026-10-03T18:07:41.6068082Z test_unsent_exit_can_shrink_after_native_protection_reduction (test_session.SessionTests.test_unsent_exit_can_shrink_after_native_protection_reduction) ... ok
check	Compile and run offline checks	2026-10-03T18:07:41.7547980Z test_verified_flat_finalizes_abandoned_replacement_journal (test_session.SessionTests.test_verified_flat_finalizes_abandoned_replacement_journal) ... ok
check	Compile and run offline checks	2026-10-03T18:07:41.9297436Z test_zero_fill_retries_archive_terminal_entries (test_session.SessionTests.test_zero_fill_retries_archive_terminal_entries) ... ok
check	Compile and run offline checks	2026-10-03T18:07:41.9299716Z test_intraminute_high_before_a_fall_is_a_peak (test_session_history.EnvelopePeakTests.test_intraminute_high_before_a_fall_is_a_peak) ... ok
check	Compile and run offline checks	2026-10-03T18:07:41.9303499Z test_missing_mark_minute_forfeits_the_isolated_wallet_or_flags_hindsight (test_session_history.EnvelopePeakTests.test_missing_mark_minute_forfeits_the_isolated_wallet_or_flags_hindsight) ... ok
check	Compile and run offline checks	2026-10-03T18:07:41.9314983Z test_fill_after_funding_settlement_pays_no_funding (test_session_history.IntraminuteEventTests.test_fill_after_funding_settlement_pays_no_funding) ... ok
check	Compile and run offline checks	2026-10-03T18:07:41.9322643Z test_funding_without_its_official_mark_is_unknown_not_the_entry_price (test_session_history.IntraminuteEventTests.test_funding_without_its_official_mark_is_unknown_not_the_entry_price) ... ok
check	Compile and run offline checks	2026-10-03T18:07:41.9333196Z test_overlapping_replacement_stops_fire_the_more_protective_leg (test_session_history.IntraminuteEventTests.test_overlapping_replacement_stops_fire_the_more_protective_leg) ... ok
check	Compile and run offline checks	2026-10-03T18:07:41.9370420Z test_print_path_drawdown_does_not_depend_on_polling_steps (test_session_history.IntraminuteEventTests.test_print_path_drawdown_does_not_depend_on_polling_steps) ... ok
check	Compile and run offline checks	2026-10-03T18:07:41.9380964Z test_print_path_peak_counts_before_the_stop (test_session_history.IntraminuteEventTests.test_print_path_peak_counts_before_the_stop) ... ok
check	Compile and run offline checks	2026-10-03T18:07:41.9408290Z test_protection_that_would_trigger_immediately_and_bad_margin_are_refused_natively (test_session_history.IntraminuteEventTests.test_protection_that_would_trigger_immediately_and_bad_margin_are_refused_natively) ... ok
check	Compile and run offline checks	2026-10-03T18:07:41.9418365Z test_stop_found_while_settling_an_add_drops_the_rest (test_session_history.IntraminuteEventTests.test_stop_found_while_settling_an_add_drops_the_rest) ... ok
check	Compile and run offline checks	2026-10-03T18:07:41.9428763Z test_stop_inside_the_minute_precedes_a_later_client_close (test_session_history.IntraminuteEventTests.test_stop_inside_the_minute_precedes_a_later_client_close) ... ok
check	Compile and run offline checks	2026-10-03T18:07:41.9431952Z test_unordered_official_minute_applies_the_adverse_stop_before_a_close (test_session_history.IntraminuteEventTests.test_unordered_official_minute_applies_the_adverse_stop_before_a_close) ... ok
check	Compile and run offline checks	2026-10-03T18:07:42.0741294Z test_cold_start_consumes_the_already_active_impulse (test_session_history.SessionHistoryTests.test_cold_start_consumes_the_already_active_impulse) ... ok
check	Compile and run offline checks	2026-10-03T18:07:42.2416440Z test_exchange_stop_between_sessions_is_not_a_client_order (test_session_history.SessionHistoryTests.test_exchange_stop_between_sessions_is_not_a_client_order) ... ok
check	Compile and run offline checks	2026-10-03T18:07:42.2429927Z test_ioc_fill_is_booked_at_its_print_and_answered_after_the_window (test_session_history.SessionHistoryTests.test_ioc_fill_is_booked_at_its_print_and_answered_after_the_window) ... ok
check	Compile and run offline checks	2026-10-03T18:07:42.2603218Z test_missing_prints_block_observation_before_any_order (test_session_history.SessionHistoryTests.test_missing_prints_block_observation_before_any_order) ... ok
check	Compile and run offline checks	2026-10-03T18:07:42.2605514Z test_schedule_module_does_not_hand_future_starts_to_the_exchange (test_session_history.SessionHistoryTests.test_schedule_module_does_not_hand_future_starts_to_the_exchange) ... ok
check	Compile and run offline checks	2026-10-03T18:07:42.2617332Z test_trade_print_window_fills_at_the_limit (test_session_history.SessionHistoryTests.test_trade_print_window_fills_at_the_limit) ... ok
check	Compile and run offline checks	2026-10-03T18:07:42.3495109Z test_unresolved_ioc_retries_without_a_fill (test_session_history.SessionHistoryTests.test_unresolved_ioc_retries_without_a_fill) ... ok
check	Compile and run offline checks	2026-10-03T18:07:42.3525350Z test_warmup_hours_make_aligned_four_hour_bars (test_session_history.SessionHistoryTests.test_warmup_hours_make_aligned_four_hour_bars) ... ok
check	Compile and run offline checks	2026-10-03T18:07:42.3527332Z test_crossed_long_liquidation_price_is_not_a_positive_buffer (test_snapshot_export.SnapshotExportTests.test_crossed_long_liquidation_price_is_not_a_positive_buffer) ... ok
check	Compile and run offline checks	2026-10-03T18:07:42.3529784Z test_flat_account_has_no_liquidation_buffer_or_extra_collateral (test_snapshot_export.SnapshotExportTests.test_flat_account_has_no_liquidation_buffer_or_extra_collateral) ... ok
check	Compile and run offline checks	2026-10-03T18:07:42.3531503Z test_reversed_collection_clock_is_unknown (test_snapshot_export.SnapshotExportTests.test_reversed_collection_clock_is_unknown) ... ok
check	Compile and run offline checks	2026-10-03T18:07:42.3533297Z test_short_export_includes_unrealized_pnl_once (test_snapshot_export.SnapshotExportTests.test_short_export_includes_unrealized_pnl_once) ... ok
check	Compile and run offline checks	2026-10-03T18:07:42.3535092Z test_uid_stale_mark_and_slow_collection_are_unknown (test_snapshot_export.SnapshotExportTests.test_uid_stale_mark_and_slow_collection_are_unknown) ... ok
check	Compile and run offline checks	2026-10-03T18:07:42.3536913Z test_contract_stop_does_not_use_mark_trigger_and_survives_stopped_process (test_star_session.SharedPeerTests.test_contract_stop_does_not_use_mark_trigger_and_survives_stopped_process) ... ok
check	Compile and run offline checks	2026-10-03T18:07:42.3543054Z test_peer_transport_preserves_market_and_contract_price_shapes (test_star_session.SharedPeerTests.test_peer_transport_preserves_market_and_contract_price_shapes) ... ok
check	Compile and run offline checks	2026-10-03T18:07:42.3546030Z test_short_partial_market_fill_and_add_keep_cash_identity (test_star_session.SharedPeerTests.test_short_partial_market_fill_and_add_keep_cash_identity) ... ok
check	Compile and run offline checks	2026-10-03T18:07:42.3634552Z test_atomic_report (test_state.StateTests.test_atomic_report) ... ok
check	Compile and run offline checks	2026-10-03T18:07:42.3740408Z test_crash_recovery_does_not_duplicate_or_overwrite_intents (test_state.StateTests.test_crash_recovery_does_not_duplicate_or_overwrite_intents) ... ok
check	Compile and run offline checks	2026-10-03T18:07:42.3741629Z test_deterministic_id_scope (test_state.StateTests.test_deterministic_id_scope) ... ok
check	Compile and run offline checks	2026-10-03T18:07:42.3831989Z test_exclusion_survives_database_commits (test_state.StateTests.test_exclusion_survives_database_commits) ... ok
check	Compile and run offline checks	2026-10-03T18:07:42.3901399Z test_state_directory_keeps_its_identity (test_state.StateTests.test_state_directory_keeps_its_identity) ... ok
check	Compile and run offline checks	2026-10-03T18:07:42.3979809Z test_damaged_database_blocks_instead_of_starting_empty (test_state.StateUpgradeAndRetention.test_damaged_database_blocks_instead_of_starting_empty) ... ok
check	Compile and run offline checks	2026-10-03T18:07:42.4058873Z test_fresh_directory_needs_no_backup_and_newer_state_blocks (test_state.StateUpgradeAndRetention.test_fresh_directory_needs_no_backup_and_newer_state_blocks) ... ok
check	Compile and run offline checks	2026-10-03T18:07:42.4210396Z test_legacy_directory_is_backed_up_once_before_it_is_versioned (test_state.StateUpgradeAndRetention.test_legacy_directory_is_backed_up_once_before_it_is_versioned) ... ok
check	Compile and run offline checks	2026-10-03T18:07:42.4539543Z test_old_observations_move_to_an_archive_before_deletion (test_state.StateUpgradeAndRetention.test_old_observations_move_to_an_archive_before_deletion) ... ok
check	Compile and run offline checks	2026-10-03T18:07:42.5704698Z test_entry_budget_uses_the_venue_clock (test_virtual_clock.VirtualClockTests.test_entry_budget_uses_the_venue_clock) ... ok
check	Compile and run offline checks	2026-10-03T18:07:42.5706287Z test_injected_monotonic_is_not_the_wall_clock (test_virtual_clock.VirtualClockTests.test_injected_monotonic_is_not_the_wall_clock) ... ok
check	Compile and run offline checks	2026-10-03T18:07:42.6061589Z test_positive_submillisecond_wait_advances_virtual_venues (test_virtual_clock.VirtualClockTests.test_positive_submillisecond_wait_advances_virtual_venues) ... ok
check	Compile and run offline checks	2026-10-03T18:07:42.6065964Z test_rate_limit_cooldown_stays_on_the_injected_clock (test_virtual_clock.VirtualClockTests.test_rate_limit_cooldown_stays_on_the_injected_clock) ... ok
check	Compile and run offline checks	2026-10-03T18:07:42.6066854Z 
check	Compile and run offline checks	2026-10-03T18:07:42.6067070Z ----------------------------------------------------------------------
check	Compile and run offline checks	2026-10-03T18:07:42.6067565Z Ran 443 tests in 21.425s
check	Compile and run offline checks	2026-10-03T18:07:42.6067773Z 
check	Compile and run offline checks	2026-10-03T18:07:42.6067888Z OK (skipped=5)
check	Post Run actions/setup-python@ece7cb06caefa5fff74198d8649806c4678c61a1	﻿2026-10-03T18:07:42.6560858Z Post job cleanup.
check	Post Run actions/checkout@fbc6f3992d24b796d5a048ff273f7fcc4a7b6c09	﻿2026-10-03T18:07:42.8014935Z Post job cleanup.
check	Post Run actions/checkout@fbc6f3992d24b796d5a048ff273f7fcc4a7b6c09	2026-10-03T18:07:42.8910507Z [command]/usr/bin/git version
check	Post Run actions/checkout@fbc6f3992d24b796d5a048ff273f7fcc4a7b6c09	2026-10-03T18:07:42.8956832Z git version 2.55.0
check	Post Run actions/checkout@fbc6f3992d24b796d5a048ff273f7fcc4a7b6c09	2026-10-03T18:07:42.8996391Z Temporarily overriding HOME='/home/runner/work/_temp/54890734-a45d-4c59-90a1-7163da1795b0' before making global git config changes
check	Post Run actions/checkout@fbc6f3992d24b796d5a048ff273f7fcc4a7b6c09	2026-10-03T18:07:42.8997977Z Adding repository directory to the temporary git global config as a safe directory
check	Post Run actions/checkout@fbc6f3992d24b796d5a048ff273f7fcc4a7b6c09	2026-10-03T18:07:42.9003118Z [command]/usr/bin/git config --global --add safe.directory /home/runner/work/coinquant/coinquant
check	Post Run actions/checkout@fbc6f3992d24b796d5a048ff273f7fcc4a7b6c09	2026-10-03T18:07:42.9043663Z [command]/usr/bin/git config --local --name-only --get-regexp core\.sshCommand
check	Post Run actions/checkout@fbc6f3992d24b796d5a048ff273f7fcc4a7b6c09	2026-10-03T18:07:42.9080710Z [command]/usr/bin/git submodule foreach --recursive sh -c "git config --local --name-only --get-regexp 'core\.sshCommand' && git config --local --unset-all 'core.sshCommand' || :"
check	Post Run actions/checkout@fbc6f3992d24b796d5a048ff273f7fcc4a7b6c09	2026-10-03T18:07:42.9349998Z [command]/usr/bin/git config --local --name-only --get-regexp http\.https\:\/\/github\.com\/\.extraheader
check	Post Run actions/checkout@fbc6f3992d24b796d5a048ff273f7fcc4a7b6c09	2026-10-03T18:07:42.9391669Z [command]/usr/bin/git submodule foreach --recursive sh -c "git config --local --name-only --get-regexp 'http\.https\:\/\/github\.com\/\.extraheader' && git config --local --unset-all 'http.https://github.com/.extraheader' || :"
check	Post Run actions/checkout@fbc6f3992d24b796d5a048ff273f7fcc4a7b6c09	2026-10-03T18:07:42.9726413Z [command]/usr/bin/git config --local --name-only --get-regexp ^includeIf\.gitdir:
check	Post Run actions/checkout@fbc6f3992d24b796d5a048ff273f7fcc4a7b6c09	2026-10-03T18:07:42.9790601Z [command]/usr/bin/git submodule foreach --recursive git config --local --show-origin --name-only --get-regexp remote.origin.url
check	Complete job	﻿2026-10-03T18:07:43.0281450Z Cleaning up orphan processes
