check	Set up job	﻿2026-10-03T18:06:47.4004878Z Current runner version: '2.337.0'
check	Set up job	2026-10-03T18:06:47.4026162Z ##[group]Runner Image Provisioner
check	Set up job	2026-10-03T18:06:47.4026973Z Hosted Compute Agent
check	Set up job	2026-10-03T18:06:47.4027530Z Version: 20260901.588
check	Set up job	2026-10-03T18:06:47.4028052Z Commit: f88ec8081b781fac6c440065ac7ff9e710ce3d0b
check	Set up job	2026-10-03T18:06:47.4028809Z Build Date: 2026-09-01T19:56:44Z
check	Set up job	2026-10-03T18:06:47.4029609Z Worker ID: {0b0b7fe5-e5ac-4bf3-bc4b-7e5b52fb2a79}
check	Set up job	2026-10-03T18:06:47.4030299Z Azure Region: westus2
check	Set up job	2026-10-03T18:06:47.4030802Z ##[endgroup]
check	Set up job	2026-10-03T18:06:47.4032078Z ##[group]Operating System
check	Set up job	2026-10-03T18:06:47.4032739Z Ubuntu
check	Set up job	2026-10-03T18:06:47.4033186Z 24.04.5
check	Set up job	2026-10-03T18:06:47.4033602Z LTS
check	Set up job	2026-10-03T18:06:47.4034149Z ##[endgroup]
check	Set up job	2026-10-03T18:06:47.4034621Z ##[group]Runner Image
check	Set up job	2026-10-03T18:06:47.4035230Z Image: ubuntu-24.04
check	Set up job	2026-10-03T18:06:47.4035720Z Version: 20260927.320.1
check	Set up job	2026-10-03T18:06:47.4036631Z Included Software: https://github.com/actions/runner-images/blob/ubuntu24/20260927.320/images/ubuntu/Ubuntu2404-Readme.md
check	Set up job	2026-10-03T18:06:47.4038265Z Image Release: https://github.com/actions/runner-images/releases/tag/ubuntu24%2F20260927.320
check	Set up job	2026-10-03T18:06:47.4039213Z ##[endgroup]
check	Set up job	2026-10-03T18:06:47.4040304Z ##[group]GITHUB_TOKEN Permissions
check	Set up job	2026-10-03T18:06:47.4042134Z Contents: read
check	Set up job	2026-10-03T18:06:47.4042634Z Metadata: read
check	Set up job	2026-10-03T18:06:47.4043139Z ##[endgroup]
check	Set up job	2026-10-03T18:06:47.4044975Z Secret source: Actions
check	Set up job	2026-10-03T18:06:47.4045769Z Cache mode: write
check	Set up job	2026-10-03T18:06:47.4046486Z Prepare workflow directory
check	Set up job	2026-10-03T18:06:47.4269052Z Prepare all required actions
check	Set up job	2026-10-03T18:06:47.4299119Z Getting action download info
check	Set up job	2026-10-03T18:06:47.7462088Z Download action repository 'actions/checkout@fbc6f3992d24b796d5a048ff273f7fcc4a7b6c09' (SHA:fbc6f3992d24b796d5a048ff273f7fcc4a7b6c09)
check	Set up job	2026-10-03T18:06:47.8413770Z Download action repository 'actions/setup-python@ece7cb06caefa5fff74198d8649806c4678c61a1' (SHA:ece7cb06caefa5fff74198d8649806c4678c61a1)
check	Set up job	2026-10-03T18:06:47.9997924Z Complete job name: check
check	Run actions/checkout@fbc6f3992d24b796d5a048ff273f7fcc4a7b6c09	﻿2026-10-03T18:06:48.0424249Z ##[group]Run actions/checkout@fbc6f3992d24b796d5a048ff273f7fcc4a7b6c09
check	Run actions/checkout@fbc6f3992d24b796d5a048ff273f7fcc4a7b6c09	2026-10-03T18:06:48.0424765Z with:
check	Run actions/checkout@fbc6f3992d24b796d5a048ff273f7fcc4a7b6c09	2026-10-03T18:06:48.0425030Z   ref: 6b751c8bf9e4c763d2ab7ea41faef4d1897f4ad1
check	Run actions/checkout@fbc6f3992d24b796d5a048ff273f7fcc4a7b6c09	2026-10-03T18:06:48.0425365Z   persist-credentials: false
check	Run actions/checkout@fbc6f3992d24b796d5a048ff273f7fcc4a7b6c09	2026-10-03T18:06:48.0425654Z   repository: geniusgrok/spotquant
check	Run actions/checkout@fbc6f3992d24b796d5a048ff273f7fcc4a7b6c09	2026-10-03T18:06:48.0427756Z   token: ***
check	Run actions/checkout@fbc6f3992d24b796d5a048ff273f7fcc4a7b6c09	2026-10-03T18:06:48.0427991Z   ssh-strict: true
check	Run actions/checkout@fbc6f3992d24b796d5a048ff273f7fcc4a7b6c09	2026-10-03T18:06:48.0428234Z   ssh-user: git
check	Run actions/checkout@fbc6f3992d24b796d5a048ff273f7fcc4a7b6c09	2026-10-03T18:06:48.0428470Z   clean: true
check	Run actions/checkout@fbc6f3992d24b796d5a048ff273f7fcc4a7b6c09	2026-10-03T18:06:48.0428717Z   sparse-checkout-cone-mode: true
check	Run actions/checkout@fbc6f3992d24b796d5a048ff273f7fcc4a7b6c09	2026-10-03T18:06:48.0429006Z   fetch-depth: 1
check	Run actions/checkout@fbc6f3992d24b796d5a048ff273f7fcc4a7b6c09	2026-10-03T18:06:48.0429363Z   fetch-tags: false
check	Run actions/checkout@fbc6f3992d24b796d5a048ff273f7fcc4a7b6c09	2026-10-03T18:06:48.0429611Z   show-progress: true
check	Run actions/checkout@fbc6f3992d24b796d5a048ff273f7fcc4a7b6c09	2026-10-03T18:06:48.0429860Z   lfs: false
check	Run actions/checkout@fbc6f3992d24b796d5a048ff273f7fcc4a7b6c09	2026-10-03T18:06:48.0430091Z   submodules: false
check	Run actions/checkout@fbc6f3992d24b796d5a048ff273f7fcc4a7b6c09	2026-10-03T18:06:48.0430340Z   set-safe-directory: true
check	Run actions/checkout@fbc6f3992d24b796d5a048ff273f7fcc4a7b6c09	2026-10-03T18:06:48.0430621Z   allow-unsafe-pr-checkout: false
check	Run actions/checkout@fbc6f3992d24b796d5a048ff273f7fcc4a7b6c09	2026-10-03T18:06:48.0430979Z ##[endgroup]
check	Run actions/checkout@fbc6f3992d24b796d5a048ff273f7fcc4a7b6c09	2026-10-03T18:06:48.1077545Z Syncing repository: geniusgrok/spotquant
check	Run actions/checkout@fbc6f3992d24b796d5a048ff273f7fcc4a7b6c09	2026-10-03T18:06:48.1078719Z ##[group]Getting Git version info
check	Run actions/checkout@fbc6f3992d24b796d5a048ff273f7fcc4a7b6c09	2026-10-03T18:06:48.1079105Z Working directory is '/home/runner/work/spotquant/spotquant'
check	Run actions/checkout@fbc6f3992d24b796d5a048ff273f7fcc4a7b6c09	2026-10-03T18:06:48.1080060Z [command]/usr/bin/git version
check	Run actions/checkout@fbc6f3992d24b796d5a048ff273f7fcc4a7b6c09	2026-10-03T18:06:48.1152177Z git version 2.55.0
check	Run actions/checkout@fbc6f3992d24b796d5a048ff273f7fcc4a7b6c09	2026-10-03T18:06:48.1165659Z ##[endgroup]
check	Run actions/checkout@fbc6f3992d24b796d5a048ff273f7fcc4a7b6c09	2026-10-03T18:06:48.1180231Z Temporarily overriding HOME='/home/runner/work/_temp/2879a18a-a817-4f68-89c2-c8f6d73342da' before making global git config changes
check	Run actions/checkout@fbc6f3992d24b796d5a048ff273f7fcc4a7b6c09	2026-10-03T18:06:48.1184138Z Adding repository directory to the temporary git global config as a safe directory
check	Run actions/checkout@fbc6f3992d24b796d5a048ff273f7fcc4a7b6c09	2026-10-03T18:06:48.1185114Z [command]/usr/bin/git config --global --add safe.directory /home/runner/work/spotquant/spotquant
check	Run actions/checkout@fbc6f3992d24b796d5a048ff273f7fcc4a7b6c09	2026-10-03T18:06:48.1235452Z Deleting the contents of '/home/runner/work/spotquant/spotquant'
check	Run actions/checkout@fbc6f3992d24b796d5a048ff273f7fcc4a7b6c09	2026-10-03T18:06:48.1239020Z ##[group]Initializing the repository
check	Run actions/checkout@fbc6f3992d24b796d5a048ff273f7fcc4a7b6c09	2026-10-03T18:06:48.1241666Z [command]/usr/bin/git init /home/runner/work/spotquant/spotquant
check	Run actions/checkout@fbc6f3992d24b796d5a048ff273f7fcc4a7b6c09	2026-10-03T18:06:48.1363380Z hint: Using 'master' as the name for the initial branch. This default branch name
check	Run actions/checkout@fbc6f3992d24b796d5a048ff273f7fcc4a7b6c09	2026-10-03T18:06:48.1366557Z hint: will change to "main" in Git 3.0. To configure the initial branch name
check	Run actions/checkout@fbc6f3992d24b796d5a048ff273f7fcc4a7b6c09	2026-10-03T18:06:48.1367808Z hint: to use in all of your new repositories, which will suppress this warning,
check	Run actions/checkout@fbc6f3992d24b796d5a048ff273f7fcc4a7b6c09	2026-10-03T18:06:48.1368475Z hint: call:
check	Run actions/checkout@fbc6f3992d24b796d5a048ff273f7fcc4a7b6c09	2026-10-03T18:06:48.1368805Z hint:
check	Run actions/checkout@fbc6f3992d24b796d5a048ff273f7fcc4a7b6c09	2026-10-03T18:06:48.1369425Z hint: 	git config --global init.defaultBranch <name>
check	Run actions/checkout@fbc6f3992d24b796d5a048ff273f7fcc4a7b6c09	2026-10-03T18:06:48.1369932Z hint:
check	Run actions/checkout@fbc6f3992d24b796d5a048ff273f7fcc4a7b6c09	2026-10-03T18:06:48.1370468Z hint: Names commonly chosen instead of 'master' are 'main', 'trunk' and
check	Run actions/checkout@fbc6f3992d24b796d5a048ff273f7fcc4a7b6c09	2026-10-03T18:06:48.1371250Z hint: 'development'. The just-created branch can be renamed via this command:
check	Run actions/checkout@fbc6f3992d24b796d5a048ff273f7fcc4a7b6c09	2026-10-03T18:06:48.1371887Z hint:
check	Run actions/checkout@fbc6f3992d24b796d5a048ff273f7fcc4a7b6c09	2026-10-03T18:06:48.1372229Z hint: 	git branch -m <name>
check	Run actions/checkout@fbc6f3992d24b796d5a048ff273f7fcc4a7b6c09	2026-10-03T18:06:48.1372630Z hint:
check	Run actions/checkout@fbc6f3992d24b796d5a048ff273f7fcc4a7b6c09	2026-10-03T18:06:48.1373167Z hint: Disable this message with "git config set advice.defaultBranchName false"
check	Run actions/checkout@fbc6f3992d24b796d5a048ff273f7fcc4a7b6c09	2026-10-03T18:06:48.1374201Z Initialized empty Git repository in /home/runner/work/spotquant/spotquant/.git/
check	Run actions/checkout@fbc6f3992d24b796d5a048ff273f7fcc4a7b6c09	2026-10-03T18:06:48.1376138Z [command]/usr/bin/git remote add origin https://github.com/geniusgrok/spotquant
check	Run actions/checkout@fbc6f3992d24b796d5a048ff273f7fcc4a7b6c09	2026-10-03T18:06:48.1427508Z ##[endgroup]
check	Run actions/checkout@fbc6f3992d24b796d5a048ff273f7fcc4a7b6c09	2026-10-03T18:06:48.1428261Z ##[group]Disabling automatic garbage collection
check	Run actions/checkout@fbc6f3992d24b796d5a048ff273f7fcc4a7b6c09	2026-10-03T18:06:48.1431837Z [command]/usr/bin/git config --local gc.auto 0
check	Run actions/checkout@fbc6f3992d24b796d5a048ff273f7fcc4a7b6c09	2026-10-03T18:06:48.1465824Z ##[endgroup]
check	Run actions/checkout@fbc6f3992d24b796d5a048ff273f7fcc4a7b6c09	2026-10-03T18:06:48.1466354Z ##[group]Setting up auth
check	Run actions/checkout@fbc6f3992d24b796d5a048ff273f7fcc4a7b6c09	2026-10-03T18:06:48.1471851Z [command]/usr/bin/git config --local --name-only --get-regexp core\.sshCommand
check	Run actions/checkout@fbc6f3992d24b796d5a048ff273f7fcc4a7b6c09	2026-10-03T18:06:48.1504395Z [command]/usr/bin/git submodule foreach --recursive sh -c "git config --local --name-only --get-regexp 'core\.sshCommand' && git config --local --unset-all 'core.sshCommand' || :"
check	Run actions/checkout@fbc6f3992d24b796d5a048ff273f7fcc4a7b6c09	2026-10-03T18:06:48.1826180Z [command]/usr/bin/git config --local --name-only --get-regexp http\.https\:\/\/github\.com\/\.extraheader
check	Run actions/checkout@fbc6f3992d24b796d5a048ff273f7fcc4a7b6c09	2026-10-03T18:06:48.1855223Z [command]/usr/bin/git submodule foreach --recursive sh -c "git config --local --name-only --get-regexp 'http\.https\:\/\/github\.com\/\.extraheader' && git config --local --unset-all 'http.https://github.com/.extraheader' || :"
check	Run actions/checkout@fbc6f3992d24b796d5a048ff273f7fcc4a7b6c09	2026-10-03T18:06:48.2025395Z [command]/usr/bin/git config --local --name-only --get-regexp ^includeIf\.gitdir:
check	Run actions/checkout@fbc6f3992d24b796d5a048ff273f7fcc4a7b6c09	2026-10-03T18:06:48.2052415Z [command]/usr/bin/git submodule foreach --recursive git config --local --show-origin --name-only --get-regexp remote.origin.url
check	Run actions/checkout@fbc6f3992d24b796d5a048ff273f7fcc4a7b6c09	2026-10-03T18:06:48.2223817Z [command]/usr/bin/git config --local http.https://github.com/.extraheader AUTHORIZATION: basic ***
check	Run actions/checkout@fbc6f3992d24b796d5a048ff273f7fcc4a7b6c09	2026-10-03T18:06:48.2257586Z ##[endgroup]
check	Run actions/checkout@fbc6f3992d24b796d5a048ff273f7fcc4a7b6c09	2026-10-03T18:06:48.2258173Z ##[group]Fetching the repository
check	Run actions/checkout@fbc6f3992d24b796d5a048ff273f7fcc4a7b6c09	2026-10-03T18:06:48.2264534Z [command]/usr/bin/git -c protocol.version=2 fetch --no-tags --prune --no-recurse-submodules --depth=1 origin 6b751c8bf9e4c763d2ab7ea41faef4d1897f4ad1
check	Run actions/checkout@fbc6f3992d24b796d5a048ff273f7fcc4a7b6c09	2026-10-03T18:06:55.8641630Z From https://github.com/geniusgrok/spotquant
check	Run actions/checkout@fbc6f3992d24b796d5a048ff273f7fcc4a7b6c09	2026-10-03T18:06:55.8643600Z  * branch            6b751c8bf9e4c763d2ab7ea41faef4d1897f4ad1 -> FETCH_HEAD
check	Run actions/checkout@fbc6f3992d24b796d5a048ff273f7fcc4a7b6c09	2026-10-03T18:06:55.8647290Z ##[endgroup]
check	Run actions/checkout@fbc6f3992d24b796d5a048ff273f7fcc4a7b6c09	2026-10-03T18:06:55.8648521Z ##[group]Determining the checkout info
check	Run actions/checkout@fbc6f3992d24b796d5a048ff273f7fcc4a7b6c09	2026-10-03T18:06:55.8650102Z ##[endgroup]
check	Run actions/checkout@fbc6f3992d24b796d5a048ff273f7fcc4a7b6c09	2026-10-03T18:06:55.8651536Z [command]/usr/bin/git sparse-checkout disable
check	Run actions/checkout@fbc6f3992d24b796d5a048ff273f7fcc4a7b6c09	2026-10-03T18:06:55.8725832Z [command]/usr/bin/git config --local --unset-all extensions.worktreeConfig
check	Run actions/checkout@fbc6f3992d24b796d5a048ff273f7fcc4a7b6c09	2026-10-03T18:06:55.8753071Z ##[group]Checking out the ref
check	Run actions/checkout@fbc6f3992d24b796d5a048ff273f7fcc4a7b6c09	2026-10-03T18:06:55.8755146Z [command]/usr/bin/git checkout --progress --force 6b751c8bf9e4c763d2ab7ea41faef4d1897f4ad1
check	Run actions/checkout@fbc6f3992d24b796d5a048ff273f7fcc4a7b6c09	2026-10-03T18:06:56.9040156Z Updating files:  33% (1651/4857)
check	Run actions/checkout@fbc6f3992d24b796d5a048ff273f7fcc4a7b6c09	2026-10-03T18:06:56.9204707Z Updating files:  34% (1652/4857)
check	Run actions/checkout@fbc6f3992d24b796d5a048ff273f7fcc4a7b6c09	2026-10-03T18:06:56.9448522Z Updating files:  35% (1700/4857)
check	Run actions/checkout@fbc6f3992d24b796d5a048ff273f7fcc4a7b6c09	2026-10-03T18:06:56.9725623Z Updating files:  36% (1749/4857)
check	Run actions/checkout@fbc6f3992d24b796d5a048ff273f7fcc4a7b6c09	2026-10-03T18:06:56.9746114Z Updating files:  37% (1798/4857)
check	Run actions/checkout@fbc6f3992d24b796d5a048ff273f7fcc4a7b6c09	2026-10-03T18:06:56.9757711Z Updating files:  38% (1846/4857)
check	Run actions/checkout@fbc6f3992d24b796d5a048ff273f7fcc4a7b6c09	2026-10-03T18:06:56.9774839Z Updating files:  39% (1895/4857)
check	Run actions/checkout@fbc6f3992d24b796d5a048ff273f7fcc4a7b6c09	2026-10-03T18:06:56.9787212Z Updating files:  40% (1943/4857)
check	Run actions/checkout@fbc6f3992d24b796d5a048ff273f7fcc4a7b6c09	2026-10-03T18:06:56.9828151Z Updating files:  41% (1992/4857)
check	Run actions/checkout@fbc6f3992d24b796d5a048ff273f7fcc4a7b6c09	2026-10-03T18:06:56.9855492Z Updating files:  42% (2040/4857)
check	Run actions/checkout@fbc6f3992d24b796d5a048ff273f7fcc4a7b6c09	2026-10-03T18:06:56.9900644Z Updating files:  43% (2089/4857)
check	Run actions/checkout@fbc6f3992d24b796d5a048ff273f7fcc4a7b6c09	2026-10-03T18:06:56.9911854Z Updating files:  44% (2138/4857)
check	Run actions/checkout@fbc6f3992d24b796d5a048ff273f7fcc4a7b6c09	2026-10-03T18:06:57.0085608Z Updating files:  45% (2186/4857)
check	Run actions/checkout@fbc6f3992d24b796d5a048ff273f7fcc4a7b6c09	2026-10-03T18:06:57.0114775Z Updating files:  46% (2235/4857)
check	Run actions/checkout@fbc6f3992d24b796d5a048ff273f7fcc4a7b6c09	2026-10-03T18:06:57.0139780Z Updating files:  47% (2283/4857)
check	Run actions/checkout@fbc6f3992d24b796d5a048ff273f7fcc4a7b6c09	2026-10-03T18:06:57.0163759Z Updating files:  48% (2332/4857)
check	Run actions/checkout@fbc6f3992d24b796d5a048ff273f7fcc4a7b6c09	2026-10-03T18:06:57.0178189Z Updating files:  49% (2380/4857)
check	Run actions/checkout@fbc6f3992d24b796d5a048ff273f7fcc4a7b6c09	2026-10-03T18:06:57.0193490Z Updating files:  50% (2429/4857)
check	Run actions/checkout@fbc6f3992d24b796d5a048ff273f7fcc4a7b6c09	2026-10-03T18:06:57.0233293Z Updating files:  51% (2478/4857)
check	Run actions/checkout@fbc6f3992d24b796d5a048ff273f7fcc4a7b6c09	2026-10-03T18:06:57.0249777Z Updating files:  52% (2526/4857)
check	Run actions/checkout@fbc6f3992d24b796d5a048ff273f7fcc4a7b6c09	2026-10-03T18:06:57.0259823Z Updating files:  53% (2575/4857)
check	Run actions/checkout@fbc6f3992d24b796d5a048ff273f7fcc4a7b6c09	2026-10-03T18:06:57.0268739Z Updating files:  54% (2623/4857)
check	Run actions/checkout@fbc6f3992d24b796d5a048ff273f7fcc4a7b6c09	2026-10-03T18:06:57.0291494Z Updating files:  55% (2672/4857)
check	Run actions/checkout@fbc6f3992d24b796d5a048ff273f7fcc4a7b6c09	2026-10-03T18:06:57.0311017Z Updating files:  56% (2720/4857)
check	Run actions/checkout@fbc6f3992d24b796d5a048ff273f7fcc4a7b6c09	2026-10-03T18:06:57.0352513Z Updating files:  57% (2769/4857)
check	Run actions/checkout@fbc6f3992d24b796d5a048ff273f7fcc4a7b6c09	2026-10-03T18:06:57.0371753Z Updating files:  58% (2818/4857)
check	Run actions/checkout@fbc6f3992d24b796d5a048ff273f7fcc4a7b6c09	2026-10-03T18:06:57.0392006Z Updating files:  59% (2866/4857)
check	Run actions/checkout@fbc6f3992d24b796d5a048ff273f7fcc4a7b6c09	2026-10-03T18:06:57.0456185Z Updating files:  60% (2915/4857)
check	Run actions/checkout@fbc6f3992d24b796d5a048ff273f7fcc4a7b6c09	2026-10-03T18:06:57.0512805Z Updating files:  61% (2963/4857)
check	Run actions/checkout@fbc6f3992d24b796d5a048ff273f7fcc4a7b6c09	2026-10-03T18:06:57.0587911Z Updating files:  62% (3012/4857)
check	Run actions/checkout@fbc6f3992d24b796d5a048ff273f7fcc4a7b6c09	2026-10-03T18:06:57.0662807Z Updating files:  63% (3060/4857)
check	Run actions/checkout@fbc6f3992d24b796d5a048ff273f7fcc4a7b6c09	2026-10-03T18:06:57.0701947Z Updating files:  64% (3109/4857)
check	Run actions/checkout@fbc6f3992d24b796d5a048ff273f7fcc4a7b6c09	2026-10-03T18:06:57.0757349Z Updating files:  65% (3158/4857)
check	Run actions/checkout@fbc6f3992d24b796d5a048ff273f7fcc4a7b6c09	2026-10-03T18:06:57.0792130Z Updating files:  66% (3206/4857)
check	Run actions/checkout@fbc6f3992d24b796d5a048ff273f7fcc4a7b6c09	2026-10-03T18:06:57.0804943Z Updating files:  67% (3255/4857)
check	Run actions/checkout@fbc6f3992d24b796d5a048ff273f7fcc4a7b6c09	2026-10-03T18:06:57.0818964Z Updating files:  68% (3303/4857)
check	Run actions/checkout@fbc6f3992d24b796d5a048ff273f7fcc4a7b6c09	2026-10-03T18:06:57.0832514Z Updating files:  69% (3352/4857)
check	Run actions/checkout@fbc6f3992d24b796d5a048ff273f7fcc4a7b6c09	2026-10-03T18:06:57.0846302Z Updating files:  70% (3400/4857)
check	Run actions/checkout@fbc6f3992d24b796d5a048ff273f7fcc4a7b6c09	2026-10-03T18:06:57.0859139Z Updating files:  71% (3449/4857)
check	Run actions/checkout@fbc6f3992d24b796d5a048ff273f7fcc4a7b6c09	2026-10-03T18:06:57.0870086Z Updating files:  72% (3498/4857)
check	Run actions/checkout@fbc6f3992d24b796d5a048ff273f7fcc4a7b6c09	2026-10-03T18:06:57.0883024Z Updating files:  73% (3546/4857)
check	Run actions/checkout@fbc6f3992d24b796d5a048ff273f7fcc4a7b6c09	2026-10-03T18:06:57.0894710Z Updating files:  74% (3595/4857)
check	Run actions/checkout@fbc6f3992d24b796d5a048ff273f7fcc4a7b6c09	2026-10-03T18:06:57.0906534Z Updating files:  75% (3643/4857)
check	Run actions/checkout@fbc6f3992d24b796d5a048ff273f7fcc4a7b6c09	2026-10-03T18:06:57.0918677Z Updating files:  76% (3692/4857)
check	Run actions/checkout@fbc6f3992d24b796d5a048ff273f7fcc4a7b6c09	2026-10-03T18:06:57.0930015Z Updating files:  77% (3740/4857)
check	Run actions/checkout@fbc6f3992d24b796d5a048ff273f7fcc4a7b6c09	2026-10-03T18:06:57.0941305Z Updating files:  78% (3789/4857)
check	Run actions/checkout@fbc6f3992d24b796d5a048ff273f7fcc4a7b6c09	2026-10-03T18:06:57.0952481Z Updating files:  79% (3838/4857)
check	Run actions/checkout@fbc6f3992d24b796d5a048ff273f7fcc4a7b6c09	2026-10-03T18:06:57.0963790Z Updating files:  80% (3886/4857)
check	Run actions/checkout@fbc6f3992d24b796d5a048ff273f7fcc4a7b6c09	2026-10-03T18:06:57.0977853Z Updating files:  81% (3935/4857)
check	Run actions/checkout@fbc6f3992d24b796d5a048ff273f7fcc4a7b6c09	2026-10-03T18:06:57.0995338Z Updating files:  82% (3983/4857)
check	Run actions/checkout@fbc6f3992d24b796d5a048ff273f7fcc4a7b6c09	2026-10-03T18:06:57.1010868Z Updating files:  83% (4032/4857)
check	Run actions/checkout@fbc6f3992d24b796d5a048ff273f7fcc4a7b6c09	2026-10-03T18:06:57.1028074Z Updating files:  84% (4080/4857)
check	Run actions/checkout@fbc6f3992d24b796d5a048ff273f7fcc4a7b6c09	2026-10-03T18:06:57.1043435Z Updating files:  85% (4129/4857)
check	Run actions/checkout@fbc6f3992d24b796d5a048ff273f7fcc4a7b6c09	2026-10-03T18:06:57.1061218Z Updating files:  86% (4178/4857)
check	Run actions/checkout@fbc6f3992d24b796d5a048ff273f7fcc4a7b6c09	2026-10-03T18:06:57.1076423Z Updating files:  87% (4226/4857)
check	Run actions/checkout@fbc6f3992d24b796d5a048ff273f7fcc4a7b6c09	2026-10-03T18:06:57.1092826Z Updating files:  88% (4275/4857)
check	Run actions/checkout@fbc6f3992d24b796d5a048ff273f7fcc4a7b6c09	2026-10-03T18:06:57.1110296Z Updating files:  89% (4323/4857)
check	Run actions/checkout@fbc6f3992d24b796d5a048ff273f7fcc4a7b6c09	2026-10-03T18:06:57.1128400Z Updating files:  90% (4372/4857)
check	Run actions/checkout@fbc6f3992d24b796d5a048ff273f7fcc4a7b6c09	2026-10-03T18:06:57.1145730Z Updating files:  91% (4420/4857)
check	Run actions/checkout@fbc6f3992d24b796d5a048ff273f7fcc4a7b6c09	2026-10-03T18:06:57.1169053Z Updating files:  92% (4469/4857)
check	Run actions/checkout@fbc6f3992d24b796d5a048ff273f7fcc4a7b6c09	2026-10-03T18:06:57.1189799Z Updating files:  93% (4518/4857)
check	Run actions/checkout@fbc6f3992d24b796d5a048ff273f7fcc4a7b6c09	2026-10-03T18:06:57.1214053Z Updating files:  94% (4566/4857)
check	Run actions/checkout@fbc6f3992d24b796d5a048ff273f7fcc4a7b6c09	2026-10-03T18:06:57.1285014Z Updating files:  95% (4615/4857)
check	Run actions/checkout@fbc6f3992d24b796d5a048ff273f7fcc4a7b6c09	2026-10-03T18:06:57.2775584Z Updating files:  96% (4663/4857)
check	Run actions/checkout@fbc6f3992d24b796d5a048ff273f7fcc4a7b6c09	2026-10-03T18:06:57.2886807Z Updating files:  97% (4712/4857)
check	Run actions/checkout@fbc6f3992d24b796d5a048ff273f7fcc4a7b6c09	2026-10-03T18:06:57.2921543Z Updating files:  98% (4760/4857)
check	Run actions/checkout@fbc6f3992d24b796d5a048ff273f7fcc4a7b6c09	2026-10-03T18:06:57.2951052Z Updating files:  99% (4809/4857)
check	Run actions/checkout@fbc6f3992d24b796d5a048ff273f7fcc4a7b6c09	2026-10-03T18:06:57.2951558Z Updating files: 100% (4857/4857)
check	Run actions/checkout@fbc6f3992d24b796d5a048ff273f7fcc4a7b6c09	2026-10-03T18:06:57.2951759Z Updating files: 100% (4857/4857), done.
check	Run actions/checkout@fbc6f3992d24b796d5a048ff273f7fcc4a7b6c09	2026-10-03T18:06:57.2994705Z Note: switching to '6b751c8bf9e4c763d2ab7ea41faef4d1897f4ad1'.
check	Run actions/checkout@fbc6f3992d24b796d5a048ff273f7fcc4a7b6c09	2026-10-03T18:06:57.2994938Z 
check	Run actions/checkout@fbc6f3992d24b796d5a048ff273f7fcc4a7b6c09	2026-10-03T18:06:57.2995098Z You are in 'detached HEAD' state. You can look around, make experimental
check	Run actions/checkout@fbc6f3992d24b796d5a048ff273f7fcc4a7b6c09	2026-10-03T18:06:57.2995480Z changes and commit them, and you can discard any commits you make in this
check	Run actions/checkout@fbc6f3992d24b796d5a048ff273f7fcc4a7b6c09	2026-10-03T18:06:57.2995853Z state without impacting any branches by switching back to a branch.
check	Run actions/checkout@fbc6f3992d24b796d5a048ff273f7fcc4a7b6c09	2026-10-03T18:06:57.2996531Z 
check	Run actions/checkout@fbc6f3992d24b796d5a048ff273f7fcc4a7b6c09	2026-10-03T18:06:57.2996679Z If you want to create a new branch to retain commits you create, you may
check	Run actions/checkout@fbc6f3992d24b796d5a048ff273f7fcc4a7b6c09	2026-10-03T18:06:57.2997039Z do so (now or later) by using -c with the switch command. Example:
check	Run actions/checkout@fbc6f3992d24b796d5a048ff273f7fcc4a7b6c09	2026-10-03T18:06:57.2997242Z 
check	Run actions/checkout@fbc6f3992d24b796d5a048ff273f7fcc4a7b6c09	2026-10-03T18:06:57.2997330Z   git switch -c <new-branch-name>
check	Run actions/checkout@fbc6f3992d24b796d5a048ff273f7fcc4a7b6c09	2026-10-03T18:06:57.2997438Z 
check	Run actions/checkout@fbc6f3992d24b796d5a048ff273f7fcc4a7b6c09	2026-10-03T18:06:57.2997493Z Or undo this operation with:
check	Run actions/checkout@fbc6f3992d24b796d5a048ff273f7fcc4a7b6c09	2026-10-03T18:06:57.2997579Z 
check	Run actions/checkout@fbc6f3992d24b796d5a048ff273f7fcc4a7b6c09	2026-10-03T18:06:57.2997625Z   git switch -
check	Run actions/checkout@fbc6f3992d24b796d5a048ff273f7fcc4a7b6c09	2026-10-03T18:06:57.2997689Z 
check	Run actions/checkout@fbc6f3992d24b796d5a048ff273f7fcc4a7b6c09	2026-10-03T18:06:57.2997800Z Turn off this advice by setting config variable advice.detachedHead to false
check	Run actions/checkout@fbc6f3992d24b796d5a048ff273f7fcc4a7b6c09	2026-10-03T18:06:57.2997951Z 
check	Run actions/checkout@fbc6f3992d24b796d5a048ff273f7fcc4a7b6c09	2026-10-03T18:06:57.2998128Z HEAD is now at 6b751c8 Merge 90fd8c35a65e786b75a97fc168a737b0ebca630d into ffd14d3aa53b191d15bd8377f0809a8846c53232
check	Run actions/checkout@fbc6f3992d24b796d5a048ff273f7fcc4a7b6c09	2026-10-03T18:06:57.3049632Z ##[endgroup]
check	Run actions/checkout@fbc6f3992d24b796d5a048ff273f7fcc4a7b6c09	2026-10-03T18:06:57.3090814Z [command]/usr/bin/git log -1 --format=%H
check	Run actions/checkout@fbc6f3992d24b796d5a048ff273f7fcc4a7b6c09	2026-10-03T18:06:57.3111695Z 6b751c8bf9e4c763d2ab7ea41faef4d1897f4ad1
check	Run actions/checkout@fbc6f3992d24b796d5a048ff273f7fcc4a7b6c09	2026-10-03T18:06:57.3123348Z ##[group]Removing auth
check	Run actions/checkout@fbc6f3992d24b796d5a048ff273f7fcc4a7b6c09	2026-10-03T18:06:57.3123745Z [command]/usr/bin/git config --local --name-only --get-regexp core\.sshCommand
check	Run actions/checkout@fbc6f3992d24b796d5a048ff273f7fcc4a7b6c09	2026-10-03T18:06:57.3148683Z [command]/usr/bin/git submodule foreach --recursive sh -c "git config --local --name-only --get-regexp 'core\.sshCommand' && git config --local --unset-all 'core.sshCommand' || :"
check	Run actions/checkout@fbc6f3992d24b796d5a048ff273f7fcc4a7b6c09	2026-10-03T18:06:57.3318244Z [command]/usr/bin/git config --local --name-only --get-regexp http\.https\:\/\/github\.com\/\.extraheader
check	Run actions/checkout@fbc6f3992d24b796d5a048ff273f7fcc4a7b6c09	2026-10-03T18:06:57.3341134Z http.https://github.com/.extraheader
check	Run actions/checkout@fbc6f3992d24b796d5a048ff273f7fcc4a7b6c09	2026-10-03T18:06:57.3346681Z [command]/usr/bin/git config --local --unset-all http.https://github.com/.extraheader
check	Run actions/checkout@fbc6f3992d24b796d5a048ff273f7fcc4a7b6c09	2026-10-03T18:06:57.3372683Z [command]/usr/bin/git submodule foreach --recursive sh -c "git config --local --name-only --get-regexp 'http\.https\:\/\/github\.com\/\.extraheader' && git config --local --unset-all 'http.https://github.com/.extraheader' || :"
check	Run actions/checkout@fbc6f3992d24b796d5a048ff273f7fcc4a7b6c09	2026-10-03T18:06:57.3541180Z [command]/usr/bin/git config --local --name-only --get-regexp ^includeIf\.gitdir:
check	Run actions/checkout@fbc6f3992d24b796d5a048ff273f7fcc4a7b6c09	2026-10-03T18:06:57.3565710Z [command]/usr/bin/git submodule foreach --recursive git config --local --show-origin --name-only --get-regexp remote.origin.url
check	Run actions/checkout@fbc6f3992d24b796d5a048ff273f7fcc4a7b6c09	2026-10-03T18:06:57.3727573Z ##[endgroup]
check	Run actions/setup-python@ece7cb06caefa5fff74198d8649806c4678c61a1	﻿2026-10-03T18:06:57.3949390Z ##[group]Run actions/setup-python@ece7cb06caefa5fff74198d8649806c4678c61a1
check	Run actions/setup-python@ece7cb06caefa5fff74198d8649806c4678c61a1	2026-10-03T18:06:57.3949651Z with:
check	Run actions/setup-python@ece7cb06caefa5fff74198d8649806c4678c61a1	2026-10-03T18:06:57.3949767Z   python-version: 3.13
check	Run actions/setup-python@ece7cb06caefa5fff74198d8649806c4678c61a1	2026-10-03T18:06:57.3949887Z   check-latest: false
check	Run actions/setup-python@ece7cb06caefa5fff74198d8649806c4678c61a1	2026-10-03T18:06:57.3951130Z   token: ***
check	Run actions/setup-python@ece7cb06caefa5fff74198d8649806c4678c61a1	2026-10-03T18:06:57.3951244Z   update-environment: true
check	Run actions/setup-python@ece7cb06caefa5fff74198d8649806c4678c61a1	2026-10-03T18:06:57.3951376Z   allow-prereleases: false
check	Run actions/setup-python@ece7cb06caefa5fff74198d8649806c4678c61a1	2026-10-03T18:06:57.3951496Z   freethreaded: false
check	Run actions/setup-python@ece7cb06caefa5fff74198d8649806c4678c61a1	2026-10-03T18:06:57.3951612Z ##[endgroup]
check	Run actions/setup-python@ece7cb06caefa5fff74198d8649806c4678c61a1	2026-10-03T18:06:57.4758825Z ##[group]Installed versions
check	Run actions/setup-python@ece7cb06caefa5fff74198d8649806c4678c61a1	2026-10-03T18:06:57.4813906Z Successfully set up CPython (3.13.15)
check	Run actions/setup-python@ece7cb06caefa5fff74198d8649806c4678c61a1	2026-10-03T18:06:57.4814267Z ##[endgroup]
check	Compile and run offline checks	﻿2026-10-03T18:06:57.4944593Z ##[group]Run python -m compileall -q spotquant research tests
check	Compile and run offline checks	2026-10-03T18:06:57.4944918Z [36;1mpython -m compileall -q spotquant research tests[0m
check	Compile and run offline checks	2026-10-03T18:06:57.4945138Z [36;1mpython -m unittest discover -s tests -v[0m
check	Compile and run offline checks	2026-10-03T18:06:57.5196698Z shell: /usr/bin/bash -e {0}
check	Compile and run offline checks	2026-10-03T18:06:57.5196920Z env:
check	Compile and run offline checks	2026-10-03T18:06:57.5197093Z   pythonLocation: /opt/hostedtoolcache/Python/3.13.15/x64
check	Compile and run offline checks	2026-10-03T18:06:57.5197354Z   PKG_CONFIG_PATH: /opt/hostedtoolcache/Python/3.13.15/x64/lib/pkgconfig
check	Compile and run offline checks	2026-10-03T18:06:57.5197587Z   Python_ROOT_DIR: /opt/hostedtoolcache/Python/3.13.15/x64
check	Compile and run offline checks	2026-10-03T18:06:57.5197818Z   Python2_ROOT_DIR: /opt/hostedtoolcache/Python/3.13.15/x64
check	Compile and run offline checks	2026-10-03T18:06:57.5198026Z   Python3_ROOT_DIR: /opt/hostedtoolcache/Python/3.13.15/x64
check	Compile and run offline checks	2026-10-03T18:06:57.5198238Z   LD_LIBRARY_PATH: /opt/hostedtoolcache/Python/3.13.15/x64/lib
check	Compile and run offline checks	2026-10-03T18:06:57.5198424Z ##[endgroup]
check	Compile and run offline checks	2026-10-03T18:06:58.3184910Z test_a_close_four_percent_under_the_fill_sells_the_next_open (test_account.AccountTests.test_a_close_four_percent_under_the_fill_sells_the_next_open) ... ok
check	Compile and run offline checks	2026-10-03T18:06:58.3186440Z test_a_cold_start_waits_for_a_fresh_cross_and_the_first_open_never_buys (test_account.AccountTests.test_a_cold_start_waits_for_a_fresh_cross_and_the_first_open_never_buys) ... ok
check	Compile and run offline checks	2026-10-03T18:06:58.3187767Z test_a_stop_due_on_the_bar_after_the_window_stays_visible (test_account.AccountTests.test_a_stop_due_on_the_bar_after_the_window_stays_visible) ... ok
check	Compile and run offline checks	2026-10-03T18:06:58.3189363Z test_conversion_haircut_is_applied_twice_on_an_idle_account (test_account.AccountTests.test_conversion_haircut_is_applied_twice_on_an_idle_account) ... ok
check	Compile and run offline checks	2026-10-03T18:06:58.3190893Z test_entry_is_delayed_until_the_next_open_and_trail_exits (test_account.AccountTests.test_entry_is_delayed_until_the_next_open_and_trail_exits) ... ok
check	Compile and run offline checks	2026-10-03T18:06:58.3193670Z test_one_sleeve_prints_the_single_account (test_account.AccountTests.test_one_sleeve_prints_the_single_account) ... ok
check	Compile and run offline checks	2026-10-03T18:06:58.3194971Z test_the_final_cny_mark_enters_the_drawdown (test_account.AccountTests.test_the_final_cny_mark_enters_the_drawdown) ... ok
check	Compile and run offline checks	2026-10-03T18:06:58.3197780Z test_two_sleeves_split_the_pool_and_exit_on_their_own_coins (test_account.AccountTests.test_two_sleeves_split_the_pool_and_exit_on_their_own_coins) ... ok
check	Compile and run offline checks	2026-10-03T18:06:58.3198888Z test_atr_counts_the_previous_close_gap_and_waits_for_fourteen_ranges (test_adoption_spot.AdoptionTests.test_atr_counts_the_previous_close_gap_and_waits_for_fourteen_ranges) ... ok
check	Compile and run offline checks	2026-10-03T18:06:58.7371588Z {"candidate": "crowding-interaction", "scenario": "base", "session": 0}
check	Compile and run offline checks	2026-10-03T18:06:58.8224685Z test_canonical_meter_never_installs_research_decisions (test_adoption_spot.AdoptionTests.test_canonical_meter_never_installs_research_decisions) ... /home/runner/work/spotquant/spotquant/spotquant/preview.py:279: ResourceWarning: unclosed database in <sqlite3.Connection object at 0x7fa260934a90>
check	Compile and run offline checks	2026-10-03T18:06:58.8225855Z   held_value = sum((coins[window] * price for window in views if window not in exiting), D(0))
check	Compile and run offline checks	2026-10-03T18:06:58.8226335Z ResourceWarning: Enable tracemalloc to get the object allocation traceback
check	Compile and run offline checks	2026-10-03T18:06:58.8226966Z /home/runner/work/spotquant/spotquant/spotquant/preview.py:279: ResourceWarning: unclosed database in <sqlite3.Connection object at 0x7fa2609348b0>
check	Compile and run offline checks	2026-10-03T18:06:58.8227627Z   held_value = sum((coins[window] * price for window in views if window not in exiting), D(0))
check	Compile and run offline checks	2026-10-03T18:06:58.8228071Z ResourceWarning: Enable tracemalloc to get the object allocation traceback
check	Compile and run offline checks	2026-10-03T18:06:59.5669099Z /home/runner/work/spotquant/spotquant/spotquant/types.py:37: ResourceWarning: unclosed database in <sqlite3.Connection object at 0x7fa260934e50>
check	Compile and run offline checks	2026-10-03T18:06:59.5669827Z   return (value / step).to_integral_value(rounding=ROUND_DOWN) * step
check	Compile and run offline checks	2026-10-03T18:06:59.5670190Z ResourceWarning: Enable tracemalloc to get the object allocation traceback
check	Compile and run offline checks	2026-10-03T18:06:59.5670742Z /home/runner/work/spotquant/spotquant/spotquant/types.py:37: ResourceWarning: unclosed database in <sqlite3.Connection object at 0x7fa260934b80>
check	Compile and run offline checks	2026-10-03T18:06:59.5671568Z   return (value / step).to_integral_value(rounding=ROUND_DOWN) * step
check	Compile and run offline checks	2026-10-03T18:06:59.5671958Z ResourceWarning: Enable tracemalloc to get the object allocation traceback
check	Compile and run offline checks	2026-10-03T18:07:00.1887257Z ok
check	Compile and run offline checks	2026-10-03T18:07:00.1900404Z test_canonical_meter_rejects_surrounding_research_hook (test_adoption_spot.AdoptionTests.test_canonical_meter_rejects_surrounding_research_hook) ... /home/runner/work/spotquant/spotquant/research/edge_features.py:142: ResourceWarning: unclosed database in <sqlite3.Connection object at 0x7fa260934c70>
check	Compile and run offline checks	2026-10-03T18:07:00.1901339Z   number = Decimal(value)
check	Compile and run offline checks	2026-10-03T18:07:00.1901541Z ResourceWarning: Enable tracemalloc to get the object allocation traceback
check	Compile and run offline checks	2026-10-03T18:07:00.1901950Z /home/runner/work/spotquant/spotquant/research/edge_features.py:142: ResourceWarning: unclosed database in <sqlite3.Connection object at 0x7fa260934f40>
check	Compile and run offline checks	2026-10-03T18:07:00.1902475Z   number = Decimal(value)
check	Compile and run offline checks	2026-10-03T18:07:00.1902794Z ResourceWarning: Enable tracemalloc to get the object allocation traceback
check	Compile and run offline checks	2026-10-03T18:07:00.1906515Z ok
check	Compile and run offline checks	2026-10-03T18:07:00.8163460Z {"candidate": "crowding-interaction", "scenario": "base", "session": 0}
check	Compile and run offline checks	2026-10-03T18:07:00.8579425Z test_canonical_synthetic_account_matches_selected_research_all_six_groups (test_adoption_spot.AdoptionTests.test_canonical_synthetic_account_matches_selected_research_all_six_groups) ... /opt/hostedtoolcache/Python/3.13.15/x64/lib/python3.13/json/encoder.py:254: ResourceWarning: unclosed database in <sqlite3.Connection object at 0x7fa260934a90>
check	Compile and run offline checks	2026-10-03T18:07:00.8580321Z   _iterencode = c_make_encoder(
check	Compile and run offline checks	2026-10-03T18:07:00.8580526Z ResourceWarning: Enable tracemalloc to get the object allocation traceback
check	Compile and run offline checks	2026-10-03T18:07:00.8580926Z /opt/hostedtoolcache/Python/3.13.15/x64/lib/python3.13/json/encoder.py:254: ResourceWarning: unclosed database in <sqlite3.Connection object at 0x7fa2609345e0>
check	Compile and run offline checks	2026-10-03T18:07:00.8581270Z   _iterencode = c_make_encoder(
check	Compile and run offline checks	2026-10-03T18:07:00.8581515Z ResourceWarning: Enable tracemalloc to get the object allocation traceback
check	Compile and run offline checks	2026-10-03T18:07:01.1921147Z /opt/hostedtoolcache/Python/3.13.15/x64/lib/python3.13/json/encoder.py:263: ResourceWarning: unclosed database in <sqlite3.Connection object at 0x7fa260935030>
check	Compile and run offline checks	2026-10-03T18:07:01.1921819Z   return _iterencode(o, 0)
check	Compile and run offline checks	2026-10-03T18:07:01.1922118Z ResourceWarning: Enable tracemalloc to get the object allocation traceback
check	Compile and run offline checks	2026-10-03T18:07:01.1922769Z /opt/hostedtoolcache/Python/3.13.15/x64/lib/python3.13/json/encoder.py:263: ResourceWarning: unclosed database in <sqlite3.Connection object at 0x7fa2609348b0>
check	Compile and run offline checks	2026-10-03T18:07:01.1923242Z   return _iterencode(o, 0)
check	Compile and run offline checks	2026-10-03T18:07:01.1923429Z ResourceWarning: Enable tracemalloc to get the object allocation traceback
check	Compile and run offline checks	2026-10-03T18:07:01.6498945Z /home/runner/work/spotquant/spotquant/spotquant/model.py:233: ResourceWarning: unclosed database in <sqlite3.Connection object at 0x7fa260934d60>
check	Compile and run offline checks	2026-10-03T18:07:01.6499612Z   self.true_ranges.append((open_time, max(high - low, abs(high - self.close), abs(low - self.close))))
check	Compile and run offline checks	2026-10-03T18:07:01.6499990Z ResourceWarning: Enable tracemalloc to get the object allocation traceback
check	Compile and run offline checks	2026-10-03T18:07:01.6500428Z /home/runner/work/spotquant/spotquant/spotquant/model.py:233: ResourceWarning: unclosed database in <sqlite3.Connection object at 0x7fa260935e40>
check	Compile and run offline checks	2026-10-03T18:07:01.6500880Z   self.true_ranges.append((open_time, max(high - low, abs(high - self.close), abs(low - self.close))))
check	Compile and run offline checks	2026-10-03T18:07:01.6501195Z ResourceWarning: Enable tracemalloc to get the object allocation traceback
check	Compile and run offline checks	2026-10-03T18:07:02.0068318Z {"candidate": "crowding-interaction", "scenario": "base", "session": 0}
check	Compile and run offline checks	2026-10-03T18:07:02.0309438Z /home/runner/work/spotquant/spotquant/spotquant/model.py:350: ResourceWarning: unclosed database in <sqlite3.Connection object at 0x7fa2609348b0>
check	Compile and run offline checks	2026-10-03T18:07:02.0310185Z   model.closes = deque((D(item) for item in body['closes']), maxlen=limit)
check	Compile and run offline checks	2026-10-03T18:07:02.0310641Z ResourceWarning: Enable tracemalloc to get the object allocation traceback
check	Compile and run offline checks	2026-10-03T18:07:02.0311629Z /home/runner/work/spotquant/spotquant/spotquant/model.py:350: ResourceWarning: unclosed database in <sqlite3.Connection object at 0x7fa2609358a0>
check	Compile and run offline checks	2026-10-03T18:07:02.0312276Z   model.closes = deque((D(item) for item in body['closes']), maxlen=limit)
check	Compile and run offline checks	2026-10-03T18:07:02.0312688Z ResourceWarning: Enable tracemalloc to get the object allocation traceback
check	Compile and run offline checks	2026-10-03T18:07:02.4376901Z /home/runner/work/spotquant/spotquant/spotquant/preview.py:196: ResourceWarning: unclosed database in <sqlite3.Connection object at 0x7fa2609345e0>
check	Compile and run offline checks	2026-10-03T18:07:02.4377609Z   known = any(snapshot.get(key) is not None for key in (
check	Compile and run offline checks	2026-10-03T18:07:02.4378001Z ResourceWarning: Enable tracemalloc to get the object allocation traceback
check	Compile and run offline checks	2026-10-03T18:07:02.4378665Z /home/runner/work/spotquant/spotquant/spotquant/preview.py:196: ResourceWarning: unclosed database in <sqlite3.Connection object at 0x7fa260934e50>
check	Compile and run offline checks	2026-10-03T18:07:02.4379408Z   known = any(snapshot.get(key) is not None for key in (
check	Compile and run offline checks	2026-10-03T18:07:02.4379818Z ResourceWarning: Enable tracemalloc to get the object allocation traceback
check	Compile and run offline checks	2026-10-03T18:07:02.8213583Z ok
check	Compile and run offline checks	2026-10-03T18:07:02.8221770Z test_completed_atr_checkpoint_and_chronology (test_adoption_spot.AdoptionTests.test_completed_atr_checkpoint_and_chronology) ... ok
check	Compile and run offline checks	2026-10-03T18:07:02.8309532Z test_decision_floor_actual_peak_and_through_mark_exit (test_adoption_spot.AdoptionTests.test_decision_floor_actual_peak_and_through_mark_exit) ... ok
check	Compile and run offline checks	2026-10-03T18:07:02.8470075Z test_diagnostic_profile_cutoff_owned_sizes_and_rerun_binding (test_adoption_spot.AdoptionTests.test_diagnostic_profile_cutoff_owned_sizes_and_rerun_binding) ... ok
check	Compile and run offline checks	2026-10-03T18:07:02.9152904Z test_legacy_flat_held_and_pending_reject_before_recovery (test_adoption_spot.AdoptionTests.test_legacy_flat_held_and_pending_reject_before_recovery) ... ok
check	Compile and run offline checks	2026-10-03T18:07:02.9977225Z test_malformed_checkpoint_or_pending_payload_blocks_recovery (test_adoption_spot.AdoptionTests.test_malformed_checkpoint_or_pending_payload_blocks_recovery) ... /home/runner/work/spotquant/spotquant/spotquant/model.py:233: ResourceWarning: unclosed database in <sqlite3.Connection object at 0x7fa260934b80>
check	Compile and run offline checks	2026-10-03T18:07:02.9978368Z   self.true_ranges.append((open_time, max(high - low, abs(high - self.close), abs(low - self.close))))
check	Compile and run offline checks	2026-10-03T18:07:02.9978763Z ResourceWarning: Enable tracemalloc to get the object allocation traceback
check	Compile and run offline checks	2026-10-03T18:07:03.0340631Z ok
check	Compile and run offline checks	2026-10-03T18:07:03.0424288Z test_native_floor_status_and_campaign_boundary (test_adoption_spot.AdoptionTests.test_native_floor_status_and_campaign_boundary) ... ok
check	Compile and run offline checks	2026-10-03T18:07:03.0434480Z test_actual_validation_bad_risk_is_never_labeled_matched_alpha (test_alpha_assessment.AssessmentTests.test_actual_validation_bad_risk_is_never_labeled_matched_alpha) ... ok
check	Compile and run offline checks	2026-10-03T18:07:03.1037649Z test_assessment_project_and_global_calibrations_keep_actual_raw_hashes (test_alpha_assessment.AssessmentTests.test_assessment_project_and_global_calibrations_keep_actual_raw_hashes) ... ok
check	Compile and run offline checks	2026-10-03T18:07:03.1969969Z test_canonical_financial_cash_path_is_retained_with_real_helpers (test_alpha_assessment.AssessmentTests.test_canonical_financial_cash_path_is_retained_with_real_helpers) ... ok
check	Compile and run offline checks	2026-10-03T18:07:03.1974179Z test_causal_sizes_are_actual_and_coin_trigger_gap_has_identity (test_alpha_assessment.AssessmentTests.test_causal_sizes_are_actual_and_coin_trigger_gap_has_identity) ... ok
check	Compile and run offline checks	2026-10-03T18:07:03.1982987Z test_cli_accepts_project_calibration_paths (test_alpha_assessment.AssessmentTests.test_cli_accepts_project_calibration_paths) ... ok
check	Compile and run offline checks	2026-10-03T18:07:03.1986511Z test_coin_fill_conflicting_client_or_campaign_relations_stay_unknown (test_alpha_assessment.AssessmentTests.test_coin_fill_conflicting_client_or_campaign_relations_stay_unknown) ... ok
check	Compile and run offline checks	2026-10-03T18:07:03.1990548Z test_coin_fill_links_preserve_partial_fills_repeated_unknown_writes_and_unknown_exits (test_alpha_assessment.AssessmentTests.test_coin_fill_links_preserve_partial_fills_repeated_unknown_writes_and_unknown_exits) ... ok
check	Compile and run offline checks	2026-10-03T18:07:03.2030168Z test_coin_nested_schema_and_own_hash_scheme_accepts_all20_rejects_mismatch (test_alpha_assessment.AssessmentTests.test_coin_nested_schema_and_own_hash_scheme_accepts_all20_rejects_mismatch) ... ok
check	Compile and run offline checks	2026-10-03T18:07:03.2202393Z test_coin_original_cagr_uses_registered_year_not_daily_normalization (test_alpha_assessment.AssessmentTests.test_coin_original_cagr_uses_registered_year_not_daily_normalization) ... ok
check	Compile and run offline checks	2026-10-03T18:07:03.2208068Z test_diagnostic_warmup_distinct_ids_future_tail_and_actual_fill (test_alpha_assessment.AssessmentTests.test_diagnostic_warmup_distinct_ids_future_tail_and_actual_fill) ... ok
check	Compile and run offline checks	2026-10-03T18:07:03.2252625Z test_exact_matrix_missing_extra_malformed_and_retained_incomplete (test_alpha_assessment.AssessmentTests.test_exact_matrix_missing_extra_malformed_and_retained_incomplete) ... ok
check	Compile and run offline checks	2026-10-03T18:07:03.2289534Z test_explicit_manifest_verifies_raw_hashes_and_rejects_duplicates (test_alpha_assessment.AssessmentTests.test_explicit_manifest_verifies_raw_hashes_and_rejects_duplicates) ... ok
check	Compile and run offline checks	2026-10-03T18:07:03.2322897Z test_final_rejected_inventory_closes_work_without_claiming_validity (test_alpha_assessment.AssessmentTests.test_final_rejected_inventory_closes_work_without_claiming_validity) ... ok
check	Compile and run offline checks	2026-10-03T18:07:03.4885559Z test_forward_assessor_only_equivalence_uses_committed_trees_and_full_analysis_identity (test_alpha_assessment.AssessmentTests.test_forward_assessor_only_equivalence_uses_committed_trees_and_full_analysis_identity) ... ok
check	Compile and run offline checks	2026-10-03T18:07:03.5067951Z test_forward_latest_only_atomic_integrity_future_and_source_mismatch (test_alpha_assessment.AssessmentTests.test_forward_latest_only_atomic_integrity_future_and_source_mismatch) ... ok
check	Compile and run offline checks	2026-10-03T18:07:03.5084968Z test_full_baseline_evidence_detects_money_ownership_actions_and_clocks (test_alpha_assessment.AssessmentTests.test_full_baseline_evidence_detects_money_ownership_actions_and_clocks) ... ok
check	Compile and run offline checks	2026-10-03T18:07:03.5094401Z test_invalid_base_keeps_all_ten_obligations_with_no_fabricated_profile (test_alpha_assessment.AssessmentTests.test_invalid_base_keeps_all_ten_obligations_with_no_fabricated_profile) ... ok
check	Compile and run offline checks	2026-10-03T18:07:03.5102429Z test_lossless_gzip_hashes_original_bytes_and_rejects_duplicate_keys (test_alpha_assessment.AssessmentTests.test_lossless_gzip_hashes_original_bytes_and_rejects_duplicate_keys) ... ok
check	Compile and run offline checks	2026-10-03T18:07:03.5107567Z test_original_read_completion_and_actual_write_deadlines_not_epsilon (test_alpha_assessment.AssessmentTests.test_original_read_completion_and_actual_write_deadlines_not_epsilon) ... ok
check	Compile and run offline checks	2026-10-03T18:07:03.5112281Z test_original_reference_is_pinned_before_any_source_or_comparison_work (test_alpha_assessment.AssessmentTests.test_original_reference_is_pinned_before_any_source_or_comparison_work) ... ok
check	Compile and run offline checks	2026-10-03T18:07:03.5135999Z test_outage_uses_actual_filtered_789_and_complete_requires_archive (test_alpha_assessment.AssessmentTests.test_outage_uses_actual_filtered_789_and_complete_requires_archive) ... ok
check	Compile and run offline checks	2026-10-03T18:07:03.5364435Z test_project_calibration_is_exact_complete_deterministic_subset (test_alpha_assessment.AssessmentTests.test_project_calibration_is_exact_complete_deterministic_subset) ... ok
check	Compile and run offline checks	2026-10-03T18:07:03.5367608Z test_reduced_mdd_cannot_hide_more_than_one_percent_cagr_loss (test_alpha_assessment.AssessmentTests.test_reduced_mdd_cannot_hide_more_than_one_percent_cagr_loss) ... ok
check	Compile and run offline checks	2026-10-03T18:07:03.5433256Z test_risk_requires_exact_file_hash_profile_and_bound_candidate (test_alpha_assessment.AssessmentTests.test_risk_requires_exact_file_hash_profile_and_bound_candidate) ... ok
check	Compile and run offline checks	2026-10-03T18:07:03.5436959Z test_selection_all_stresses_core_tie_slow_combo_pending_and_failed_fallback (test_alpha_assessment.AssessmentTests.test_selection_all_stresses_core_tie_slow_combo_pending_and_failed_fallback) ... ok
check	Compile and run offline checks	2026-10-03T18:07:03.5486177Z test_source_input_spec_protocol_candidate_capital_starts_fail_closed (test_alpha_assessment.AssessmentTests.test_source_input_spec_protocol_candidate_capital_starts_fail_closed) ... ok
check	Compile and run offline checks	2026-10-03T18:07:03.5498267Z test_training_only_scale_is_independent_of_future_values_and_self_unity (test_alpha_assessment.AssessmentTests.test_training_only_scale_is_independent_of_future_values_and_self_unity) ... ok
check	Compile and run offline checks	2026-10-03T18:07:03.5664183Z test_atr_partial_exit_remainder_retains_tightened_stop (test_alpha_spot.AlphaSpotTests.test_atr_partial_exit_remainder_retains_tightened_stop) ... ok
check	Compile and run offline checks	2026-10-03T18:07:03.6053975Z test_atr_stop_never_loosens_and_crossed_mark_uses_real_sell (test_alpha_spot.AlphaSpotTests.test_atr_stop_never_loosens_and_crossed_mark_uses_real_sell) ... ok
check	Compile and run offline checks	2026-10-03T18:07:03.6540791Z test_atr_uses_only_completed_ranges_and_close_variant_preserves_repair (test_alpha_spot.AlphaSpotTests.test_atr_uses_only_completed_ranges_and_close_variant_preserves_repair) ... ok
check	Compile and run offline checks	2026-10-03T18:07:03.6558428Z test_bundle_hashes_exact_registered_protocol_path (test_alpha_spot.AlphaSpotTests.test_bundle_hashes_exact_registered_protocol_path) ... ok
check	Compile and run offline checks	2026-10-03T18:07:03.6575611Z test_calibration_rejects_unbound_future_and_nonfinite_profiles (test_alpha_spot.AlphaSpotTests.test_calibration_rejects_unbound_future_and_nonfinite_profiles) ... ok
check	Compile and run offline checks	2026-10-03T18:07:03.6576853Z test_components_are_finite_and_core_modes_exclusive (test_alpha_spot.AlphaSpotTests.test_components_are_finite_and_core_modes_exclusive) ... ok
check	Compile and run offline checks	2026-10-03T18:07:03.7333058Z test_core_checkpoint_identity_rejects_even_flat_account_mismatch (test_alpha_spot.AlphaSpotTests.test_core_checkpoint_identity_rejects_even_flat_account_mismatch) ... ok
check	Compile and run offline checks	2026-10-03T18:07:03.7340240Z test_core_provenance_ignores_partial_exit_and_slow_waits_for_bull_signal (test_alpha_spot.AlphaSpotTests.test_core_provenance_ignores_partial_exit_and_slow_waits_for_bull_signal) ... ok
check	Compile and run offline checks	2026-10-03T18:07:03.7426255Z test_core_stop_renews_opportunity_and_restore_keeps_its_identity (test_alpha_spot.AlphaSpotTests.test_core_stop_renews_opportunity_and_restore_keeps_its_identity) ... /home/runner/work/spotquant/spotquant/spotquant/model.py:233: ResourceWarning: unclosed database in <sqlite3.Connection object at 0x7fa2608bd4e0>
check	Compile and run offline checks	2026-10-03T18:07:03.7427013Z   self.true_ranges.append((open_time, max(high - low, abs(high - self.close), abs(low - self.close))))
check	Compile and run offline checks	2026-10-03T18:07:03.7427333Z ResourceWarning: Enable tracemalloc to get the object allocation traceback
check	Compile and run offline checks	2026-10-03T18:07:03.7992034Z /home/runner/work/spotquant/spotquant/spotquant/model.py:350: ResourceWarning: unclosed database in <sqlite3.Connection object at 0x7fa2608bcf40>
check	Compile and run offline checks	2026-10-03T18:07:03.7992574Z   model.closes = deque((D(item) for item in body['closes']), maxlen=limit)
check	Compile and run offline checks	2026-10-03T18:07:03.7992828Z ResourceWarning: Enable tracemalloc to get the object allocation traceback
check	Compile and run offline checks	2026-10-03T18:07:03.8555406Z /home/runner/work/spotquant/spotquant/spotquant/model.py:350: ResourceWarning: unclosed database in <sqlite3.Connection object at 0x7fa2608bcd60>
check	Compile and run offline checks	2026-10-03T18:07:03.8555944Z   model.closes = deque((D(item) for item in body['closes']), maxlen=limit)
check	Compile and run offline checks	2026-10-03T18:07:03.8556205Z ResourceWarning: Enable tracemalloc to get the object allocation traceback
check	Compile and run offline checks	2026-10-03T18:07:03.9185102Z /home/runner/work/spotquant/spotquant/spotquant/model.py:350: ResourceWarning: unclosed database in <sqlite3.Connection object at 0x7fa2608bd120>
check	Compile and run offline checks	2026-10-03T18:07:03.9185650Z   model.closes = deque((D(item) for item in body['closes']), maxlen=limit)
check	Compile and run offline checks	2026-10-03T18:07:03.9185898Z ResourceWarning: Enable tracemalloc to get the object allocation traceback
check	Compile and run offline checks	2026-10-03T18:07:04.0359034Z /home/runner/work/spotquant/spotquant/spotquant/model.py:350: ResourceWarning: unclosed database in <sqlite3.Connection object at 0x7fa2608bd210>
check	Compile and run offline checks	2026-10-03T18:07:04.0359598Z   model.closes = deque((D(item) for item in body['closes']), maxlen=limit)
check	Compile and run offline checks	2026-10-03T18:07:04.0359860Z ResourceWarning: Enable tracemalloc to get the object allocation traceback
check	Compile and run offline checks	2026-10-03T18:07:04.0823937Z /home/runner/work/spotquant/spotquant/spotquant/model.py:350: ResourceWarning: unclosed database in <sqlite3.Connection object at 0x7fa2608bd4e0>
check	Compile and run offline checks	2026-10-03T18:07:04.0824310Z   model.closes = deque((D(item) for item in body['closes']), maxlen=limit)
check	Compile and run offline checks	2026-10-03T18:07:04.0824731Z ResourceWarning: Enable tracemalloc to get the object allocation traceback
check	Compile and run offline checks	2026-10-03T18:07:04.1534808Z /home/runner/work/spotquant/spotquant/spotquant/model.py:233: ResourceWarning: unclosed database in <sqlite3.Connection object at 0x7fa2608bd990>
check	Compile and run offline checks	2026-10-03T18:07:04.1535236Z   self.true_ranges.append((open_time, max(high - low, abs(high - self.close), abs(low - self.close))))
check	Compile and run offline checks	2026-10-03T18:07:04.1535537Z ResourceWarning: Enable tracemalloc to get the object allocation traceback
check	Compile and run offline checks	2026-10-03T18:07:04.3260140Z /home/runner/work/spotquant/spotquant/spotquant/model.py:350: ResourceWarning: unclosed database in <sqlite3.Connection object at 0x7fa2608bd8a0>
check	Compile and run offline checks	2026-10-03T18:07:04.3260660Z   model.closes = deque((D(item) for item in body['closes']), maxlen=limit)
check	Compile and run offline checks	2026-10-03T18:07:04.3260923Z ResourceWarning: Enable tracemalloc to get the object allocation traceback
check	Compile and run offline checks	2026-10-03T18:07:04.4390766Z /home/runner/work/spotquant/spotquant/spotquant/model.py:350: ResourceWarning: unclosed database in <sqlite3.Connection object at 0x7fa2608bd300>
check	Compile and run offline checks	2026-10-03T18:07:04.4391187Z   model.closes = deque((D(item) for item in body['closes']), maxlen=limit)
check	Compile and run offline checks	2026-10-03T18:07:04.4391612Z ResourceWarning: Enable tracemalloc to get the object allocation traceback
check	Compile and run offline checks	2026-10-03T18:07:04.4866093Z /home/runner/work/spotquant/spotquant/spotquant/model.py:350: ResourceWarning: unclosed database in <sqlite3.Connection object at 0x7fa2608bd990>
check	Compile and run offline checks	2026-10-03T18:07:04.4866657Z   model.closes = deque((D(item) for item in body['closes']), maxlen=limit)
check	Compile and run offline checks	2026-10-03T18:07:04.4866918Z ResourceWarning: Enable tracemalloc to get the object allocation traceback
check	Compile and run offline checks	2026-10-03T18:07:04.5463522Z ok
check	Compile and run offline checks	2026-10-03T18:07:04.5558241Z test_failed_follow_keeps_research_and_model_commit_atomic (test_alpha_spot.AlphaSpotTests.test_failed_follow_keeps_research_and_model_commit_atomic) ... /home/runner/work/spotquant/spotquant/spotquant/model.py:233: ResourceWarning: unclosed database in <sqlite3.Connection object at 0x7fa2608bdc60>
check	Compile and run offline checks	2026-10-03T18:07:04.5558961Z   self.true_ranges.append((open_time, max(high - low, abs(high - self.close), abs(low - self.close))))
check	Compile and run offline checks	2026-10-03T18:07:04.5559459Z ResourceWarning: Enable tracemalloc to get the object allocation traceback
check	Compile and run offline checks	2026-10-03T18:07:04.5673525Z ok
check	Compile and run offline checks	2026-10-03T18:07:04.5676515Z test_partial_fills_move_only_actual_money_and_unknown_intents_do_not_consume (test_alpha_spot.AlphaSpotTests.test_partial_fills_move_only_actual_money_and_unknown_intents_do_not_consume) ... ok
check	Compile and run offline checks	2026-10-03T18:07:04.5893919Z test_participation_adds_to_held_bulls_only_and_confirms_once (test_alpha_spot.AlphaSpotTests.test_participation_adds_to_held_bulls_only_and_confirms_once) ... ok
check	Compile and run offline checks	2026-10-03T18:07:04.6045340Z test_participation_never_arms_empty_second_bull (test_alpha_spot.AlphaSpotTests.test_participation_never_arms_empty_second_bull) ... ok
check	Compile and run offline checks	2026-10-03T18:07:04.6722334Z test_protection_peak_after_real_entry_excludes_prefill_high (test_alpha_spot.AlphaSpotTests.test_protection_peak_after_real_entry_excludes_prefill_high) ... /home/runner/work/spotquant/spotquant/spotquant/model.py:350: ResourceWarning: unclosed database in <sqlite3.Connection object at 0x7fa2608bd3f0>
check	Compile and run offline checks	2026-10-03T18:07:04.6723079Z   model.closes = deque((D(item) for item in body['closes']), maxlen=limit)
check	Compile and run offline checks	2026-10-03T18:07:04.6723333Z ResourceWarning: Enable tracemalloc to get the object allocation traceback
check	Compile and run offline checks	2026-10-03T18:07:04.8300675Z ok
check	Compile and run offline checks	2026-10-03T18:07:04.8361537Z test_real_core_stop_does_not_reenter_until_new_completed_day (test_alpha_spot.AlphaSpotTests.test_real_core_stop_does_not_reenter_until_new_completed_day) ... /home/runner/work/spotquant/spotquant/spotquant/model.py:233: ResourceWarning: unclosed database in <sqlite3.Connection object at 0x7fa260f9e5c0>
check	Compile and run offline checks	2026-10-03T18:07:04.8362253Z   self.true_ranges.append((open_time, max(high - low, abs(high - self.close), abs(low - self.close))))
check	Compile and run offline checks	2026-10-03T18:07:04.8362551Z ResourceWarning: Enable tracemalloc to get the object allocation traceback
check	Compile and run offline checks	2026-10-03T18:07:04.9152456Z /home/runner/work/spotquant/spotquant/spotquant/model.py:350: ResourceWarning: unclosed database in <sqlite3.Connection object at 0x7fa260f9e5c0>
check	Compile and run offline checks	2026-10-03T18:07:04.9153004Z   model.closes = deque((D(item) for item in body['closes']), maxlen=limit)
check	Compile and run offline checks	2026-10-03T18:07:04.9153258Z ResourceWarning: Enable tracemalloc to get the object allocation traceback
check	Compile and run offline checks	2026-10-03T18:07:05.0871046Z ok
check	Compile and run offline checks	2026-10-03T18:07:05.4922046Z test_real_sessions_core_separate_fills_protection_and_cash (test_alpha_spot.AlphaSpotTests.test_real_sessions_core_separate_fills_protection_and_cash) ... ok
check	Compile and run offline checks	2026-10-03T18:07:05.4924678Z test_reentry_actual_exit_reclaim_two_closes_allowance_and_reset (test_alpha_spot.AlphaSpotTests.test_reentry_actual_exit_reclaim_two_closes_allowance_and_reset) ... ok
check	Compile and run offline checks	2026-10-03T18:07:05.5010889Z test_risk_scale_changes_only_new_buy_after_cutoff (test_alpha_spot.AlphaSpotTests.test_risk_scale_changes_only_new_buy_after_cutoff) ... /home/runner/work/spotquant/spotquant/tests/test_alpha_spot.py:21: ResourceWarning: unclosed database in <sqlite3.Connection object at 0x7fa260f9e5c0>
check	Compile and run offline checks	2026-10-03T18:07:05.5011608Z   return [(ORIGIN + i * DAY, p, p, p, p, D(100000)) for i, p in enumerate(prices)]
check	Compile and run offline checks	2026-10-03T18:07:05.5012065Z ResourceWarning: Enable tracemalloc to get the object allocation traceback
check	Compile and run offline checks	2026-10-03T18:07:05.5183802Z ok
check	Compile and run offline checks	2026-10-03T18:07:05.5226163Z test_scoped_hooks_restore_after_exception_and_checkpoint_mode_mismatch (test_alpha_spot.AlphaSpotTests.test_scoped_hooks_restore_after_exception_and_checkpoint_mode_mismatch) ... ok
check	Compile and run offline checks	2026-10-03T18:07:05.5227152Z test_subpools_conserve_btc_usdt_fees_and_dust_without_transfers (test_alpha_spot.AlphaSpotTests.test_subpools_conserve_btc_usdt_fees_and_dust_without_transfers) ... ok
check	Compile and run offline checks	2026-10-03T18:07:06.0643465Z {"complete_accounts": 0, "accounts": 1}
check	Compile and run offline checks	2026-10-03T18:07:06.0643891Z {"candidate": "consensus", "scenario": "base", "session": 0}
check	Compile and run offline checks	2026-10-03T18:07:06.0772065Z test_three_real_session_noop_equal_to_current_consensus (test_alpha_spot.AlphaSpotTests.test_three_real_session_noop_equal_to_current_consensus) ... /home/runner/work/spotquant/spotquant/spotquant/model.py:350: ResourceWarning: unclosed database in <sqlite3.Connection object at 0x7fa260936110>
check	Compile and run offline checks	2026-10-03T18:07:06.0773235Z   model.closes = deque((D(item) for item in body['closes']), maxlen=limit)
check	Compile and run offline checks	2026-10-03T18:07:06.0773664Z ResourceWarning: Enable tracemalloc to get the object allocation traceback
check	Compile and run offline checks	2026-10-03T18:07:06.4945767Z /home/runner/work/spotquant/spotquant/spotquant/model.py:233: ResourceWarning: unclosed database in <sqlite3.Connection object at 0x7fa260936020>
check	Compile and run offline checks	2026-10-03T18:07:06.4946382Z   self.true_ranges.append((open_time, max(high - low, abs(high - self.close), abs(low - self.close))))
check	Compile and run offline checks	2026-10-03T18:07:06.4946723Z ResourceWarning: Enable tracemalloc to get the object allocation traceback
check	Compile and run offline checks	2026-10-03T18:07:06.9144748Z /home/runner/work/spotquant/spotquant/spotquant/model.py:233: ResourceWarning: unclosed database in <sqlite3.Connection object at 0x7fa260935030>
check	Compile and run offline checks	2026-10-03T18:07:06.9145371Z   self.true_ranges.append((open_time, max(high - low, abs(high - self.close), abs(low - self.close))))
check	Compile and run offline checks	2026-10-03T18:07:06.9145693Z ResourceWarning: Enable tracemalloc to get the object allocation traceback
check	Compile and run offline checks	2026-10-03T18:07:07.2594241Z {"candidate": "core0", "scenario": "base", "session": 0}
check	Compile and run offline checks	2026-10-03T18:07:07.2739348Z /home/runner/work/spotquant/spotquant/spotquant/preview.py:343: ResourceWarning: unclosed database in <sqlite3.Connection object at 0x7fa260f9e5c0>
check	Compile and run offline checks	2026-10-03T18:07:07.2739908Z   voters = sum(bool(views[w].bull) and decision['sleeves'][str(w)]['action'] in ('enter', 'hold')
check	Compile and run offline checks	2026-10-03T18:07:07.2740216Z ResourceWarning: Enable tracemalloc to get the object allocation traceback
check	Compile and run offline checks	2026-10-03T18:07:07.2740616Z /home/runner/work/spotquant/spotquant/spotquant/preview.py:343: ResourceWarning: unclosed database in <sqlite3.Connection object at 0x7fa260934310>
check	Compile and run offline checks	2026-10-03T18:07:07.2741040Z   voters = sum(bool(views[w].bull) and decision['sleeves'][str(w)]['action'] in ('enter', 'hold')
check	Compile and run offline checks	2026-10-03T18:07:07.2741507Z ResourceWarning: Enable tracemalloc to get the object allocation traceback
check	Compile and run offline checks	2026-10-03T18:07:07.5929512Z /home/runner/work/spotquant/spotquant/spotquant/model.py:233: ResourceWarning: unclosed database in <sqlite3.Connection object at 0x7fa260934b80>
check	Compile and run offline checks	2026-10-03T18:07:07.5930343Z   self.true_ranges.append((open_time, max(high - low, abs(high - self.close), abs(low - self.close))))
check	Compile and run offline checks	2026-10-03T18:07:07.5930881Z ResourceWarning: Enable tracemalloc to get the object allocation traceback
check	Compile and run offline checks	2026-10-03T18:07:08.1004925Z ok
check	Compile and run offline checks	2026-10-03T18:07:08.1008640Z test_preserves_source_and_money_rows_and_excludes_failed_original (test_assemble_spot.AssembleSpotTests.test_preserves_source_and_money_rows_and_excludes_failed_original) ... ok
check	Compile and run offline checks	2026-10-03T18:07:08.1018496Z test_rejects_wrong_bytes_missing_rerun_and_invalid_execution (test_assemble_spot.AssembleSpotTests.test_rejects_wrong_bytes_missing_rerun_and_invalid_execution) ... ok
check	Compile and run offline checks	2026-10-03T18:07:08.1019394Z test_better_return_with_worse_drawdown_does_not_dominate (test_baselines.BaselineTests.test_better_return_with_worse_drawdown_does_not_dominate) ... ok
check	Compile and run offline checks	2026-10-03T18:07:08.1020434Z test_initial_cash_is_conserved_across_partial_monthly_buy (test_baselines.BaselineTests.test_initial_cash_is_conserved_across_partial_monthly_buy) ... ok
check	Compile and run offline checks	2026-10-03T18:07:08.1022797Z test_a_missing_balance_list_is_not_an_empty_account (test_binance.BinanceTests.test_a_missing_balance_list_is_not_an_empty_account) ... ok
check	Compile and run offline checks	2026-10-03T18:07:08.1023749Z test_completed_daily_normalizes_and_stops_at_today (test_binance.BinanceTests.test_completed_daily_normalizes_and_stops_at_today) ... ok
check	Compile and run offline checks	2026-10-03T18:07:08.1024780Z test_completed_daily_rejects_a_gap_and_keeps_a_contiguous_page (test_binance.BinanceTests.test_completed_daily_rejects_a_gap_and_keeps_a_contiguous_page) ... ok
check	Compile and run offline checks	2026-10-03T18:07:08.1025843Z test_completed_daily_rejects_a_page_that_does_not_start_at_the_cursor (test_binance.BinanceTests.test_completed_daily_rejects_a_page_that_does_not_start_at_the_cursor) ... ok
check	Compile and run offline checks	2026-10-03T18:07:08.1026779Z test_completed_daily_rejects_a_short_page_before_today (test_binance.BinanceTests.test_completed_daily_rejects_a_short_page_before_today) ... ok
check	Compile and run offline checks	2026-10-03T18:07:08.1027615Z test_demo_host_and_no_order_method (test_binance.BinanceTests.test_demo_host_and_no_order_method) ... ok
check	Compile and run offline checks	2026-10-03T18:07:08.1028417Z test_missing_percent_band_blocks_before_the_account_call (test_binance.BinanceTests.test_missing_percent_band_blocks_before_the_account_call) ... ok
check	Compile and run offline checks	2026-10-03T18:07:08.1029436Z test_missing_spot_permission_blocks_before_the_account_call (test_binance.BinanceTests.test_missing_spot_permission_blocks_before_the_account_call) ... ok
check	Compile and run offline checks	2026-10-03T18:07:08.1030403Z test_missing_stop_loss_blocks_before_the_account_call (test_binance.BinanceTests.test_missing_stop_loss_blocks_before_the_account_call) ... ok
check	Compile and run offline checks	2026-10-03T18:07:08.1032310Z test_snapshot_signs_gets_and_checks_uid (test_binance.BinanceTests.test_snapshot_signs_gets_and_checks_uid) ... ok
check	Compile and run offline checks	2026-10-03T18:07:08.1117191Z test_actual_public_pair_and_settlement_ignore_running_bars (test_canonical_crowding.CanonicalCrowdingTests.test_actual_public_pair_and_settlement_ignore_running_bars) ... ok
check	Compile and run offline checks	2026-10-03T18:07:08.1205106Z test_causal_expiry_jitter_prior_date_and_future_bar (test_canonical_crowding.CanonicalCrowdingTests.test_causal_expiry_jitter_prior_date_and_future_bar) ... ok
check	Compile and run offline checks	2026-10-03T18:07:08.1379013Z test_crowding_missing_conversion_keeps_receipt_integrity_and_spot_bars_strict (test_canonical_crowding.CanonicalCrowdingTests.test_crowding_missing_conversion_keeps_receipt_integrity_and_spot_bars_strict) ... ok
check	Compile and run offline checks	2026-10-03T18:07:08.1502954Z test_forward_exact_raw_source_and_native_decision_agree (test_canonical_crowding.CanonicalCrowdingTests.test_forward_exact_raw_source_and_native_decision_agree) ... /home/runner/work/spotquant/spotquant/spotquant/model.py:233: ResourceWarning: unclosed database in <sqlite3.Connection object at 0x7fa260d735b0>
check	Compile and run offline checks	2026-10-03T18:07:08.1503878Z   self.true_ranges.append((open_time, max(high - low, abs(high - self.close), abs(low - self.close))))
check	Compile and run offline checks	2026-10-03T18:07:08.1504533Z ResourceWarning: Enable tracemalloc to get the object allocation traceback
check	Compile and run offline checks	2026-10-03T18:07:08.1505146Z /home/runner/work/spotquant/spotquant/spotquant/model.py:233: ResourceWarning: unclosed database in <sqlite3.Connection object at 0x7fa260d73790>
check	Compile and run offline checks	2026-10-03T18:07:08.1505851Z   self.true_ranges.append((open_time, max(high - low, abs(high - self.close), abs(low - self.close))))
check	Compile and run offline checks	2026-10-03T18:07:08.1506366Z ResourceWarning: Enable tracemalloc to get the object allocation traceback
check	Compile and run offline checks	2026-10-03T18:07:08.1573592Z ok
check	Compile and run offline checks	2026-10-03T18:07:08.1798286Z test_malformed_crowding_missing_blocks_buy_but_safety_processing_continues (test_canonical_crowding.CanonicalCrowdingTests.test_malformed_crowding_missing_blocks_buy_but_safety_processing_continues) ... ok
check	Compile and run offline checks	2026-10-03T18:07:08.1888564Z test_missing_blocks_new_risk_and_never_adds_held_risk (test_canonical_crowding.CanonicalCrowdingTests.test_missing_blocks_new_risk_and_never_adds_held_risk) ... ok
check	Compile and run offline checks	2026-10-03T18:07:08.1976204Z test_missing_inputs_preserve_safety_exit_and_native_stop_floor (test_canonical_crowding.CanonicalCrowdingTests.test_missing_inputs_preserve_safety_exit_and_native_stop_floor) ... ok
check	Compile and run offline checks	2026-10-03T18:07:08.2065990Z test_native_public_collection_caches_actual_receipts_and_honors_deadline (test_canonical_crowding.CanonicalCrowdingTests.test_native_public_collection_caches_actual_receipts_and_honors_deadline) ... ok
check	Compile and run offline checks	2026-10-03T18:07:08.2154731Z test_old_atr_canonical_calibration_and_forward_adapter_rejected (test_canonical_crowding.CanonicalCrowdingTests.test_old_atr_canonical_calibration_and_forward_adapter_rejected) ... ok
check	Compile and run offline checks	2026-10-03T18:07:08.2251014Z test_public_failure_receipt_retained_and_predicted_rate_rejected (test_canonical_crowding.CanonicalCrowdingTests.test_public_failure_receipt_retained_and_predicted_rate_rejected) ... ok
check	Compile and run offline checks	2026-10-03T18:07:08.2339783Z test_public_future_receipt_conflicting_settlement_and_bad_pair_block (test_canonical_crowding.CanonicalCrowdingTests.test_public_future_receipt_conflicting_settlement_and_bad_pair_block) ... ok
check	Compile and run offline checks	2026-10-03T18:07:08.2427037Z test_rule_guard_precedes_lifecycle_recovery (test_canonical_crowding.CanonicalCrowdingTests.test_rule_guard_precedes_lifecycle_recovery) ... ok
check	Compile and run offline checks	2026-10-03T18:07:08.2595643Z test_shared_research_predicate_and_exactly_one_half_size (test_canonical_crowding.CanonicalCrowdingTests.test_shared_research_predicate_and_exactly_one_half_size) ... ok
check	Compile and run offline checks	2026-10-03T18:07:08.2687104Z test_strict_thresholds_and_strong_momentum_leave_original_size (test_canonical_crowding.CanonicalCrowdingTests.test_strict_thresholds_and_strong_momentum_leave_original_size) ... ok
check	Compile and run offline checks	2026-10-03T18:07:08.2776837Z test_unity_risk_profile_accepts_decimal_one_and_rejects_changed_size (test_canonical_crowding.CanonicalCrowdingTests.test_unity_risk_profile_accepts_decimal_one_and_rejects_changed_size) ... ok
check	Compile and run offline checks	2026-10-03T18:07:08.2784520Z test_execute_is_blocked_before_config_is_opened (test_cli.CliTests.test_execute_is_blocked_before_config_is_opened) ... ok
check	Compile and run offline checks	2026-10-03T18:07:08.3528116Z test_status_persists_a_failed_observation (test_cli.CliTests.test_status_persists_a_failed_observation) ... ok
check	Compile and run offline checks	2026-10-03T18:07:08.3532600Z test_baseline_joint_rejects_a_selected_budget_with_incumbent_endpoint (test_complete_assessment.CompleteAssessmentTests.test_baseline_joint_rejects_a_selected_budget_with_incumbent_endpoint) ... ok
check	Compile and run offline checks	2026-10-03T18:07:08.3533825Z test_beta_is_distinct_from_residual (test_complete_assessment.CompleteAssessmentTests.test_beta_is_distinct_from_residual) ... ok
check	Compile and run offline checks	2026-10-03T18:07:08.3538013Z test_currency_regressions_use_their_own_btc_returns (test_complete_assessment.CompleteAssessmentTests.test_currency_regressions_use_their_own_btc_returns) ... ok
check	Compile and run offline checks	2026-10-03T18:07:08.3539024Z test_drawdown_keeps_the_initial_budget_in_the_peak (test_complete_assessment.CompleteAssessmentTests.test_drawdown_keeps_the_initial_budget_in_the_peak) ... ok
check	Compile and run offline checks	2026-10-03T18:07:08.3540149Z test_incomplete_baseline_blocks_every_promotion (test_complete_assessment.CompleteAssessmentTests.test_incomplete_baseline_blocks_every_promotion) ... ok
check	Compile and run offline checks	2026-10-03T18:07:08.3541319Z test_one_good_base_cannot_hide_a_stress_regression (test_complete_assessment.CompleteAssessmentTests.test_one_good_base_cannot_hide_a_stress_regression) ... ok
check	Compile and run offline checks	2026-10-03T18:07:08.3545771Z test_selected_joint_requires_matching_actual_budgets_for_both_strategies (test_complete_assessment.CompleteAssessmentTests.test_selected_joint_requires_matching_actual_budgets_for_both_strategies) ... ok
check	Compile and run offline checks	2026-10-03T18:07:08.3553502Z test_rejects_unknown_and_empty_identity (test_config.ConfigTests.test_rejects_unknown_and_empty_identity) ... ok
check	Compile and run offline checks	2026-10-03T18:07:08.3636672Z test_added_capital_and_strategy_mix_are_rejected (test_delivery_exports.DeliveryExportTests.test_added_capital_and_strategy_mix_are_rejected) ... ok
check	Compile and run offline checks	2026-10-03T18:07:08.3709673Z test_complete_fixed_accounts_export_and_input_substitution_is_rejected (test_delivery_exports.DeliveryExportTests.test_complete_fixed_accounts_export_and_input_substitution_is_rejected) ... ok
check	Compile and run offline checks	2026-10-03T18:07:08.3737217Z test_empty_joint_cannot_be_exported_as_complete_delivery (test_delivery_exports.DeliveryExportTests.test_empty_joint_cannot_be_exported_as_complete_delivery) ... ok
check	Compile and run offline checks	2026-10-03T18:07:08.3836229Z test_missing_daily_mark_and_forged_terminal_are_rejected (test_delivery_exports.DeliveryExportTests.test_missing_daily_mark_and_forged_terminal_are_rejected) ... ok
check	Compile and run offline checks	2026-10-03T18:07:08.4470135Z test_backup_reopens_read_only_and_detects_tampering (test_durable_fills.DurableFillTests.test_backup_reopens_read_only_and_detects_tampering) ... ok
check	Compile and run offline checks	2026-10-03T18:07:08.4738646Z test_gap_and_reverse_clock_require_reconciliation (test_durable_fills.DurableFillTests.test_gap_and_reverse_clock_require_reconciliation) ... ok
check	Compile and run offline checks	2026-10-03T18:07:08.5106818Z test_manifest_source_tampering_is_bound_to_backup (test_durable_fills.DurableFillTests.test_manifest_source_tampering_is_bound_to_backup) ... ok
check	Compile and run offline checks	2026-10-03T18:07:08.5172871Z test_mutation_rolls_back_new_fills_and_watermark (test_durable_fills.DurableFillTests.test_mutation_rolls_back_new_fills_and_watermark) ... ok
check	Compile and run offline checks	2026-10-03T18:07:08.5255091Z test_overlap_keeps_late_same_time_id_and_avoids_epoch_query (test_durable_fills.DurableFillTests.test_overlap_keeps_late_same_time_id_and_avoids_epoch_query) ... ok
check	Compile and run offline checks	2026-10-03T18:07:08.5260432Z test_actual_budget_sum_exposure_conservation (test_edge_assessment.CapitalTests.test_actual_budget_sum_exposure_conservation) ... /home/runner/work/spotquant/spotquant/tests/test_edge_assessment.py:259: ResourceWarning: unclosed database in <sqlite3.Connection object at 0x7fa260936110>
check	Compile and run offline checks	2026-10-03T18:07:08.5261197Z   values = [dict(day_ms=d, equity_cny=budget * .998001, equity_usdt=initial,
check	Compile and run offline checks	2026-10-03T18:07:08.5261732Z ResourceWarning: Enable tracemalloc to get the object allocation traceback
check	Compile and run offline checks	2026-10-03T18:07:08.5262396Z /home/runner/work/spotquant/spotquant/tests/test_edge_assessment.py:259: ResourceWarning: unclosed database in <sqlite3.Connection object at 0x7fa260934400>
check	Compile and run offline checks	2026-10-03T18:07:08.5263034Z   values = [dict(day_ms=d, equity_cny=budget * .998001, equity_usdt=initial,
check	Compile and run offline checks	2026-10-03T18:07:08.5263310Z ResourceWarning: Enable tracemalloc to get the object allocation traceback
check	Compile and run offline checks	2026-10-03T18:07:08.5263708Z /home/runner/work/spotquant/spotquant/tests/test_edge_assessment.py:259: ResourceWarning: unclosed database in <sqlite3.Connection object at 0x7fa260934f40>
check	Compile and run offline checks	2026-10-03T18:07:08.5264259Z   values = [dict(day_ms=d, equity_cny=budget * .998001, equity_usdt=initial,
check	Compile and run offline checks	2026-10-03T18:07:08.5264645Z ResourceWarning: Enable tracemalloc to get the object allocation traceback
check	Compile and run offline checks	2026-10-03T18:07:08.5265078Z /home/runner/work/spotquant/spotquant/tests/test_edge_assessment.py:259: ResourceWarning: unclosed database in <sqlite3.Connection object at 0x7fa260936200>
check	Compile and run offline checks	2026-10-03T18:07:08.5265452Z   values = [dict(day_ms=d, equity_cny=budget * .998001, equity_usdt=initial,
check	Compile and run offline checks	2026-10-03T18:07:08.5265823Z ResourceWarning: Enable tracemalloc to get the object allocation traceback
check	Compile and run offline checks	2026-10-03T18:07:08.5266476Z /home/runner/work/spotquant/spotquant/tests/test_edge_assessment.py:259: ResourceWarning: unclosed database in <sqlite3.Connection object at 0x7fa2609362f0>
check	Compile and run offline checks	2026-10-03T18:07:08.5267277Z   values = [dict(day_ms=d, equity_cny=budget * .998001, equity_usdt=initial,
check	Compile and run offline checks	2026-10-03T18:07:08.5267688Z ResourceWarning: Enable tracemalloc to get the object allocation traceback
check	Compile and run offline checks	2026-10-03T18:07:08.5614164Z ok
check	Compile and run offline checks	2026-10-03T18:07:08.5677343Z test_wrong_capital_role_daily_alignment_and_curve_scaling_rejected (test_edge_assessment.CapitalTests.test_wrong_capital_role_daily_alignment_and_curve_scaling_rejected) ... ok
check	Compile and run offline checks	2026-10-03T18:07:08.6015831Z test_actual_profile_exact_document_binding (test_edge_assessment.EnvelopeAndPhaseTests.test_actual_profile_exact_document_binding) ... ok
check	Compile and run offline checks	2026-10-03T18:07:08.6024301Z test_consumed_official_bytes_checksum_and_derived_receipts (test_edge_assessment.EnvelopeAndPhaseTests.test_consumed_official_bytes_checksum_and_derived_receipts) ... ok
check	Compile and run offline checks	2026-10-03T18:07:08.6040290Z test_daily_cash_reconstruction_and_terminal_rejection (test_edge_assessment.EnvelopeAndPhaseTests.test_daily_cash_reconstruction_and_terminal_rejection) ... ok
check	Compile and run offline checks	2026-10-03T18:07:08.6065478Z test_duplicate_account_identity_rejected_across_distinct_files (test_edge_assessment.EnvelopeAndPhaseTests.test_duplicate_account_identity_rejected_across_distinct_files) ... ok
check	Compile and run offline checks	2026-10-03T18:07:08.6078200Z test_envelope_source_contract_inputs_and_partial_retention (test_edge_assessment.EnvelopeAndPhaseTests.test_envelope_source_contract_inputs_and_partial_retention) ... ok
check	Compile and run offline checks	2026-10-03T18:07:08.6089736Z test_preliminary_pending_and_final_fail_closed_without_inventory (test_edge_assessment.EnvelopeAndPhaseTests.test_preliminary_pending_and_final_fail_closed_without_inventory) ... ok
check	Compile and run offline checks	2026-10-03T18:07:08.6091580Z test_original_session_clocks_and_outage (test_edge_assessment.EqualityAndSourceTests.test_original_session_clocks_and_outage) ... ok
check	Compile and run offline checks	2026-10-03T18:07:08.6098093Z test_six_groups_and_operating_drift_and_original_annotations (test_edge_assessment.EqualityAndSourceTests.test_six_groups_and_operating_drift_and_original_annotations) ... ok
check	Compile and run offline checks	2026-10-03T18:07:08.6424053Z test_source_committed_tree_digest_contract_and_dirty (test_edge_assessment.EqualityAndSourceTests.test_source_committed_tree_digest_contract_and_dirty) ... ok
check	Compile and run offline checks	2026-10-03T18:07:15.0718551Z test_actual_calibrated_and_coin_strict_mdd_exact_boundaries (test_edge_assessment.FinancialReviewCoverageTests.test_actual_calibrated_and_coin_strict_mdd_exact_boundaries) ... ok
check	Compile and run offline checks	2026-10-03T18:07:16.3774742Z test_complete_roundtrip_and_correct_negative_candidates (test_edge_assessment.FinancialReviewCoverageTests.test_complete_roundtrip_and_correct_negative_candidates) ... ok
check	Compile and run offline checks	2026-10-03T18:07:16.4380828Z test_exact_gate_input_schema_finite_and_raw_binding (test_edge_assessment.FinancialReviewCoverageTests.test_exact_gate_input_schema_finite_and_raw_binding) ... ok
check	Compile and run offline checks	2026-10-03T18:07:21.2775215Z test_exact_negative_mdd_complete_proof_roundtrip (test_edge_assessment.FinancialReviewCoverageTests.test_exact_negative_mdd_complete_proof_roundtrip) ... ok
check	Compile and run offline checks	2026-10-03T18:07:38.3909824Z test_missing_each_category_duplicate_unknown_failed_and_wrong_raw (test_edge_assessment.FinancialReviewCoverageTests.test_missing_each_category_duplicate_unknown_failed_and_wrong_raw) ... ok
check	Compile and run offline checks	2026-10-03T18:07:41.4567530Z test_typed_finite_and_exact_evidence_binding (test_edge_assessment.FinancialReviewCoverageTests.test_typed_finite_and_exact_evidence_binding) ... ok
check	Compile and run offline checks	2026-10-03T18:07:41.5231269Z test_combo_all_eligible_order_ties_no_controls (test_edge_assessment.InventoryTests.test_combo_all_eligible_order_ties_no_controls) ... ok
check	Compile and run offline checks	2026-10-03T18:07:41.5233323Z test_full_matrix_includes_losing_singles_risk_controls_offsets_budgets (test_edge_assessment.InventoryTests.test_full_matrix_includes_losing_singles_risk_controls_offsets_budgets) ... ok
check	Compile and run offline checks	2026-10-03T18:07:41.5268256Z test_manifest_hash_nested_duplicate_and_original_envelope (test_edge_assessment.InventoryTests.test_manifest_hash_nested_duplicate_and_original_envelope) ... ok
check	Compile and run offline checks	2026-10-03T18:07:41.5279058Z test_strict_json_and_exclusive_outputs (test_edge_assessment.InventoryTests.test_strict_json_and_exclusive_outputs) ... ok
check	Compile and run offline checks	2026-10-03T18:07:41.5390499Z test_already_flat_but_unreflected_cash_change_rejected (test_edge_assessment.MissingDailyEvidenceTests.test_already_flat_but_unreflected_cash_change_rejected) ... ok
check	Compile and run offline checks	2026-10-03T18:07:41.5516016Z test_genuine_eventless_flat_carry_and_verified_intraday_flat (test_edge_assessment.MissingDailyEvidenceTests.test_genuine_eventless_flat_carry_and_verified_intraday_flat) ... ok
check	Compile and run offline checks	2026-10-03T18:07:41.5531321Z test_perp_midnight_funding_before_same_stamp_fill_preserved (test_edge_assessment.MissingDailyEvidenceTests.test_perp_midnight_funding_before_same_stamp_fill_preserved) ... ok
check	Compile and run offline checks	2026-10-03T18:07:41.5549769Z test_terminal_only_missing_held_day_rejected (test_edge_assessment.MissingDailyEvidenceTests.test_terminal_only_missing_held_day_rejected) ... ok
check	Compile and run offline checks	2026-10-03T18:07:41.5551748Z test_cash_identifiable_and_degenerate_market (test_edge_assessment.RiskAndGateTests.test_cash_identifiable_and_degenerate_market) ... ok
check	Compile and run offline checks	2026-10-03T18:07:41.5553549Z test_es99_ceil_and_sign (test_edge_assessment.RiskAndGateTests.test_es99_ceil_and_sign) ... ok
check	Compile and run offline checks	2026-10-03T18:07:41.5555321Z test_exact_adoption_equality_and_just_fail (test_edge_assessment.RiskAndGateTests.test_exact_adoption_equality_and_just_fail) ... ok
check	Compile and run offline checks	2026-10-03T18:07:41.5556430Z test_perp_strict_mdd_and_actual_risk_only_fallback (test_edge_assessment.RiskAndGateTests.test_perp_strict_mdd_and_actual_risk_only_fallback) ... ok
check	Compile and run offline checks	2026-10-03T18:07:41.5922213Z test_profile_schema_scale_raw_binding_and_unity (test_edge_assessment.RiskAndGateTests.test_profile_schema_scale_raw_binding_and_unity) ... ok
check	Compile and run offline checks	2026-10-03T18:07:41.7477702Z test_training_only_future_perturbation_exact_731_and_project_separation (test_edge_assessment.RiskAndGateTests.test_training_only_future_perturbation_exact_731_and_project_separation) ... ok
check	Compile and run offline checks	2026-10-03T18:07:41.7481486Z test_actual_stop_versus_sma_and_price_opportunity_is_not_profit (test_edge_attribution.AttributionTests.test_actual_stop_versus_sma_and_price_opportunity_is_not_profit) ... ok
check	Compile and run offline checks	2026-10-03T18:07:41.7483381Z test_decision_action_reason_and_error_preserve_later_summary_provenance (test_edge_attribution.AttributionTests.test_decision_action_reason_and_error_preserve_later_summary_provenance) ... ok
check	Compile and run offline checks	2026-10-03T18:07:41.7485615Z test_decision_constraint_summary_is_attributed_at_actual_later_sizing (test_edge_attribution.AttributionTests.test_decision_constraint_summary_is_attributed_at_actual_later_sizing) ... ok
check	Compile and run offline checks	2026-10-03T18:07:41.7489128Z test_extended_other_and_tampered_rich_fill (test_edge_attribution.AttributionTests.test_extended_other_and_tampered_rich_fill) ... ok
check	Compile and run offline checks	2026-10-03T18:07:41.7490678Z test_first_difference_and_later_equity_propagation_are_distinct (test_edge_attribution.AttributionTests.test_first_difference_and_later_equity_propagation_are_distinct) ... ok
check	Compile and run offline checks	2026-10-03T18:07:41.7502214Z test_hash_mismatch_duplicate_json_and_output_overwrite_fail_closed (test_edge_attribution.AttributionTests.test_hash_mismatch_duplicate_json_and_output_overwrite_fail_closed) ... ok
check	Compile and run offline checks	2026-10-03T18:07:41.7503805Z test_initialization_valuation_is_not_an_elapsed_flat_day (test_edge_attribution.AttributionTests.test_initialization_valuation_is_not_an_elapsed_flat_day) ... ok
check	Compile and run offline checks	2026-10-03T18:07:41.7505775Z test_macro_context_pairing_retains_distinct_actual_identities (test_edge_attribution.AttributionTests.test_macro_context_pairing_retains_distinct_actual_identities) ... ok
check	Compile and run offline checks	2026-10-03T18:07:41.7508127Z test_missing_fill_reason_or_owner_stays_unknown (test_edge_attribution.AttributionTests.test_missing_fill_reason_or_owner_stays_unknown) ... ok
check	Compile and run offline checks	2026-10-03T18:07:41.7509656Z test_mixed_observations_and_prior_equity_remain_unisolated (test_edge_attribution.AttributionTests.test_mixed_observations_and_prior_equity_remain_unisolated) ... ok
check	Compile and run offline checks	2026-10-03T18:07:41.7510819Z test_partial_sell_does_not_create_flat_campaign (test_edge_attribution.AttributionTests.test_partial_sell_does_not_create_flat_campaign) ... ok
check	Compile and run offline checks	2026-10-03T18:07:41.7512221Z test_post_execution_summary_cannot_precede_actual_cause (test_edge_attribution.AttributionTests.test_post_execution_summary_cannot_precede_actual_cause) ... ok
check	Compile and run offline checks	2026-10-03T18:07:41.7513436Z test_retained_dust_is_owned_and_not_exact_account_zero (test_edge_attribution.AttributionTests.test_retained_dust_is_owned_and_not_exact_account_zero) ... ok
check	Compile and run offline checks	2026-10-03T18:07:41.7514957Z test_same_opportunity_retains_raw_timing_numeric_and_rounding_differences (test_edge_attribution.AttributionTests.test_same_opportunity_retains_raw_timing_numeric_and_rounding_differences) ... ok
check	Compile and run offline checks	2026-10-03T18:07:41.7517164Z test_topup_exit_timeout_and_unavailable_event_categories (test_edge_attribution.AttributionTests.test_topup_exit_timeout_and_unavailable_event_categories) ... ok
check	Compile and run offline checks	2026-10-03T18:07:41.7518290Z test_unlinked_coin_fill_does_not_inherit_nearest_opportunity (test_edge_attribution.AttributionTests.test_unlinked_coin_fill_does_not_inherit_nearest_opportunity) ... ok
check	Compile and run offline checks	2026-10-03T18:07:41.7519505Z test_write_quantity_is_requested_size_with_unknown_upstream_cause (test_edge_attribution.AttributionTests.test_write_quantity_is_requested_size_with_unknown_upstream_cause) ... ok
check	Compile and run offline checks	2026-10-03T18:07:41.7521171Z test_changed_registered_raw_rejects_before_market_verification (test_edge_features.BuilderTests.test_changed_registered_raw_rejects_before_market_verification) ... ok
check	Compile and run offline checks	2026-10-03T18:07:41.7531640Z test_existing_output_rejects_before_build_and_keeps_bytes (test_edge_features.BuilderTests.test_existing_output_rejects_before_build_and_keeps_bytes) ... ok
check	Compile and run offline checks	2026-10-03T18:07:41.7538523Z test_invalid_transformed_data_rejects_before_output_creation (test_edge_features.BuilderTests.test_invalid_transformed_data_rejects_before_output_creation) ... ok
check	Compile and run offline checks	2026-10-03T18:07:41.7546121Z test_official_archive_requires_matching_companion_and_expected_hash (test_edge_features.BuilderTests.test_official_archive_requires_matching_companion_and_expected_hash) ... ok
check	Compile and run offline checks	2026-10-03T18:07:41.7562711Z test_validated_output_is_exclusive_and_reader_compatible (test_edge_features.BuilderTests.test_validated_output_is_exclusive_and_reader_compatible) ... ok
check	Compile and run offline checks	2026-10-03T18:07:41.7566982Z test_basis_before_at_and_current_utc_availability_date (test_edge_features.FeatureTests.test_basis_before_at_and_current_utc_availability_date) ... ok
check	Compile and run offline checks	2026-10-03T18:07:41.7578664Z test_coverage_is_recomputed_and_tracks_exact_jitter_gap (test_edge_features.FeatureTests.test_coverage_is_recomputed_and_tracks_exact_jitter_gap) ... ok
check	Compile and run offline checks	2026-10-03T18:07:41.7593211Z test_duplicate_json_keys_and_nonfinite_json_numbers_reject (test_edge_features.FeatureTests.test_duplicate_json_keys_and_nonfinite_json_numbers_reject) ... ok
check	Compile and run offline checks	2026-10-03T18:07:41.7596748Z test_empty_features_are_missing_never_zero (test_edge_features.FeatureTests.test_empty_features_are_missing_never_zero) ... ok
check	Compile and run offline checks	2026-10-03T18:07:41.7620427Z test_file_content_and_source_identity_checks (test_edge_features.FeatureTests.test_file_content_and_source_identity_checks) ... ok
check	Compile and run offline checks	2026-10-03T18:07:41.7624456Z test_frozen_window_blocks_valid_tail_and_before_window (test_edge_features.FeatureTests.test_frozen_window_blocks_valid_tail_and_before_window) ... ok
check	Compile and run offline checks	2026-10-03T18:07:41.7628013Z test_funding_before_at_and_exact_expiry_with_negative_rate (test_edge_features.FeatureTests.test_funding_before_at_and_exact_expiry_with_negative_rate) ... ok
check	Compile and run offline checks	2026-10-03T18:07:41.7635815Z test_future_tail_perturbation_cannot_change_prior_decisions (test_edge_features.FeatureTests.test_future_tail_perturbation_cannot_change_prior_decisions) ... ok
check	Compile and run offline checks	2026-10-03T18:07:41.7660356Z test_invalid_and_nonfinite_decimal_values (test_edge_features.FeatureTests.test_invalid_and_nonfinite_decimal_values) ... ok
check	Compile and run offline checks	2026-10-03T18:07:41.7673682Z test_invalid_container_shapes_reject (test_edge_features.FeatureTests.test_invalid_container_shapes_reject) ... ok
check	Compile and run offline checks	2026-10-03T18:07:41.7677443Z test_invalid_lookup_names_and_times_reject (test_edge_features.FeatureTests.test_invalid_lookup_names_and_times_reject) ... ok
check	Compile and run offline checks	2026-10-03T18:07:41.7728177Z test_invalid_time_lag_boundary_and_order_records (test_edge_features.FeatureTests.test_invalid_time_lag_boundary_and_order_records) ... ok
check	Compile and run offline checks	2026-10-03T18:07:41.7732274Z test_lookup_journal_binds_input_sources_and_missing_cause (test_edge_features.FeatureTests.test_lookup_journal_binds_input_sources_and_missing_cause) ... ok
check	Compile and run offline checks	2026-10-03T18:07:41.7735937Z test_missing_day_is_explicit_and_cannot_carry_yesterdays_basis (test_edge_features.FeatureTests.test_missing_day_is_explicit_and_cannot_carry_yesterdays_basis) ... ok
check	Compile and run offline checks	2026-10-03T18:07:41.7750096Z test_null_requires_cause_and_known_value_cannot_have_one (test_edge_features.FeatureTests.test_null_requires_cause_and_known_value_cannot_have_one) ... ok
check	Compile and run offline checks	2026-10-03T18:07:41.7752964Z test_registered_rules_are_finite_and_project_bound (test_edge_features.FeatureTests.test_registered_rules_are_finite_and_project_bound) ... ok
check	Compile and run offline checks	2026-10-03T18:07:41.7756680Z test_settlement_jitter_is_not_repaired_or_tolerated (test_edge_features.FeatureTests.test_settlement_jitter_is_not_repaired_or_tolerated) ... ok
check	Compile and run offline checks	2026-10-03T18:07:41.7778524Z test_actual_acquisition_stamps_retained_bytes_and_rejects_redirect (test_edge_forward.ForwardTests.test_actual_acquisition_stamps_retained_bytes_and_rejects_redirect) ... ok
check	Compile and run offline checks	2026-10-03T18:07:41.8459467Z test_atomic_failure_preserves_original_and_source_change_blocks (test_edge_forward.ForwardTests.test_atomic_failure_preserves_original_and_source_change_blocks) ... ok
check	Compile and run offline checks	2026-10-03T18:07:41.9744299Z test_backfill_duplicate_future_and_gap_rejections_leave_bytes_unchanged (test_edge_forward.ForwardTests.test_backfill_duplicate_future_and_gap_rejections_leave_bytes_unchanged) ... ok
check	Compile and run offline checks	2026-10-03T18:07:42.3224431Z test_bearish_ordinary_full_exit_restores_then_requires_fresh_cross (test_edge_forward.ForwardTests.test_bearish_ordinary_full_exit_restores_then_requires_fresh_cross) ... ok
check	Compile and run offline checks	2026-10-03T18:07:42.3225404Z test_coin_unplaceable_protection_rejects_model_size (test_edge_forward.ForwardTests.test_coin_unplaceable_protection_rejects_model_size) ... skipped 'perpetual protection preflight'
check	Compile and run offline checks	2026-10-03T18:07:42.4903336Z test_complete_public_print_path_models_protection_with_exact_source (test_edge_forward.ForwardTests.test_complete_public_print_path_models_protection_with_exact_source) ... ok
check	Compile and run offline checks	2026-10-03T18:07:42.7399374Z test_deferred_first_observation_is_only_warmup_then_native_fresh_cross (test_edge_forward.ForwardTests.test_deferred_first_observation_is_only_warmup_then_native_fresh_cross) ... ok
check	Compile and run offline checks	2026-10-03T18:07:42.7438101Z test_deferred_init_is_empty_source_bound_paper_cash (test_edge_forward.ForwardTests.test_deferred_init_is_empty_source_bound_paper_cash) ... ok
check	Compile and run offline checks	2026-10-03T18:07:42.7792000Z test_deferred_readiness_is_reconstructed_not_trusted (test_edge_forward.ForwardTests.test_deferred_readiness_is_reconstructed_not_trusted) ... ok
check	Compile and run offline checks	2026-10-03T18:07:42.8233312Z test_delayed_first_warmup_records_gap_without_past_decisions (test_edge_forward.ForwardTests.test_delayed_first_warmup_records_gap_without_past_decisions) ... ok
check	Compile and run offline checks	2026-10-03T18:07:43.0766179Z test_entry_day_prefill_wick_does_not_tighten_owned_stop (test_edge_forward.ForwardTests.test_entry_day_prefill_wick_does_not_tighten_owned_stop) ... ok
check	Compile and run offline checks	2026-10-03T18:07:43.0766980Z test_funding_sign_no_past_cashflows_and_missing_is_not_zero (test_edge_forward.ForwardTests.test_funding_sign_no_past_cashflows_and_missing_is_not_zero) ... skipped 'perpetual-only settlement accounting'
check	Compile and run offline checks	2026-10-03T18:07:43.0823120Z test_fx_bad_publication_identity_latest_value_and_gaps_reject (test_edge_forward.ForwardTests.test_fx_bad_publication_identity_latest_value_and_gaps_reject) ... ok
check	Compile and run offline checks	2026-10-03T18:07:43.0835192Z test_fx_correct_csv_endpoint_and_html_metadata_only (test_edge_forward.ForwardTests.test_fx_correct_csv_endpoint_and_html_metadata_only) ... ok
check	Compile and run offline checks	2026-10-03T18:07:43.0866428Z test_fx_nested_raw_clock_url_tamper_and_paired_actual_fetch (test_edge_forward.ForwardTests.test_fx_nested_raw_clock_url_tamper_and_paired_actual_fetch) ... ok
check	Compile and run offline checks	2026-10-03T18:07:43.0883652Z test_fx_publication_freshness_exact_week_and_prior_date_rule (test_edge_forward.ForwardTests.test_fx_publication_freshness_exact_week_and_prior_date_rule) ... ok
check	Compile and run offline checks	2026-10-03T18:07:43.1290678Z test_initialization_is_actual_cold_start_and_exclusive (test_edge_forward.ForwardTests.test_initialization_is_actual_cold_start_and_exclusive) ... ok
check	Compile and run offline checks	2026-10-03T18:07:43.1797190Z test_invalid_paired_fx_keeps_init_and_append_unchanged (test_edge_forward.ForwardTests.test_invalid_paired_fx_keeps_init_and_append_unchanged) ... ok
check	Compile and run offline checks	2026-10-03T18:07:43.1798078Z test_macro_bootstrap_flag_and_checkpoint_tamper_reject_immutably (test_edge_forward.ForwardTests.test_macro_bootstrap_flag_and_checkpoint_tamper_reject_immutably) ... skipped 'Coin strict source-bound bootstrap checkpoint'
check	Compile and run offline checks	2026-10-03T18:07:43.1799218Z test_macro_bootstrap_missing_then_preexisting_consumed_and_fresh_reeligible (test_edge_forward.ForwardTests.test_macro_bootstrap_missing_then_preexisting_consumed_and_fresh_reeligible) ... skipped 'Coin actual macro bootstrap completion'
check	Compile and run offline checks	2026-10-03T18:07:43.1800712Z test_macro_bootstrap_persists_on_missing_book_and_selection_failure_is_atomic (test_edge_forward.ForwardTests.test_macro_bootstrap_persists_on_missing_book_and_selection_failure_is_atomic) ... skipped 'Coin selection checkpoint before book safety'
check	Compile and run offline checks	2026-10-03T18:07:43.1801956Z test_macro_cap_binds_executable_entry_and_keeps_original_target (test_edge_forward.ForwardTests.test_macro_cap_binds_executable_entry_and_keeps_original_target) ... skipped 'Coin canonical macro stop budget'
check	Compile and run offline checks	2026-10-03T18:07:43.1802765Z test_macro_depth_and_minimum_limits_do_not_relabel_target (test_edge_forward.ForwardTests.test_macro_depth_and_minimum_limits_do_not_relabel_target) ... skipped 'Coin depth and minimum caps'
check	Compile and run offline checks	2026-10-03T18:07:43.1803411Z test_macro_volatility_target_uses_higher_mark_not_entry_price (test_edge_forward.ForwardTests.test_macro_volatility_target_uses_higher_mark_not_entry_price) ... skipped 'Coin macro entry-versus-mark geometry'
check	Compile and run offline checks	2026-10-03T18:07:43.2798340Z test_missing_executable_depth_blocks_new_risk (test_edge_forward.ForwardTests.test_missing_executable_depth_blocks_new_risk) ... ok
check	Compile and run offline checks	2026-10-03T18:07:43.5324006Z test_partial_ordinary_exit_and_later_passive_exit_restore (test_edge_forward.ForwardTests.test_partial_ordinary_exit_and_later_passive_exit_restore) ... ok
check	Compile and run offline checks	2026-10-03T18:07:43.5785517Z test_pending_bad_history_source_and_atomic_failure_preserve_bytes (test_edge_forward.ForwardTests.test_pending_bad_history_source_and_atomic_failure_preserve_bytes) ... ok
check	Compile and run offline checks	2026-10-03T18:07:43.5786654Z test_pending_macro_bootstrap_reconsumes_primary_until_successful_selection (test_edge_forward.ForwardTests.test_pending_macro_bootstrap_reconsumes_primary_until_successful_selection) ... skipped 'Coin native repeated primary cold bootstrap'
check	Compile and run offline checks	2026-10-03T18:07:43.5787831Z test_primary_target_unchanged_and_fee_margin_limited_fill (test_edge_forward.ForwardTests.test_primary_target_unchanged_and_fee_margin_limited_fill) ... skipped 'Coin target versus constrained fill'
check	Compile and run offline checks	2026-10-03T18:07:43.8299554Z test_prior_unresolved_span_blocks_later_local_passive_fill (test_edge_forward.ForwardTests.test_prior_unresolved_span_blocks_later_local_passive_fill) ... ok
check	Compile and run offline checks	2026-10-03T18:07:43.9745407Z test_proposal_modeled_fill_fee_net_conservation_and_checkpoint (test_edge_forward.ForwardTests.test_proposal_modeled_fill_fee_net_conservation_and_checkpoint) ... ok
check	Compile and run offline checks	2026-10-03T18:07:44.1444884Z test_protective_ohlc_is_unknown_not_a_fabricated_stop_fill (test_edge_forward.ForwardTests.test_protective_ohlc_is_unknown_not_a_fabricated_stop_fill) ... ok
check	Compile and run offline checks	2026-10-03T18:07:44.1445806Z test_raw_alfred_vintage_parsing_and_future_rejection (test_edge_forward.ForwardTests.test_raw_alfred_vintage_parsing_and_future_rejection) ... skipped 'ALFRED macro source'
check	Compile and run offline checks	2026-10-03T18:07:44.1457871Z test_receipt_url_future_boundary_and_raw_tamper (test_edge_forward.ForwardTests.test_receipt_url_future_boundary_and_raw_tamper) ... ok
check	Compile and run offline checks	2026-10-03T18:07:44.1741363Z test_recomputed_checkpoint_tamper_and_missing_raw_are_rejected (test_edge_forward.ForwardTests.test_recomputed_checkpoint_tamper_and_missing_raw_are_rejected) ... ok
check	Compile and run offline checks	2026-10-03T18:07:44.3205279Z test_size_minimum_rounding_depth_and_no_topup (test_edge_forward.ForwardTests.test_size_minimum_rounding_depth_and_no_topup) ... ok
check	Compile and run offline checks	2026-10-03T18:07:44.3224305Z test_stale_and_nonfinite_book_rejected (test_edge_forward.ForwardTests.test_stale_and_nonfinite_book_rejected) ... ok
check	Compile and run offline checks	2026-10-03T18:07:44.3233228Z test_strict_json_numbers_and_duplicate_keys (test_edge_forward.ForwardTests.test_strict_json_numbers_and_duplicate_keys) ... ok
check	Compile and run offline checks	2026-10-03T18:07:44.3729664Z test_archive_metadata_equivalence_actual_protected_byte_rejection (test_edge_forward.SourceAndExportTests.test_archive_metadata_equivalence_actual_protected_byte_rejection) ... ok
check	Compile and run offline checks	2026-10-03T18:07:44.4221985Z test_executable_configuration_and_protocol_are_protected (test_edge_forward.SourceAndExportTests.test_executable_configuration_and_protocol_are_protected) ... ok
check	Compile and run offline checks	2026-10-03T18:07:44.4490927Z test_frozen_proof_exact_categories_records_and_adapter (test_edge_forward.SourceAndExportTests.test_frozen_proof_exact_categories_records_and_adapter) ... ok
check	Compile and run offline checks	2026-10-03T18:07:44.5023726Z test_current_producer_mismatch_still_rejects_at_ingestion (test_edge_proof_reader.RetrospectiveProofTests.test_current_producer_mismatch_still_rejects_at_ingestion) ... ok
check	Compile and run offline checks	2026-10-03T18:07:44.5790691Z test_recorded_archive_validates_digest_objects_and_contracts (test_edge_proof_reader.RetrospectiveProofTests.test_recorded_archive_validates_digest_objects_and_contracts) ... ok
check	Compile and run offline checks	2026-10-03T18:07:44.6963426Z test_retrospective_export_preserves_sources_and_rejects_bad_bindings (test_edge_proof_reader.RetrospectiveProofTests.test_retrospective_export_preserves_sources_and_rejects_bad_bindings) ... ok
check	Compile and run offline checks	2026-10-03T18:07:44.7313764Z test_active_substep_partial_fill_does_not_authorize_a_topup (test_edge_spot.EdgeSpotTests.test_active_substep_partial_fill_does_not_authorize_a_topup) ... ok
check	Compile and run offline checks	2026-10-03T18:07:44.7341831Z test_calibration_all_profiles_strict_fields_kind_boundaries_duplicate (test_edge_spot.EdgeSpotTests.test_calibration_all_profiles_strict_fields_kind_boundaries_duplicate) ... ok
check	Compile and run offline checks	2026-10-03T18:07:44.7556321Z test_crowding_strict_actual_clock_momentum_and_missing_safety (test_edge_spot.EdgeSpotTests.test_crowding_strict_actual_clock_momentum_and_missing_safety) ... ERROR
check	Compile and run offline checks	2026-10-03T18:07:44.7796222Z test_exit_confirmation_preserves_bearish_vote_and_safety_priority (test_edge_spot.EdgeSpotTests.test_exit_confirmation_preserves_bearish_vote_and_safety_priority) ... ok
check	Compile and run offline checks	2026-10-03T18:07:44.8009107Z test_hooks_restored_on_decision_and_measurement_failure (test_edge_spot.EdgeSpotTests.test_hooks_restored_on_decision_and_measurement_failure) ... FAIL
check	Compile and run offline checks	2026-10-03T18:07:44.8037178Z test_previous_sma_uses_its_own_completed_window_and_equality_is_below (test_edge_spot.EdgeSpotTests.test_previous_sma_uses_its_own_completed_window_and_equality_is_below) ... ok
check	Compile and run offline checks	2026-10-03T18:07:45.1743399Z {"candidate": "cash", "scenario": "base", "session": 0}
check	Compile and run offline checks	2026-10-03T18:07:45.2087383Z test_real_cash_and_two_protected_controls_fees_stop_no_same_day_reentry (test_edge_spot.EdgeSpotTests.test_real_cash_and_two_protected_controls_fees_stop_no_same_day_reentry) ... /opt/hostedtoolcache/Python/3.13.15/x64/lib/python3.13/json/encoder.py:263: ResourceWarning: unclosed database in <sqlite3.Connection object at 0x7fa2607da2f0>
check	Compile and run offline checks	2026-10-03T18:07:45.2088641Z   return _iterencode(o, 0)
check	Compile and run offline checks	2026-10-03T18:07:45.2088964Z ResourceWarning: Enable tracemalloc to get the object allocation traceback
check	Compile and run offline checks	2026-10-03T18:07:45.2089791Z /opt/hostedtoolcache/Python/3.13.15/x64/lib/python3.13/json/encoder.py:263: ResourceWarning: unclosed database in <sqlite3.Connection object at 0x7fa26019df30>
check	Compile and run offline checks	2026-10-03T18:07:45.2090342Z   return _iterencode(o, 0)
check	Compile and run offline checks	2026-10-03T18:07:45.2090649Z ResourceWarning: Enable tracemalloc to get the object allocation traceback
check	Compile and run offline checks	2026-10-03T18:07:45.4961314Z /home/runner/work/spotquant/spotquant/spotquant/model.py:350: ResourceWarning: unclosed database in <sqlite3.Connection object at 0x7fa26019df30>
check	Compile and run offline checks	2026-10-03T18:07:45.4961735Z   model.closes = deque((D(item) for item in body['closes']), maxlen=limit)
check	Compile and run offline checks	2026-10-03T18:07:45.4962004Z ResourceWarning: Enable tracemalloc to get the object allocation traceback
check	Compile and run offline checks	2026-10-03T18:07:45.4962568Z /home/runner/work/spotquant/spotquant/spotquant/model.py:350: ResourceWarning: unclosed database in <sqlite3.Connection object at 0x7fa2607da3e0>
check	Compile and run offline checks	2026-10-03T18:07:45.4962942Z   model.closes = deque((D(item) for item in body['closes']), maxlen=limit)
check	Compile and run offline checks	2026-10-03T18:07:45.4963186Z ResourceWarning: Enable tracemalloc to get the object allocation traceback
check	Compile and run offline checks	2026-10-03T18:07:45.8601074Z /home/runner/work/spotquant/spotquant/spotquant/model.py:213: ResourceWarning: unclosed database in <sqlite3.Connection object at 0x7fa26019df30>
check	Compile and run offline checks	2026-10-03T18:07:45.8601462Z   yday <= D(1) - self.cap_drop
check	Compile and run offline checks	2026-10-03T18:07:45.8601664Z ResourceWarning: Enable tracemalloc to get the object allocation traceback
check	Compile and run offline checks	2026-10-03T18:07:45.8602041Z /home/runner/work/spotquant/spotquant/spotquant/model.py:213: ResourceWarning: unclosed database in <sqlite3.Connection object at 0x7fa2607d9f30>
check	Compile and run offline checks	2026-10-03T18:07:45.8602360Z   yday <= D(1) - self.cap_drop
check	Compile and run offline checks	2026-10-03T18:07:45.8602553Z ResourceWarning: Enable tracemalloc to get the object allocation traceback
check	Compile and run offline checks	2026-10-03T18:07:46.1352812Z /home/runner/work/spotquant/spotquant/spotquant/state.py:90: ResourceWarning: unclosed database in <sqlite3.Connection object at 0x7fa26019df30>
check	Compile and run offline checks	2026-10-03T18:07:46.1353563Z   row = self.db.execute('SELECT value FROM meta WHERE key=?', (key,)).fetchone()
check	Compile and run offline checks	2026-10-03T18:07:46.1353832Z ResourceWarning: Enable tracemalloc to get the object allocation traceback
check	Compile and run offline checks	2026-10-03T18:07:46.1354217Z /home/runner/work/spotquant/spotquant/spotquant/state.py:90: ResourceWarning: unclosed database in <sqlite3.Connection object at 0x7fa2607d9e40>
check	Compile and run offline checks	2026-10-03T18:07:46.1354590Z   row = self.db.execute('SELECT value FROM meta WHERE key=?', (key,)).fetchone()
check	Compile and run offline checks	2026-10-03T18:07:46.1354842Z ResourceWarning: Enable tracemalloc to get the object allocation traceback
check	Compile and run offline checks	2026-10-03T18:07:46.4439894Z /home/runner/work/spotquant/spotquant/spotquant/types.py:46: ResourceWarning: unclosed database in <sqlite3.Connection object at 0x7fa26019df30>
check	Compile and run offline checks	2026-10-03T18:07:46.4440522Z   return {str(key): serial(item) for key, item in value.items()}
check	Compile and run offline checks	2026-10-03T18:07:46.4440848Z ResourceWarning: Enable tracemalloc to get the object allocation traceback
check	Compile and run offline checks	2026-10-03T18:07:46.4441245Z /home/runner/work/spotquant/spotquant/spotquant/types.py:46: ResourceWarning: unclosed database in <sqlite3.Connection object at 0x7fa2607da2f0>
check	Compile and run offline checks	2026-10-03T18:07:46.4441608Z   return {str(key): serial(item) for key, item in value.items()}
check	Compile and run offline checks	2026-10-03T18:07:46.4441852Z ResourceWarning: Enable tracemalloc to get the object allocation traceback
check	Compile and run offline checks	2026-10-03T18:07:46.7840096Z {"candidate": "protected-participation-25", "scenario": "base", "session": 0}
check	Compile and run offline checks	2026-10-03T18:07:46.7968205Z /home/runner/work/spotquant/spotquant/spotquant/model.py:233: ResourceWarning: unclosed database in <sqlite3.Connection object at 0x7fa2607d98a0>
check	Compile and run offline checks	2026-10-03T18:07:46.7968710Z   self.true_ranges.append((open_time, max(high - low, abs(high - self.close), abs(low - self.close))))
check	Compile and run offline checks	2026-10-03T18:07:46.7969016Z ResourceWarning: Enable tracemalloc to get the object allocation traceback
check	Compile and run offline checks	2026-10-03T18:07:46.7969563Z /home/runner/work/spotquant/spotquant/spotquant/model.py:233: ResourceWarning: unclosed database in <sqlite3.Connection object at 0x7fa26019df30>
check	Compile and run offline checks	2026-10-03T18:07:46.7969975Z   self.true_ranges.append((open_time, max(high - low, abs(high - self.close), abs(low - self.close))))
check	Compile and run offline checks	2026-10-03T18:07:46.7970267Z ResourceWarning: Enable tracemalloc to get the object allocation traceback
check	Compile and run offline checks	2026-10-03T18:07:47.2100859Z /home/runner/work/spotquant/spotquant/spotquant/model.py:350: ResourceWarning: unclosed database in <sqlite3.Connection object at 0x7fa26019df30>
check	Compile and run offline checks	2026-10-03T18:07:47.2101567Z   model.closes = deque((D(item) for item in body['closes']), maxlen=limit)
check	Compile and run offline checks	2026-10-03T18:07:47.2102007Z ResourceWarning: Enable tracemalloc to get the object allocation traceback
check	Compile and run offline checks	2026-10-03T18:07:47.2102664Z /home/runner/work/spotquant/spotquant/spotquant/model.py:350: ResourceWarning: unclosed database in <sqlite3.Connection object at 0x7fa2607da020>
check	Compile and run offline checks	2026-10-03T18:07:47.2103524Z   model.closes = deque((D(item) for item in body['closes']), maxlen=limit)
check	Compile and run offline checks	2026-10-03T18:07:47.2103941Z ResourceWarning: Enable tracemalloc to get the object allocation traceback
check	Compile and run offline checks	2026-10-03T18:07:47.6278672Z /home/runner/work/spotquant/spotquant/spotquant/model.py:350: ResourceWarning: unclosed database in <sqlite3.Connection object at 0x7fa260d735b0>
check	Compile and run offline checks	2026-10-03T18:07:47.6279521Z   model.closes = deque((D(item) for item in body['closes']), maxlen=limit)
check	Compile and run offline checks	2026-10-03T18:07:47.6279956Z ResourceWarning: Enable tracemalloc to get the object allocation traceback
check	Compile and run offline checks	2026-10-03T18:07:47.6280631Z /home/runner/work/spotquant/spotquant/spotquant/model.py:350: ResourceWarning: unclosed database in <sqlite3.Connection object at 0x7fa260b70220>
check	Compile and run offline checks	2026-10-03T18:07:47.6281262Z   model.closes = deque((D(item) for item in body['closes']), maxlen=limit)
check	Compile and run offline checks	2026-10-03T18:07:47.6281676Z ResourceWarning: Enable tracemalloc to get the object allocation traceback
check	Compile and run offline checks	2026-10-03T18:07:48.0403113Z /home/runner/work/spotquant/spotquant/spotquant/model.py:350: ResourceWarning: unclosed database in <sqlite3.Connection object at 0x7fa260b73100>
check	Compile and run offline checks	2026-10-03T18:07:48.0403847Z   model.closes = deque((D(item) for item in body['closes']), maxlen=limit)
check	Compile and run offline checks	2026-10-03T18:07:48.0404498Z ResourceWarning: Enable tracemalloc to get the object allocation traceback
check	Compile and run offline checks	2026-10-03T18:07:48.4657811Z /home/runner/work/spotquant/spotquant/spotquant/types.py:46: ResourceWarning: unclosed database in <sqlite3.Connection object at 0x7fa260d735b0>
check	Compile and run offline checks	2026-10-03T18:07:48.4658221Z   return {str(key): serial(item) for key, item in value.items()}
check	Compile and run offline checks	2026-10-03T18:07:48.4658470Z ResourceWarning: Enable tracemalloc to get the object allocation traceback
check	Compile and run offline checks	2026-10-03T18:07:48.4658852Z /home/runner/work/spotquant/spotquant/spotquant/types.py:46: ResourceWarning: unclosed database in <sqlite3.Connection object at 0x7fa260b706d0>
check	Compile and run offline checks	2026-10-03T18:07:48.4659203Z   return {str(key): serial(item) for key, item in value.items()}
check	Compile and run offline checks	2026-10-03T18:07:48.4659596Z ResourceWarning: Enable tracemalloc to get the object allocation traceback
check	Compile and run offline checks	2026-10-03T18:07:48.8110527Z {"candidate": "protected-participation-100", "scenario": "base", "session": 0}
check	Compile and run offline checks	2026-10-03T18:07:48.8233895Z /home/runner/work/spotquant/spotquant/spotquant/model.py:189: ResourceWarning: unclosed database in <sqlite3.Connection object at 0x7fa260b70220>
check	Compile and run offline checks	2026-10-03T18:07:48.8234531Z   sma = sum(window, D(0)) / self.sma_window
check	Compile and run offline checks	2026-10-03T18:07:48.8234893Z ResourceWarning: Enable tracemalloc to get the object allocation traceback
check	Compile and run offline checks	2026-10-03T18:07:48.8235561Z /home/runner/work/spotquant/spotquant/spotquant/model.py:189: ResourceWarning: unclosed database in <sqlite3.Connection object at 0x7fa260d735b0>
check	Compile and run offline checks	2026-10-03T18:07:48.8236130Z   sma = sum(window, D(0)) / self.sma_window
check	Compile and run offline checks	2026-10-03T18:07:48.8236471Z ResourceWarning: Enable tracemalloc to get the object allocation traceback
check	Compile and run offline checks	2026-10-03T18:07:49.2448939Z /home/runner/work/spotquant/spotquant/spotquant/model.py:350: ResourceWarning: unclosed database in <sqlite3.Connection object at 0x7fa260d735b0>
check	Compile and run offline checks	2026-10-03T18:07:49.2449882Z   model.closes = deque((D(item) for item in body['closes']), maxlen=limit)
check	Compile and run offline checks	2026-10-03T18:07:49.2450335Z ResourceWarning: Enable tracemalloc to get the object allocation traceback
check	Compile and run offline checks	2026-10-03T18:07:49.2451032Z /home/runner/work/spotquant/spotquant/spotquant/model.py:350: ResourceWarning: unclosed database in <sqlite3.Connection object at 0x7fa260b73100>
check	Compile and run offline checks	2026-10-03T18:07:49.2451671Z   model.closes = deque((D(item) for item in body['closes']), maxlen=limit)
check	Compile and run offline checks	2026-10-03T18:07:49.2452096Z ResourceWarning: Enable tracemalloc to get the object allocation traceback
check	Compile and run offline checks	2026-10-03T18:07:49.6541177Z /home/runner/work/spotquant/spotquant/spotquant/model.py:350: ResourceWarning: unclosed database in <sqlite3.Connection object at 0x7fa260b706d0>
check	Compile and run offline checks	2026-10-03T18:07:49.6541911Z   model.closes = deque((D(item) for item in body['closes']), maxlen=limit)
check	Compile and run offline checks	2026-10-03T18:07:49.6542350Z ResourceWarning: Enable tracemalloc to get the object allocation traceback
check	Compile and run offline checks	2026-10-03T18:07:50.0665344Z /home/runner/work/spotquant/spotquant/spotquant/model.py:350: ResourceWarning: unclosed database in <sqlite3.Connection object at 0x7fa260b72980>
check	Compile and run offline checks	2026-10-03T18:07:50.0665874Z   model.closes = deque((D(item) for item in body['closes']), maxlen=limit)
check	Compile and run offline checks	2026-10-03T18:07:50.0666137Z ResourceWarning: Enable tracemalloc to get the object allocation traceback
check	Compile and run offline checks	2026-10-03T18:07:50.5391791Z /home/runner/work/spotquant/spotquant/spotquant/types.py:46: ResourceWarning: unclosed database in <sqlite3.Connection object at 0x7fa260d735b0>
check	Compile and run offline checks	2026-10-03T18:07:50.5392281Z   return {str(key): serial(item) for key, item in value.items()}
check	Compile and run offline checks	2026-10-03T18:07:50.5392531Z ResourceWarning: Enable tracemalloc to get the object allocation traceback
check	Compile and run offline checks	2026-10-03T18:07:50.5392913Z /home/runner/work/spotquant/spotquant/spotquant/types.py:46: ResourceWarning: unclosed database in <sqlite3.Connection object at 0x7fa260b73880>
check	Compile and run offline checks	2026-10-03T18:07:50.5393277Z   return {str(key): serial(item) for key, item in value.items()}
check	Compile and run offline checks	2026-10-03T18:07:50.5393532Z ResourceWarning: Enable tracemalloc to get the object allocation traceback
check	Compile and run offline checks	2026-10-03T18:07:50.5403560Z ok
check	Compile and run offline checks	2026-10-03T18:07:50.6294042Z test_registered_components_and_minimum_rounding (test_edge_spot.EdgeSpotTests.test_registered_components_and_minimum_rounding) ... ok
check	Compile and run offline checks	2026-10-03T18:07:50.7536423Z test_risk_cutoff_and_held_protections_untouched (test_edge_spot.EdgeSpotTests.test_risk_cutoff_and_held_protections_untouched) ... ok
check	Compile and run offline checks	2026-10-03T18:07:50.9345275Z test_state_rule_checkpoint_profile_reject_before_recover_spy (test_edge_spot.EdgeSpotTests.test_state_rule_checkpoint_profile_reject_before_recover_spy) ... ok
check	Compile and run offline checks	2026-10-03T18:07:50.9831892Z test_stop_budget_caps_original_proposal_accounts_fees_and_blocks_missing (test_edge_spot.EdgeSpotTests.test_stop_budget_caps_original_proposal_accounts_fees_and_blocks_missing) ... ok
check	Compile and run offline checks	2026-10-03T18:07:50.9834966Z test_stop_risk_aggregates_allocated_sleeves_and_rounding_dust (test_edge_spot.EdgeSpotTests.test_stop_risk_aggregates_allocated_sleeves_and_rounding_dust) ... ok
check	Compile and run offline checks	2026-10-03T18:07:51.5781888Z {"candidate": "atr-stop", "scenario": "base", "session": 0}
check	Compile and run offline checks	2026-10-03T18:07:51.5813669Z test_unity_baseline_all_six_original_groups_and_budget (test_edge_spot.EdgeSpotTests.test_unity_baseline_all_six_original_groups_and_budget) ... /home/runner/work/spotquant/spotquant/spotquant/model.py:350: ResourceWarning: unclosed database in <sqlite3.Connection object at 0x7fa260b706d0>
check	Compile and run offline checks	2026-10-03T18:07:51.5814847Z   model.closes = deque((D(item) for item in body['closes']), maxlen=limit)
check	Compile and run offline checks	2026-10-03T18:07:51.5816681Z ResourceWarning: Enable tracemalloc to get the object allocation traceback
check	Compile and run offline checks	2026-10-03T18:07:51.5817369Z /home/runner/work/spotquant/spotquant/spotquant/model.py:350: ResourceWarning: unclosed database in <sqlite3.Connection object at 0x7fa260a7d210>
check	Compile and run offline checks	2026-10-03T18:07:51.5819432Z   model.closes = deque((D(item) for item in body['closes']), maxlen=limit)
check	Compile and run offline checks	2026-10-03T18:07:51.5819843Z ResourceWarning: Enable tracemalloc to get the object allocation traceback
check	Compile and run offline checks	2026-10-03T18:07:51.9155225Z /home/runner/work/spotquant/spotquant/spotquant/model.py:350: ResourceWarning: unclosed database in <sqlite3.Connection object at 0x7fa260937e20>
check	Compile and run offline checks	2026-10-03T18:07:51.9155685Z   model.closes = deque((D(item) for item in body['closes']), maxlen=limit)
check	Compile and run offline checks	2026-10-03T18:07:51.9155950Z ResourceWarning: Enable tracemalloc to get the object allocation traceback
check	Compile and run offline checks	2026-10-03T18:07:52.3435544Z /home/runner/work/spotquant/spotquant/spotquant/model.py:189: ResourceWarning: unclosed database in <sqlite3.Connection object at 0x7fa260a7d210>
check	Compile and run offline checks	2026-10-03T18:07:52.3435946Z   sma = sum(window, D(0)) / self.sma_window
check	Compile and run offline checks	2026-10-03T18:07:52.3436160Z ResourceWarning: Enable tracemalloc to get the object allocation traceback
check	Compile and run offline checks	2026-10-03T18:07:52.3436538Z /home/runner/work/spotquant/spotquant/spotquant/model.py:189: ResourceWarning: unclosed database in <sqlite3.Connection object at 0x7fa260934e50>
check	Compile and run offline checks	2026-10-03T18:07:52.3436863Z   sma = sum(window, D(0)) / self.sma_window
check	Compile and run offline checks	2026-10-03T18:07:52.3437061Z ResourceWarning: Enable tracemalloc to get the object allocation traceback
check	Compile and run offline checks	2026-10-03T18:07:52.6601805Z {"candidate": "atr-stop", "scenario": "base", "session": 0}
check	Compile and run offline checks	2026-10-03T18:07:52.6958437Z /opt/hostedtoolcache/Python/3.13.15/x64/lib/python3.13/json/encoder.py:254: ResourceWarning: unclosed database in <sqlite3.Connection object at 0x7fa260a7d210>
check	Compile and run offline checks	2026-10-03T18:07:52.6959073Z   _iterencode = c_make_encoder(
check	Compile and run offline checks	2026-10-03T18:07:52.6959517Z ResourceWarning: Enable tracemalloc to get the object allocation traceback
check	Compile and run offline checks	2026-10-03T18:07:52.6959924Z /opt/hostedtoolcache/Python/3.13.15/x64/lib/python3.13/json/encoder.py:254: ResourceWarning: unclosed database in <sqlite3.Connection object at 0x7fa2609371f0>
check	Compile and run offline checks	2026-10-03T18:07:52.6960852Z   _iterencode = c_make_encoder(
check	Compile and run offline checks	2026-10-03T18:07:52.6961122Z ResourceWarning: Enable tracemalloc to get the object allocation traceback
check	Compile and run offline checks	2026-10-03T18:07:52.9842260Z /home/runner/work/spotquant/spotquant/spotquant/types.py:40: ResourceWarning: unclosed database in <sqlite3.Connection object at 0x7fa260a7d210>
check	Compile and run offline checks	2026-10-03T18:07:52.9842845Z   def serial(value: Any) -> Any:
check	Compile and run offline checks	2026-10-03T18:07:52.9843081Z ResourceWarning: Enable tracemalloc to get the object allocation traceback
check	Compile and run offline checks	2026-10-03T18:07:52.9843619Z /home/runner/work/spotquant/spotquant/spotquant/types.py:40: ResourceWarning: unclosed database in <sqlite3.Connection object at 0x7fa2609362f0>
check	Compile and run offline checks	2026-10-03T18:07:52.9843944Z   def serial(value: Any) -> Any:
check	Compile and run offline checks	2026-10-03T18:07:52.9844137Z ResourceWarning: Enable tracemalloc to get the object allocation traceback
check	Compile and run offline checks	2026-10-03T18:07:53.4305287Z /home/runner/work/spotquant/spotquant/spotquant/types.py:26: ResourceWarning: unclosed database in <sqlite3.Connection object at 0x7fa260a7d210>
check	Compile and run offline checks	2026-10-03T18:07:53.4305883Z   result = D(str(value))
check	Compile and run offline checks	2026-10-03T18:07:53.4306157Z ResourceWarning: Enable tracemalloc to get the object allocation traceback
check	Compile and run offline checks	2026-10-03T18:07:53.4306554Z /home/runner/work/spotquant/spotquant/spotquant/types.py:26: ResourceWarning: unclosed database in <sqlite3.Connection object at 0x7fa2609363e0>
check	Compile and run offline checks	2026-10-03T18:07:53.4306914Z   result = D(str(value))
check	Compile and run offline checks	2026-10-03T18:07:53.4307173Z ResourceWarning: Enable tracemalloc to get the object allocation traceback
check	Compile and run offline checks	2026-10-03T18:07:53.7647516Z {"candidate": "atr-stop", "scenario": "base", "session": 0}
check	Compile and run offline checks	2026-10-03T18:07:53.7985964Z /opt/hostedtoolcache/Python/3.13.15/x64/lib/python3.13/json/encoder.py:254: ResourceWarning: unclosed database in <sqlite3.Connection object at 0x7fa260a7d210>
check	Compile and run offline checks	2026-10-03T18:07:53.7986516Z   _iterencode = c_make_encoder(
check	Compile and run offline checks	2026-10-03T18:07:53.7986816Z ResourceWarning: Enable tracemalloc to get the object allocation traceback
check	Compile and run offline checks	2026-10-03T18:07:53.7987440Z /opt/hostedtoolcache/Python/3.13.15/x64/lib/python3.13/json/encoder.py:254: ResourceWarning: unclosed database in <sqlite3.Connection object at 0x7fa260936020>
check	Compile and run offline checks	2026-10-03T18:07:53.7987971Z   _iterencode = c_make_encoder(
check	Compile and run offline checks	2026-10-03T18:07:53.7988264Z ResourceWarning: Enable tracemalloc to get the object allocation traceback
check	Compile and run offline checks	2026-10-03T18:07:54.0905624Z /opt/hostedtoolcache/Python/3.13.15/x64/lib/python3.13/json/encoder.py:263: ResourceWarning: unclosed database in <sqlite3.Connection object at 0x7fa260a7d210>
check	Compile and run offline checks	2026-10-03T18:07:54.0906210Z   return _iterencode(o, 0)
check	Compile and run offline checks	2026-10-03T18:07:54.0906515Z ResourceWarning: Enable tracemalloc to get the object allocation traceback
check	Compile and run offline checks	2026-10-03T18:07:54.0907148Z /opt/hostedtoolcache/Python/3.13.15/x64/lib/python3.13/json/encoder.py:263: ResourceWarning: unclosed database in <sqlite3.Connection object at 0x7fa260936110>
check	Compile and run offline checks	2026-10-03T18:07:54.0907677Z   return _iterencode(o, 0)
check	Compile and run offline checks	2026-10-03T18:07:54.0907961Z ResourceWarning: Enable tracemalloc to get the object allocation traceback
check	Compile and run offline checks	2026-10-03T18:07:54.5094663Z ok
check	Compile and run offline checks	2026-10-03T18:07:54.5095988Z test_a_balance_that_is_not_the_buy_is_unknown (test_follow.FollowTests.test_a_balance_that_is_not_the_buy_is_unknown) ... ok
check	Compile and run offline checks	2026-10-03T18:07:54.5096468Z test_a_full_transfer_out_with_no_sell_is_unknown (test_follow.FollowTests.test_a_full_transfer_out_with_no_sell_is_unknown) ... ok
check	Compile and run offline checks	2026-10-03T18:07:54.5096992Z test_a_pre_fill_wick_does_not_raise_the_peak (test_follow.FollowTests.test_a_pre_fill_wick_does_not_raise_the_peak) ... ok
check	Compile and run offline checks	2026-10-03T18:07:54.5097716Z test_a_sell_already_accounted_for_is_not_counted_twice (test_follow.FollowTests.test_a_sell_already_accounted_for_is_not_counted_twice) ... ok
check	Compile and run offline checks	2026-10-03T18:07:54.5100459Z test_a_sell_of_one_sleeve_does_not_erase_the_buy_of_another_at_the_same_open (test_follow.FollowTests.test_a_sell_of_one_sleeve_does_not_erase_the_buy_of_another_at_the_same_open) ... ok
check	Compile and run offline checks	2026-10-03T18:07:54.5101609Z test_a_sell_that_leaves_one_sleeve_closes_only_that_sleeve (test_follow.FollowTests.test_a_sell_that_leaves_one_sleeve_closes_only_that_sleeve) ... ok
check	Compile and run offline checks	2026-10-03T18:07:54.5102604Z test_btc_commission_is_part_of_the_balance_and_not_the_fill_price (test_follow.FollowTests.test_btc_commission_is_part_of_the_balance_and_not_the_fill_price) ... ok
check	Compile and run offline checks	2026-10-03T18:07:54.5103606Z test_equal_sleeves_are_unknown_even_when_both_want_to_exit (test_follow.FollowTests.test_equal_sleeves_are_unknown_even_when_both_want_to_exit) ... ok
check	Compile and run offline checks	2026-10-03T18:07:54.5104987Z test_sleeves_on_one_signal_day_share_one_fill_equally (test_follow.FollowTests.test_sleeves_on_one_signal_day_share_one_fill_equally) ... ok
check	Compile and run offline checks	2026-10-03T18:07:54.5106095Z test_two_order_ids_are_not_merged_into_one_fill (test_follow.FollowTests.test_two_order_ids_are_not_merged_into_one_fill) ... ok
check	Compile and run offline checks	2026-10-03T18:07:54.5120559Z test_expired_partial_and_intentional_half_reduction_remain_positions (test_grouped_close.GroupedCloseTests.test_expired_partial_and_intentional_half_reduction_remain_positions) ... ok
check	Compile and run offline checks	2026-10-03T18:07:54.5130756Z test_full_close_is_strategy_flat_while_real_ownership_and_capital_are_kept (test_grouped_close.GroupedCloseTests.test_full_close_is_strategy_flat_while_real_ownership_and_capital_are_kept) ... ok
check	Compile and run offline checks	2026-10-03T18:07:54.5138453Z test_future_final_readback_cannot_close_an_earlier_partial_fill (test_grouped_close.GroupedCloseTests.test_future_final_readback_cannot_close_an_earlier_partial_fill) ... ok
check	Compile and run offline checks	2026-10-03T18:07:54.5146831Z test_late_terminal_readback_does_not_commit_a_permanently_unprotected_remainder (test_grouped_close.GroupedCloseTests.test_late_terminal_readback_does_not_commit_a_permanently_unprotected_remainder) ... ok
check	Compile and run offline checks	2026-10-03T18:07:54.5160612Z test_missing_readback_or_incomplete_legacy_application_never_widens_dust (test_grouped_close.GroupedCloseTests.test_missing_readback_or_incomplete_legacy_application_never_widens_dust) ... ok
check	Compile and run offline checks	2026-10-03T18:07:54.5347145Z test_readonly_cycle_rolls_back_earlier_sleeve_before_late_terminal_guard (test_grouped_close.GroupedCloseTests.test_readonly_cycle_rolls_back_earlier_sleeve_before_late_terminal_guard) ... ok
check	Compile and run offline checks	2026-10-03T18:07:54.5426590Z test_readonly_recovery_and_executor_use_the_same_durable_native_metadata (test_grouped_close.GroupedCloseTests.test_readonly_recovery_and_executor_use_the_same_durable_native_metadata) ... ok
check	Compile and run offline checks	2026-10-03T18:07:54.5434293Z test_real_reentry_merges_owned_residual_and_resets_peak (test_grouped_close.GroupedCloseTests.test_real_reentry_merges_owned_residual_and_resets_peak) ... ok
check	Compile and run offline checks	2026-10-03T18:07:54.5435906Z test_a_close_four_percent_under_the_fill_invalidates_a_normal_entry (test_model.ModelTests.test_a_close_four_percent_under_the_fill_invalidates_a_normal_entry) ... ok
check	Compile and run offline checks	2026-10-03T18:07:54.5437012Z test_a_close_sixty_one_percent_above_the_average_is_a_blowoff (test_model.ModelTests.test_a_close_sixty_one_percent_above_the_average_is_a_blowoff) ... ok
check	Compile and run offline checks	2026-10-03T18:07:54.5437873Z test_a_crash_reversal_ignores_the_four_percent_close (test_model.ModelTests.test_a_crash_reversal_ignores_the_four_percent_close) ... ok
check	Compile and run offline checks	2026-10-03T18:07:54.5439104Z test_a_flat_followed_position_rearms_only_after_a_fresh_cross (test_model.ModelTests.test_a_flat_followed_position_rearms_only_after_a_fresh_cross) ... ok
check	Compile and run offline checks	2026-10-03T18:07:54.5440385Z test_bull_is_strict_and_checkpoint_roundtrips (test_model.ModelTests.test_bull_is_strict_and_checkpoint_roundtrips) ... ok
check	Compile and run offline checks	2026-10-03T18:07:54.5443234Z test_crash_reversal_arms_and_holds_until_the_handoff (test_model.ModelTests.test_crash_reversal_arms_and_holds_until_the_handoff) ... ok
check	Compile and run offline checks	2026-10-03T18:07:54.5444188Z test_defaults_match_the_selected_spot_book (test_model.ModelTests.test_defaults_match_the_selected_spot_book) ... ok
check	Compile and run offline checks	2026-10-03T18:07:54.5444831Z test_empty_checkpoint_roundtrips (test_model.ModelTests.test_empty_checkpoint_roundtrips) ... ok
check	Compile and run offline checks	2026-10-03T18:07:54.5445400Z test_equal_close_is_not_bullish (test_model.ModelTests.test_equal_close_is_not_bullish) ... ok
check	Compile and run offline checks	2026-10-03T18:07:54.5445929Z test_origin_and_contiguity (test_model.ModelTests.test_origin_and_contiguity) ... ok
check	Compile and run offline checks	2026-10-03T18:07:54.5446647Z test_restore_rejects_a_previous_close_that_is_not_in_the_window (test_model.ModelTests.test_restore_rejects_a_previous_close_that_is_not_in_the_window) ... ok
check	Compile and run offline checks	2026-10-03T18:07:54.5447550Z test_restore_rejects_a_rehashed_crash_flag (test_model.ModelTests.test_restore_rejects_a_rehashed_crash_flag) ... ok
check	Compile and run offline checks	2026-10-03T18:07:54.5450006Z test_restore_rejects_a_rehashed_crash_reversal (test_model.ModelTests.test_restore_rejects_a_rehashed_crash_reversal) ... ok
check	Compile and run offline checks	2026-10-03T18:07:54.5450772Z test_two_closes_arm_entry_and_an_exit_requires_a_fresh_cross (test_model.ModelTests.test_two_closes_arm_entry_and_an_exit_requires_a_fresh_cross) ... ok
check	Compile and run offline checks	2026-10-03T18:07:54.5453898Z test_partial_fill_needs_native_quantity_coverage (test_native_acceptance.NativeEvidenceTests.test_partial_fill_needs_native_quantity_coverage) ... ok
check	Compile and run offline checks	2026-10-03T18:07:54.5467619Z test_raw_bytes_source_and_environment_are_bound (test_native_acceptance.NativeEvidenceTests.test_raw_bytes_source_and_environment_are_bound) ... ok
check	Compile and run offline checks	2026-10-03T18:07:54.5471612Z test_repeated_or_canceled_readbacks_cannot_inflate_protection (test_native_acceptance.NativeEvidenceTests.test_repeated_or_canceled_readbacks_cannot_inflate_protection) ... ok
check	Compile and run offline checks	2026-10-03T18:07:54.5472855Z test_reserved_manifest_filename_cannot_overwrite_archive (test_native_acceptance.NativeEvidenceTests.test_reserved_manifest_filename_cannot_overwrite_archive) ... ok
check	Compile and run offline checks	2026-10-03T18:07:54.5481342Z test_symlink_case_cannot_leave_the_archive (test_native_acceptance.NativeEvidenceTests.test_symlink_case_cannot_leave_the_archive) ... ok
check	Compile and run offline checks	2026-10-03T18:07:54.5484723Z test_synthetic_and_early_trigger_do_not_establish_native_closure (test_native_acceptance.NativeEvidenceTests.test_synthetic_and_early_trigger_do_not_establish_native_closure) ... ok
check	Compile and run offline checks	2026-10-03T18:07:54.5487039Z test_changing_balances_during_order_scan_are_unknown (test_native_export.ExportTests.test_changing_balances_during_order_scan_are_unknown) ... ok
check	Compile and run offline checks	2026-10-03T18:07:54.5494303Z test_default_http_transport_preserves_explicit_demo_methods (test_native_export.ExportTests.test_default_http_transport_preserves_explicit_demo_methods) ... ok
check	Compile and run offline checks	2026-10-03T18:07:54.5495158Z test_demo_order_gate_rejects_live_before_transport (test_native_export.ExportTests.test_demo_order_gate_rejects_live_before_transport) ... ok
check	Compile and run offline checks	2026-10-03T18:07:54.5567486Z test_failed_native_preflight_keeps_proven_unsent_intent_prepared (test_native_export.ExportTests.test_failed_native_preflight_keeps_proven_unsent_intent_prepared) ... ok
check	Compile and run offline checks	2026-10-03T18:07:54.5569500Z test_missing_asset_balance_is_unknown (test_native_export.ExportTests.test_missing_asset_balance_is_unknown) ... ok
check	Compile and run offline checks	2026-10-03T18:07:54.5570501Z test_normalized_accounts_revalue_at_perpetual_mark_without_adding_margin (test_native_export.ExportTests.test_normalized_accounts_revalue_at_perpetual_mark_without_adding_margin) ... ok
check	Compile and run offline checks	2026-10-03T18:07:54.5572560Z test_read_only_export_includes_locked_cash_and_uses_fresh_price (test_native_export.ExportTests.test_read_only_export_includes_locked_cash_and_uses_fresh_price) ... ok
check	Compile and run offline checks	2026-10-03T18:07:54.5575390Z test_redirect_after_dispatch_is_unknown_not_a_proven_refusal (test_native_export.ExportTests.test_redirect_after_dispatch_is_unknown_not_a_proven_refusal) ... ok
check	Compile and run offline checks	2026-10-03T18:07:54.5686942Z test_lost_ack_restart_and_partial_fill_protection (test_offline.OfflineTests.test_lost_ack_restart_and_partial_fill_protection) ... ok
check	Compile and run offline checks	2026-10-03T18:07:54.5741265Z test_network_adapter_and_native_state_are_rejected (test_offline.OfflineTests.test_network_adapter_and_native_state_are_rejected) ... ok
check	Compile and run offline checks	2026-10-03T18:07:54.5827291Z test_query_outage_after_fill_never_resubmits_on_restart (test_offline.OfflineTests.test_query_outage_after_fill_never_resubmits_on_restart) ... ok
check	Compile and run offline checks	2026-10-03T18:07:54.5922318Z test_sell_proceeds_are_reconciled_before_a_new_buy (test_offline.OfflineTests.test_sell_proceeds_are_reconciled_before_a_new_buy) ... ok
check	Compile and run offline checks	2026-10-03T18:07:54.5998514Z test_stop_failure_does_not_report_protection (test_offline.OfflineTests.test_stop_failure_does_not_report_protection) ... ok
check	Compile and run offline checks	2026-10-03T18:07:54.6120275Z test_strategy_exit_cancels_confirmed_protection_before_selling (test_offline.OfflineTests.test_strategy_exit_cancels_confirmed_protection_before_selling) ... ok
check	Compile and run offline checks	2026-10-03T18:07:54.6264963Z test_terminal_partial_exit_protects_the_remaining_coins (test_offline.OfflineTests.test_terminal_partial_exit_protects_the_remaining_coins) ... ok
check	Compile and run offline checks	2026-10-03T18:07:54.6323746Z test_unconfirmed_send_and_external_funds_freeze (test_offline.OfflineTests.test_unconfirmed_send_and_external_funds_freeze) ... ok
check	Compile and run offline checks	2026-10-03T18:07:54.6414434Z test_unsupported_replacement_keeps_the_prior_stop (test_offline.OfflineTests.test_unsupported_replacement_keeps_the_prior_stop) ... ok
check	Compile and run offline checks	2026-10-03T18:07:54.6416159Z test_account_days_require_this_pair_and_thirty_actual_dates (test_operations.OperationsTests.test_account_days_require_this_pair_and_thirty_actual_dates) ... ok
check	Compile and run offline checks	2026-10-03T18:07:54.6416855Z test_hedge_does_not_erase_gross_exposure_or_double_count_margin (test_operations.OperationsTests.test_hedge_does_not_erase_gross_exposure_or_double_count_margin) ... ok
check	Compile and run offline checks	2026-10-03T18:07:54.6426941Z test_second_exporter_launch_failure_cleans_first_and_records_failed_day (test_operations.OperationsTests.test_second_exporter_launch_failure_cleans_first_and_records_failed_day) ... ok
check	Compile and run offline checks	2026-10-03T18:07:54.6536987Z test_two_attempts_on_one_real_day_do_not_manufacture_two_forward_days (test_operations.OperationsTests.test_two_attempts_on_one_real_day_do_not_manufacture_two_forward_days) ... ok
check	Compile and run offline checks	2026-10-03T18:07:54.6538100Z test_unknown_stale_and_mixed_valuation_refuse_summary (test_operations.OperationsTests.test_unknown_stale_and_mixed_valuation_refuse_summary) ... ok
check	Compile and run offline checks	2026-10-03T18:07:54.6591933Z test_crash_after_cancel_resumes_sale_and_protects_partial_remainder (test_p4_execution.P4ExecutionTests.test_crash_after_cancel_resumes_sale_and_protects_partial_remainder) ... /home/runner/work/spotquant/spotquant/spotquant/model.py:233: ResourceWarning: unclosed database in <sqlite3.Connection object at 0x7fa260a7d300>
check	Compile and run offline checks	2026-10-03T18:07:54.6592766Z   self.true_ranges.append((open_time, max(high - low, abs(high - self.close), abs(low - self.close))))
check	Compile and run offline checks	2026-10-03T18:07:54.6593071Z ResourceWarning: Enable tracemalloc to get the object allocation traceback
check	Compile and run offline checks	2026-10-03T18:07:54.6593445Z /home/runner/work/spotquant/spotquant/spotquant/model.py:233: ResourceWarning: unclosed database in <sqlite3.Connection object at 0x7fa260a7d210>
check	Compile and run offline checks	2026-10-03T18:07:54.6593858Z   self.true_ranges.append((open_time, max(high - low, abs(high - self.close), abs(low - self.close))))
check	Compile and run offline checks	2026-10-03T18:07:54.6594152Z ResourceWarning: Enable tracemalloc to get the object allocation traceback
check	Compile and run offline checks	2026-10-03T18:07:54.7014134Z /home/runner/work/spotquant/spotquant/spotquant/model.py:233: ResourceWarning: unclosed database in <sqlite3.Connection object at 0x7fa260a7d7b0>
check	Compile and run offline checks	2026-10-03T18:07:54.7014549Z   self.true_ranges.append((open_time, max(high - low, abs(high - self.close), abs(low - self.close))))
check	Compile and run offline checks	2026-10-03T18:07:54.7302986Z ResourceWarning: Enable tracemalloc to get the object allocation traceback
check	Compile and run offline checks	2026-10-03T18:07:54.7303579Z /home/runner/work/spotquant/spotquant/spotquant/model.py:350: ResourceWarning: unclosed database in <sqlite3.Connection object at 0x7fa260a7d300>
check	Compile and run offline checks	2026-10-03T18:07:54.7304047Z   model.closes = deque((D(item) for item in body['closes']), maxlen=limit)
check	Compile and run offline checks	2026-10-03T18:07:54.7304294Z ResourceWarning: Enable tracemalloc to get the object allocation traceback
check	Compile and run offline checks	2026-10-03T18:07:54.7446917Z /home/runner/work/spotquant/spotquant/spotquant/model.py:350: ResourceWarning: unclosed database in <sqlite3.Connection object at 0x7fa260a7d7b0>
check	Compile and run offline checks	2026-10-03T18:07:54.7447624Z   model.closes = deque((D(item) for item in body['closes']), maxlen=limit)
check	Compile and run offline checks	2026-10-03T18:07:54.7447870Z ResourceWarning: Enable tracemalloc to get the object allocation traceback
check	Compile and run offline checks	2026-10-03T18:07:54.7980699Z ok
check	Compile and run offline checks	2026-10-03T18:07:54.8345841Z test_equal_size_groups_have_distinct_order_identity_and_sell_attribution (test_p4_execution.P4ExecutionTests.test_equal_size_groups_have_distinct_order_identity_and_sell_attribution) ... /home/runner/work/spotquant/spotquant/spotquant/model.py:350: ResourceWarning: unclosed database in <sqlite3.Connection object at 0x7fa260a7d210>
check	Compile and run offline checks	2026-10-03T18:07:54.8347021Z   model.closes = deque((D(item) for item in body['closes']), maxlen=limit)
check	Compile and run offline checks	2026-10-03T18:07:54.8347452Z ResourceWarning: Enable tracemalloc to get the object allocation traceback
check	Compile and run offline checks	2026-10-03T18:07:54.8802281Z ok
check	Compile and run offline checks	2026-10-03T18:07:54.9138609Z test_external_cash_is_unknown_and_does_not_send (test_p4_execution.P4ExecutionTests.test_external_cash_is_unknown_and_does_not_send) ... ok
check	Compile and run offline checks	2026-10-03T18:07:54.9635482Z test_floored_exit_retains_fractional_ownership_and_reentry_resets_peak (test_p4_execution.P4ExecutionTests.test_floored_exit_retains_fractional_ownership_and_reentry_resets_peak) ... /home/runner/work/spotquant/spotquant/spotquant/model.py:350: ResourceWarning: unclosed database in <sqlite3.Connection object at 0x7fa260a7d8a0>
check	Compile and run offline checks	2026-10-03T18:07:54.9636826Z   model.closes = deque((D(item) for item in body['closes']), maxlen=limit)
check	Compile and run offline checks	2026-10-03T18:07:54.9637250Z ResourceWarning: Enable tracemalloc to get the object allocation traceback
check	Compile and run offline checks	2026-10-03T18:07:54.9637894Z /home/runner/work/spotquant/spotquant/spotquant/model.py:350: ResourceWarning: unclosed database in <sqlite3.Connection object at 0x7fa260936b60>
check	Compile and run offline checks	2026-10-03T18:07:54.9638522Z   model.closes = deque((D(item) for item in body['closes']), maxlen=limit)
check	Compile and run offline checks	2026-10-03T18:07:54.9638930Z ResourceWarning: Enable tracemalloc to get the object allocation traceback
check	Compile and run offline checks	2026-10-03T18:07:54.9639699Z /home/runner/work/spotquant/spotquant/spotquant/model.py:350: ResourceWarning: unclosed database in <sqlite3.Connection object at 0x7fa2609362f0>
check	Compile and run offline checks	2026-10-03T18:07:54.9640319Z   model.closes = deque((D(item) for item in body['closes']), maxlen=limit)
check	Compile and run offline checks	2026-10-03T18:07:54.9640719Z ResourceWarning: Enable tracemalloc to get the object allocation traceback
check	Compile and run offline checks	2026-10-03T18:07:55.1361247Z ok
check	Compile and run offline checks	2026-10-03T18:07:55.1881934Z test_prepared_sale_recovers_after_a_new_daily_bar (test_p4_execution.P4ExecutionTests.test_prepared_sale_recovers_after_a_new_daily_bar) ... /home/runner/work/spotquant/spotquant/spotquant/model.py:233: ResourceWarning: unclosed database in <sqlite3.Connection object at 0x7fa260a7d8a0>
check	Compile and run offline checks	2026-10-03T18:07:55.1882743Z   self.true_ranges.append((open_time, max(high - low, abs(high - self.close), abs(low - self.close))))
check	Compile and run offline checks	2026-10-03T18:07:55.1883213Z ResourceWarning: Enable tracemalloc to get the object allocation traceback
check	Compile and run offline checks	2026-10-03T18:07:55.1885427Z /home/runner/work/spotquant/spotquant/spotquant/model.py:233: ResourceWarning: unclosed database in <sqlite3.Connection object at 0x7fa2609371f0>
check	Compile and run offline checks	2026-10-03T18:07:55.1886180Z   self.true_ranges.append((open_time, max(high - low, abs(high - self.close), abs(low - self.close))))
check	Compile and run offline checks	2026-10-03T18:07:55.1886692Z ResourceWarning: Enable tracemalloc to get the object allocation traceback
check	Compile and run offline checks	2026-10-03T18:07:55.2583881Z ok
check	Compile and run offline checks	2026-10-03T18:07:55.4208071Z test_prepared_stop_replacement_recovers_after_a_new_daily_bar (test_p4_execution.P4ExecutionTests.test_prepared_stop_replacement_recovers_after_a_new_daily_bar) ... ok
check	Compile and run offline checks	2026-10-03T18:07:55.5253576Z test_query_outage_after_send_recovers_with_original_identity (test_p4_execution.P4ExecutionTests.test_query_outage_after_send_recovers_with_original_identity) ... ok
check	Compile and run offline checks	2026-10-03T18:07:55.6711287Z test_real_session_partial_entry_restart_stop_amend_and_offline_trigger (test_p4_execution.P4ExecutionTests.test_real_session_partial_entry_restart_stop_amend_and_offline_trigger) ... ok
check	Compile and run offline checks	2026-10-03T18:07:55.7707031Z test_stop_fill_between_decision_and_write_requires_reconciliation (test_p4_execution.P4ExecutionTests.test_stop_fill_between_decision_and_write_requires_reconciliation) ... ok
check	Compile and run offline checks	2026-10-03T18:07:55.8482989Z test_unconfirmed_protection_stays_unknown_on_subsequent_sessions (test_p4_execution.P4ExecutionTests.test_unconfirmed_protection_stays_unknown_on_subsequent_sessions) ... ok
check	Compile and run offline checks	2026-10-03T18:07:55.8483918Z test_a_balance_the_sleeves_do_not_own_is_unknown (test_preview.PreviewTests.test_a_balance_the_sleeves_do_not_own_is_unknown) ... ok
check	Compile and run offline checks	2026-10-03T18:07:55.8485682Z test_a_single_bullish_entry_does_not_invent_consensus (test_preview.PreviewTests.test_a_single_bullish_entry_does_not_invent_consensus) ... ok
check	Compile and run offline checks	2026-10-03T18:07:55.8486430Z test_a_stop_wider_than_the_sell_band_is_not_placeable (test_preview.PreviewTests.test_a_stop_wider_than_the_sell_band_is_not_placeable) ... ok
check	Compile and run offline checks	2026-10-03T18:07:55.8487173Z test_cold_start_does_not_buy_an_already_bullish_regime (test_preview.PreviewTests.test_cold_start_does_not_buy_an_already_bullish_regime) ... ok
check	Compile and run offline checks	2026-10-03T18:07:55.8487970Z test_consensus_advisory_shares_sum_to_the_actual_pooled_buy (test_preview.PreviewTests.test_consensus_advisory_shares_sum_to_the_actual_pooled_buy) ... ok
check	Compile and run offline checks	2026-10-03T18:07:55.8490281Z test_consensus_default_increases_a_real_entry_with_a_bullish_holder (test_preview.PreviewTests.test_consensus_default_increases_a_real_entry_with_a_bullish_holder) ... ok
check	Compile and run offline checks	2026-10-03T18:07:55.8491150Z test_crash_reversal_wins_when_the_ordinary_entry_is_also_armed (test_preview.PreviewTests.test_crash_reversal_wins_when_the_ordinary_entry_is_also_armed) ... ok
check	Compile and run offline checks	2026-10-03T18:07:55.8491991Z test_dust_on_three_sleeves_exits_together_and_does_not_buy_again (test_preview.PreviewTests.test_dust_on_three_sleeves_exits_together_and_does_not_buy_again) ... ok
check	Compile and run offline checks	2026-10-03T18:07:55.8492906Z test_entry_stop_uses_the_completed_close_when_the_streak_high_is_through_it (test_preview.PreviewTests.test_entry_stop_uses_the_completed_close_when_the_streak_high_is_through_it) ... ok
check	Compile and run offline checks	2026-10-03T18:07:55.8493644Z test_external_btc_is_unknown (test_preview.PreviewTests.test_external_btc_is_unknown) ... ok
check	Compile and run offline checks	2026-10-03T18:07:55.8494315Z test_fresh_bull_close_previews_a_market_buy_and_a_stop_price (test_preview.PreviewTests.test_fresh_bull_close_previews_a_market_buy_and_a_stop_price) ... ok
check	Compile and run offline checks	2026-10-03T18:07:55.8495138Z test_owned_coins_exit_a_blowoff_while_still_above_the_average (test_preview.PreviewTests.test_owned_coins_exit_a_blowoff_while_still_above_the_average) ... ok
check	Compile and run offline checks	2026-10-03T18:07:55.8495990Z test_owned_coins_exit_when_the_close_is_four_percent_under_the_fill (test_preview.PreviewTests.test_owned_coins_exit_when_the_close_is_four_percent_under_the_fill) ... ok
check	Compile and run offline checks	2026-10-03T18:07:55.8496789Z test_owned_coins_exit_when_the_close_is_not_bullish (test_preview.PreviewTests.test_owned_coins_exit_when_the_close_is_not_bullish) ... ok
check	Compile and run offline checks	2026-10-03T18:07:55.8497585Z test_owned_hold_uses_the_close_until_the_fill_and_then_the_fill_peak (test_preview.PreviewTests.test_owned_hold_uses_the_close_until_the_fill_and_then_the_fill_peak) ... ok
check	Compile and run offline checks	2026-10-03T18:07:55.8498525Z test_sleeves_share_the_pool_and_an_exit_frees_cash_for_an_entry_at_the_same_open (test_preview.PreviewTests.test_sleeves_share_the_pool_and_an_exit_frees_cash_for_an_entry_at_the_same_open) ... ok
check	Compile and run offline checks	2026-10-03T18:07:55.8499460Z test_the_capital_limit_caps_the_whole_pool (test_preview.PreviewTests.test_the_capital_limit_caps_the_whole_pool) ... ok
check	Compile and run offline checks	2026-10-03T18:07:55.8500135Z test_the_forward_rules_hash_is_the_one_in_the_spec (test_research.ResearchTests.test_the_forward_rules_hash_is_the_one_in_the_spec) ... ok
check	Compile and run offline checks	2026-10-03T18:07:55.8516878Z test_the_loader_reads_the_named_symbol_and_extra_roots (test_research.ResearchTests.test_the_loader_reads_the_named_symbol_and_extra_roots) ... ok
check	Compile and run offline checks	2026-10-03T18:07:55.8521670Z test_corrupt_existing_input_is_refused_and_preserved (test_restore_btc.RestoreTests.test_corrupt_existing_input_is_refused_and_preserved) ... ok
check	Compile and run offline checks	2026-10-03T18:07:55.8740607Z test_a_failed_preview_still_keeps_the_positions_in_step_with_the_model (test_session.SessionTests.test_a_failed_preview_still_keeps_the_positions_in_step_with_the_model) ... /home/runner/work/spotquant/spotquant/spotquant/model.py:350: ResourceWarning: unclosed database in <sqlite3.Connection object at 0x7fa260a7f4c0>
check	Compile and run offline checks	2026-10-03T18:07:55.8741427Z   model.closes = deque((D(item) for item in body['closes']), maxlen=limit)
check	Compile and run offline checks	2026-10-03T18:07:55.8741693Z ResourceWarning: Enable tracemalloc to get the object allocation traceback
check	Compile and run offline checks	2026-10-03T18:07:55.9531276Z ok
check	Compile and run offline checks	2026-10-03T18:07:56.0580360Z test_a_flat_account_reads_later_trades_from_the_cursor (test_session.SessionTests.test_a_flat_account_reads_later_trades_from_the_cursor) ... ok
check	Compile and run offline checks	2026-10-03T18:07:56.0668285Z test_a_followed_buy_previews_the_fill_stop_and_a_failed_cycle_drops_the_old_view (test_session.SessionTests.test_a_followed_buy_previews_the_fill_stop_and_a_failed_cycle_drops_the_old_view) ... /home/runner/work/spotquant/spotquant/spotquant/model.py:274: ResourceWarning: unclosed database in <sqlite3.Connection object at 0x7fa260a7d300>
check	Compile and run offline checks	2026-10-03T18:07:56.0669220Z   return sum((value for _, value in self.true_ranges), D(0)) / 14 if len(self.true_ranges) == 14 else None
check	Compile and run offline checks	2026-10-03T18:07:56.0669923Z ResourceWarning: Enable tracemalloc to get the object allocation traceback
check	Compile and run offline checks	2026-10-03T18:07:56.0670309Z /home/runner/work/spotquant/spotquant/spotquant/model.py:274: ResourceWarning: unclosed database in <sqlite3.Connection object at 0x7fa260a7d7b0>
check	Compile and run offline checks	2026-10-03T18:07:56.0670817Z   return sum((value for _, value in self.true_ranges), D(0)) / 14 if len(self.true_ranges) == 14 else None
check	Compile and run offline checks	2026-10-03T18:07:56.0671276Z ResourceWarning: Enable tracemalloc to get the object allocation traceback
check	Compile and run offline checks	2026-10-03T18:07:56.0671707Z /home/runner/work/spotquant/spotquant/spotquant/model.py:274: ResourceWarning: unclosed database in <sqlite3.Connection object at 0x7fa260a7d8a0>
check	Compile and run offline checks	2026-10-03T18:07:56.0672099Z   return sum((value for _, value in self.true_ranges), D(0)) / 14 if len(self.true_ranges) == 14 else None
check	Compile and run offline checks	2026-10-03T18:07:56.0672495Z ResourceWarning: Enable tracemalloc to get the object allocation traceback
check	Compile and run offline checks	2026-10-03T18:07:56.1125226Z /home/runner/work/spotquant/spotquant/spotquant/model.py:350: ResourceWarning: unclosed database in <sqlite3.Connection object at 0x7fa260a7f790>
check	Compile and run offline checks	2026-10-03T18:07:56.1125917Z   model.closes = deque((D(item) for item in body['closes']), maxlen=limit)
check	Compile and run offline checks	2026-10-03T18:07:56.1126323Z ResourceWarning: Enable tracemalloc to get the object allocation traceback
check	Compile and run offline checks	2026-10-03T18:07:56.1380952Z ok
check	Compile and run offline checks	2026-10-03T18:07:56.1730314Z test_a_full_transfer_out_without_a_sell_is_unknown_and_drops_the_followed_flag (test_session.SessionTests.test_a_full_transfer_out_without_a_sell_is_unknown_and_drops_the_followed_flag) ... /home/runner/work/spotquant/spotquant/spotquant/session.py:236: ResourceWarning: unclosed database in <sqlite3.Connection object at 0x7fa260a7f790>
check	Compile and run offline checks	2026-10-03T18:07:56.1731110Z   if any(getattr(model, k) != getattr(expected, k) for k in parameters):
check	Compile and run offline checks	2026-10-03T18:07:56.1731521Z ResourceWarning: Enable tracemalloc to get the object allocation traceback
check	Compile and run offline checks	2026-10-03T18:07:56.1732014Z /home/runner/work/spotquant/spotquant/spotquant/session.py:236: ResourceWarning: unclosed database in <sqlite3.Connection object at 0x7fa260a7d7b0>
check	Compile and run offline checks	2026-10-03T18:07:56.1732382Z   if any(getattr(model, k) != getattr(expected, k) for k in parameters):
check	Compile and run offline checks	2026-10-03T18:07:56.1732622Z ResourceWarning: Enable tracemalloc to get the object allocation traceback
check	Compile and run offline checks	2026-10-03T18:07:56.1733734Z /home/runner/work/spotquant/spotquant/spotquant/session.py:236: ResourceWarning: unclosed database in <sqlite3.Connection object at 0x7fa260a7d8a0>
check	Compile and run offline checks	2026-10-03T18:07:56.1734342Z   if any(getattr(model, k) != getattr(expected, k) for k in parameters):
check	Compile and run offline checks	2026-10-03T18:07:56.1734727Z ResourceWarning: Enable tracemalloc to get the object allocation traceback
check	Compile and run offline checks	2026-10-03T18:07:56.1735342Z /home/runner/work/spotquant/spotquant/spotquant/session.py:236: ResourceWarning: unclosed database in <sqlite3.Connection object at 0x7fa260936110>
check	Compile and run offline checks	2026-10-03T18:07:56.1735941Z   if any(getattr(model, k) != getattr(expected, k) for k in parameters):
check	Compile and run offline checks	2026-10-03T18:07:56.1736569Z ResourceWarning: Enable tracemalloc to get the object allocation traceback
check	Compile and run offline checks	2026-10-03T18:07:56.2213703Z ok
check	Compile and run offline checks	2026-10-03T18:07:56.2438431Z test_a_sell_on_the_account_closes_the_followed_sleeves (test_session.SessionTests.test_a_sell_on_the_account_closes_the_followed_sleeves) ... /home/runner/work/spotquant/spotquant/spotquant/model.py:350: ResourceWarning: unclosed database in <sqlite3.Connection object at 0x7fa260937e20>
check	Compile and run offline checks	2026-10-03T18:07:56.2439605Z   model.closes = deque((D(item) for item in body['closes']), maxlen=limit)
check	Compile and run offline checks	2026-10-03T18:07:56.2440021Z ResourceWarning: Enable tracemalloc to get the object allocation traceback
check	Compile and run offline checks	2026-10-03T18:07:56.3143175Z ok
check	Compile and run offline checks	2026-10-03T18:07:56.3737351Z test_an_old_checkpoint_is_rejected_even_when_flat (test_session.SessionTests.test_an_old_checkpoint_is_rejected_even_when_flat) ... ok
check	Compile and run offline checks	2026-10-03T18:07:56.4076001Z test_cold_start_then_two_bullish_closes_preview_entry (test_session.SessionTests.test_cold_start_then_two_bullish_closes_preview_entry) ... /home/runner/work/spotquant/spotquant/spotquant/preview.py:258: ResourceWarning: unclosed database in <sqlite3.Connection object at 0x7fa260a7d7b0>
check	Compile and run offline checks	2026-10-03T18:07:56.4076740Z   reference = next(iter(views.values()))
check	Compile and run offline checks	2026-10-03T18:07:56.4076978Z ResourceWarning: Enable tracemalloc to get the object allocation traceback
check	Compile and run offline checks	2026-10-03T18:07:56.4077538Z /home/runner/work/spotquant/spotquant/spotquant/preview.py:258: ResourceWarning: unclosed database in <sqlite3.Connection object at 0x7fa260a7f790>
check	Compile and run offline checks	2026-10-03T18:07:56.4077867Z   reference = next(iter(views.values()))
check	Compile and run offline checks	2026-10-03T18:07:56.4078060Z ResourceWarning: Enable tracemalloc to get the object allocation traceback
check	Compile and run offline checks	2026-10-03T18:07:56.4079188Z /home/runner/work/spotquant/spotquant/spotquant/preview.py:258: ResourceWarning: unclosed database in <sqlite3.Connection object at 0x7fa260937e20>
check	Compile and run offline checks	2026-10-03T18:07:56.4079610Z   reference = next(iter(views.values()))
check	Compile and run offline checks	2026-10-03T18:07:56.4079811Z ResourceWarning: Enable tracemalloc to get the object allocation traceback
check	Compile and run offline checks	2026-10-03T18:07:56.4080393Z /home/runner/work/spotquant/spotquant/spotquant/preview.py:258: ResourceWarning: unclosed database in <sqlite3.Connection object at 0x7fa260934400>
check	Compile and run offline checks	2026-10-03T18:07:56.4080721Z   reference = next(iter(views.values()))
check	Compile and run offline checks	2026-10-03T18:07:56.4080914Z ResourceWarning: Enable tracemalloc to get the object allocation traceback
check	Compile and run offline checks	2026-10-03T18:07:56.4082021Z /home/runner/work/spotquant/spotquant/spotquant/preview.py:258: ResourceWarning: unclosed database in <sqlite3.Connection object at 0x7fa2609362f0>
check	Compile and run offline checks	2026-10-03T18:07:56.4082345Z   reference = next(iter(views.values()))
check	Compile and run offline checks	2026-10-03T18:07:56.4082539Z ResourceWarning: Enable tracemalloc to get the object allocation traceback
check	Compile and run offline checks	2026-10-03T18:07:56.4325179Z ok
check	Compile and run offline checks	2026-10-03T18:07:56.4536873Z test_external_btc_stops_the_observation (test_session.SessionTests.test_external_btc_stops_the_observation) ... ok
check	Compile and run offline checks	2026-10-03T18:07:56.4586594Z test_open_order_details_stay_on_the_report (test_session.SessionTests.test_open_order_details_stay_on_the_report) ... /home/runner/work/spotquant/spotquant/spotquant/state.py:90: ResourceWarning: unclosed database in <sqlite3.Connection object at 0x7fa260a7f790>
check	Compile and run offline checks	2026-10-03T18:07:56.4587393Z   row = self.db.execute('SELECT value FROM meta WHERE key=?', (key,)).fetchone()
check	Compile and run offline checks	2026-10-03T18:07:56.4587782Z ResourceWarning: Enable tracemalloc to get the object allocation traceback
check	Compile and run offline checks	2026-10-03T18:07:56.4588159Z /home/runner/work/spotquant/spotquant/spotquant/state.py:90: ResourceWarning: unclosed database in <sqlite3.Connection object at 0x7fa260a7d7b0>
check	Compile and run offline checks	2026-10-03T18:07:56.4588563Z   row = self.db.execute('SELECT value FROM meta WHERE key=?', (key,)).fetchone()
check	Compile and run offline checks	2026-10-03T18:07:56.4588960Z ResourceWarning: Enable tracemalloc to get the object allocation traceback
check	Compile and run offline checks	2026-10-03T18:07:56.4589705Z /home/runner/work/spotquant/spotquant/spotquant/state.py:90: ResourceWarning: unclosed database in <sqlite3.Connection object at 0x7fa2609364d0>
check	Compile and run offline checks	2026-10-03T18:07:56.4590069Z   row = self.db.execute('SELECT value FROM meta WHERE key=?', (key,)).fetchone()
check	Compile and run offline checks	2026-10-03T18:07:56.4590445Z ResourceWarning: Enable tracemalloc to get the object allocation traceback
check	Compile and run offline checks	2026-10-03T18:07:56.5130665Z /home/runner/work/spotquant/spotquant/spotquant/model.py:350: ResourceWarning: unclosed database in <sqlite3.Connection object at 0x7fa260936110>
check	Compile and run offline checks	2026-10-03T18:07:56.5131048Z   model.closes = deque((D(item) for item in body['closes']), maxlen=limit)
check	Compile and run offline checks	2026-10-03T18:07:56.5131295Z ResourceWarning: Enable tracemalloc to get the object allocation traceback
check	Compile and run offline checks	2026-10-03T18:07:56.5442045Z ok
check	Compile and run offline checks	2026-10-03T18:07:56.5538958Z test_actual_bounded_sessions_enter_protect_and_independently_audit (test_session_account.SessionAccountTests.test_actual_bounded_sessions_enter_protect_and_independently_audit) ... /home/runner/work/spotquant/spotquant/spotquant/model.py:233: ResourceWarning: unclosed database in <sqlite3.Connection object at 0x7fa260a7f790>
check	Compile and run offline checks	2026-10-03T18:07:56.5540335Z   self.true_ranges.append((open_time, max(high - low, abs(high - self.close), abs(low - self.close))))
check	Compile and run offline checks	2026-10-03T18:07:56.5540870Z ResourceWarning: Enable tracemalloc to get the object allocation traceback
check	Compile and run offline checks	2026-10-03T18:07:56.6102144Z FAIL
check	Compile and run offline checks	2026-10-03T18:07:56.6104830Z test_basis_waits_for_current_date_publication (test_session_account.SessionAccountTests.test_basis_waits_for_current_date_publication) ... ok
check	Compile and run offline checks	2026-10-03T18:07:56.6107321Z test_candles_are_completed_and_quotes_interpolate_without_future_candles (test_session_account.SessionAccountTests.test_candles_are_completed_and_quotes_interpolate_without_future_candles) ... ok
check	Compile and run offline checks	2026-10-03T18:07:56.6603645Z test_deadline_is_installed_and_prevents_late_client_dispatch (test_session_account.SessionAccountTests.test_deadline_is_installed_and_prevents_late_client_dispatch) ... ok
check	Compile and run offline checks	2026-10-03T18:07:56.6606765Z test_dispatched_cancel_finishes_at_venue_even_after_client_deadline (test_session_account.SessionAccountTests.test_dispatched_cancel_finishes_at_venue_even_after_client_deadline) ... ok
check	Compile and run offline checks	2026-10-03T18:07:56.6609989Z test_stop_acts_between_sessions_and_cash_fill_identity_holds (test_session_account.SessionAccountTests.test_stop_acts_between_sessions_and_cash_fill_identity_holds) ... /home/runner/work/spotquant/spotquant/research/session_account.py:13: ResourceWarning: unclosed database in <sqlite3.Connection object at 0x7fa260a7d7b0>
check	Compile and run offline checks	2026-10-03T18:07:56.6610877Z   completed = [(t, h, l, c) for t, o, h, l, c, q in bars if t + DAY <= start]
check	Compile and run offline checks	2026-10-03T18:07:56.6611232Z ResourceWarning: Enable tracemalloc to get the object allocation traceback
check	Compile and run offline checks	2026-10-03T18:07:56.6611628Z /home/runner/work/spotquant/spotquant/research/session_account.py:13: ResourceWarning: unclosed database in <sqlite3.Connection object at 0x7fa2609362f0>
check	Compile and run offline checks	2026-10-03T18:07:56.6612069Z   completed = [(t, h, l, c) for t, o, h, l, c, q in bars if t + DAY <= start]
check	Compile and run offline checks	2026-10-03T18:07:56.6612451Z ResourceWarning: Enable tracemalloc to get the object allocation traceback
check	Compile and run offline checks	2026-10-03T18:07:56.6612902Z /home/runner/work/spotquant/spotquant/research/session_account.py:13: ResourceWarning: unclosed database in <sqlite3.Connection object at 0x7fa260936a70>
check	Compile and run offline checks	2026-10-03T18:07:56.6613268Z   completed = [(t, h, l, c) for t, o, h, l, c, q in bars if t + DAY <= start]
check	Compile and run offline checks	2026-10-03T18:07:56.6613575Z ResourceWarning: Enable tracemalloc to get the object allocation traceback
check	Compile and run offline checks	2026-10-03T18:07:56.6617199Z ok
check	Compile and run offline checks	2026-10-03T18:07:56.6618792Z test_a_base_winner_is_rejected_when_its_skip_drawdown_is_worse (test_simplify.SimplificationTests.test_a_base_winner_is_rejected_when_its_skip_drawdown_is_worse) ... ok
check	Compile and run offline checks	2026-10-03T18:07:56.6619794Z test_delete_all_only_when_every_matched_scenario_passes (test_simplify.SimplificationTests.test_delete_all_only_when_every_matched_scenario_passes) ... ok
check	Compile and run offline checks	2026-10-03T18:07:56.6685407Z test_identity_mismatch_and_client_id_prefix (test_state.StateTests.test_identity_mismatch_and_client_id_prefix) ... ok
check	Compile and run offline checks	2026-10-03T18:07:58.1440385Z test_the_observation_table_keeps_only_the_latest_rows (test_state.StateTests.test_the_observation_table_keeps_only_the_latest_rows) ... ok
check	Compile and run offline checks	2026-10-03T18:07:58.1441063Z 
check	Compile and run offline checks	2026-10-03T18:07:58.1441179Z ======================================================================
check	Compile and run offline checks	2026-10-03T18:07:58.1441769Z ERROR: test_crowding_strict_actual_clock_momentum_and_missing_safety (test_edge_spot.EdgeSpotTests.test_crowding_strict_actual_clock_momentum_and_missing_safety)
check	Compile and run offline checks	2026-10-03T18:07:58.1442357Z ----------------------------------------------------------------------
check	Compile and run offline checks	2026-10-03T18:07:58.1442653Z Traceback (most recent call last):
check	Compile and run offline checks	2026-10-03T18:07:58.1446810Z   File "/home/runner/work/spotquant/spotquant/tests/test_edge_spot.py", line 203, in test_crowding_strict_actual_clock_momentum_and_missing_safety
check	Compile and run offline checks	2026-10-03T18:07:58.1447245Z     self.assertEqual(D(result['orders'][0]['quoteOrderQty']), D('499.99'))
check	Compile and run offline checks	2026-10-03T18:07:58.1447448Z                        ~~~~~~~~~~~~~~~~^^^
check	Compile and run offline checks	2026-10-03T18:07:58.1447593Z IndexError: list index out of range
check	Compile and run offline checks	2026-10-03T18:07:58.1447687Z 
check	Compile and run offline checks	2026-10-03T18:07:58.1447749Z ======================================================================
check	Compile and run offline checks	2026-10-03T18:07:58.1448091Z FAIL: test_hooks_restored_on_decision_and_measurement_failure (test_edge_spot.EdgeSpotTests.test_hooks_restored_on_decision_and_measurement_failure)
check	Compile and run offline checks	2026-10-03T18:07:58.1448593Z ----------------------------------------------------------------------
check	Compile and run offline checks	2026-10-03T18:07:58.1448775Z Traceback (most recent call last):
check	Compile and run offline checks	2026-10-03T18:07:58.1449104Z   File "/home/runner/work/spotquant/spotquant/tests/test_edge_spot.py", line 366, in test_hooks_restored_on_decision_and_measurement_failure
check	Compile and run offline checks	2026-10-03T18:07:58.1449619Z     with self.assertRaises(RuntimeError):
check	Compile and run offline checks	2026-10-03T18:07:58.1449768Z          ~~~~~~~~~~~~~~~~~^^^^^^^^^^^^^^
check	Compile and run offline checks	2026-10-03T18:07:58.1449910Z AssertionError: RuntimeError not raised
check	Compile and run offline checks	2026-10-03T18:07:58.1450008Z 
check	Compile and run offline checks	2026-10-03T18:07:58.1450070Z ======================================================================
check	Compile and run offline checks	2026-10-03T18:07:58.1450459Z FAIL: test_actual_bounded_sessions_enter_protect_and_independently_audit (test_session_account.SessionAccountTests.test_actual_bounded_sessions_enter_protect_and_independently_audit)
check	Compile and run offline checks	2026-10-03T18:07:58.1450869Z ----------------------------------------------------------------------
check	Compile and run offline checks	2026-10-03T18:07:58.1451048Z Traceback (most recent call last):
check	Compile and run offline checks	2026-10-03T18:07:58.1451400Z   File "/home/runner/work/spotquant/spotquant/tests/test_session_account.py", line 54, in test_actual_bounded_sessions_enter_protect_and_independently_audit
check	Compile and run offline checks	2026-10-03T18:07:58.1451729Z     self.assertGreater(venue.btc, 0)
check	Compile and run offline checks	2026-10-03T18:07:58.1451867Z     ~~~~~~~~~~~~~~~~~~^^^^^^^^^^^^^^
check	Compile and run offline checks	2026-10-03T18:07:58.1452012Z AssertionError: Decimal('0') not greater than 0
check	Compile and run offline checks	2026-10-03T18:07:58.1452118Z 
check	Compile and run offline checks	2026-10-03T18:07:58.1452195Z ----------------------------------------------------------------------
check	Compile and run offline checks	2026-10-03T18:07:58.1452365Z Ran 350 tests in 59.826s
check	Compile and run offline checks	2026-10-03T18:07:58.1452445Z 
check	Compile and run offline checks	2026-10-03T18:07:58.1452503Z FAILED (failures=2, errors=1, skipped=11)
check	Compile and run offline checks	2026-10-03T18:07:58.1691472Z ##[error]Process completed with exit code 1.
check	Post Run actions/checkout@fbc6f3992d24b796d5a048ff273f7fcc4a7b6c09	﻿2026-10-03T18:07:58.1783795Z Post job cleanup.
check	Post Run actions/checkout@fbc6f3992d24b796d5a048ff273f7fcc4a7b6c09	2026-10-03T18:07:58.2341680Z [command]/usr/bin/git version
check	Post Run actions/checkout@fbc6f3992d24b796d5a048ff273f7fcc4a7b6c09	2026-10-03T18:07:58.2372785Z git version 2.55.0
check	Post Run actions/checkout@fbc6f3992d24b796d5a048ff273f7fcc4a7b6c09	2026-10-03T18:07:58.2396491Z Temporarily overriding HOME='/home/runner/work/_temp/3074a0e9-062a-4df5-9b94-b89d9b5b49e0' before making global git config changes
check	Post Run actions/checkout@fbc6f3992d24b796d5a048ff273f7fcc4a7b6c09	2026-10-03T18:07:58.2397071Z Adding repository directory to the temporary git global config as a safe directory
check	Post Run actions/checkout@fbc6f3992d24b796d5a048ff273f7fcc4a7b6c09	2026-10-03T18:07:58.2399795Z [command]/usr/bin/git config --global --add safe.directory /home/runner/work/spotquant/spotquant
check	Post Run actions/checkout@fbc6f3992d24b796d5a048ff273f7fcc4a7b6c09	2026-10-03T18:07:58.2429191Z [command]/usr/bin/git config --local --name-only --get-regexp core\.sshCommand
check	Post Run actions/checkout@fbc6f3992d24b796d5a048ff273f7fcc4a7b6c09	2026-10-03T18:07:58.2455520Z [command]/usr/bin/git submodule foreach --recursive sh -c "git config --local --name-only --get-regexp 'core\.sshCommand' && git config --local --unset-all 'core.sshCommand' || :"
check	Post Run actions/checkout@fbc6f3992d24b796d5a048ff273f7fcc4a7b6c09	2026-10-03T18:07:58.2656814Z [command]/usr/bin/git config --local --name-only --get-regexp http\.https\:\/\/github\.com\/\.extraheader
check	Post Run actions/checkout@fbc6f3992d24b796d5a048ff273f7fcc4a7b6c09	2026-10-03T18:07:58.2683930Z [command]/usr/bin/git submodule foreach --recursive sh -c "git config --local --name-only --get-regexp 'http\.https\:\/\/github\.com\/\.extraheader' && git config --local --unset-all 'http.https://github.com/.extraheader' || :"
check	Post Run actions/checkout@fbc6f3992d24b796d5a048ff273f7fcc4a7b6c09	2026-10-03T18:07:58.2877523Z [command]/usr/bin/git config --local --name-only --get-regexp ^includeIf\.gitdir:
check	Post Run actions/checkout@fbc6f3992d24b796d5a048ff273f7fcc4a7b6c09	2026-10-03T18:07:58.2918654Z [command]/usr/bin/git submodule foreach --recursive git config --local --show-origin --name-only --get-regexp remote.origin.url
check	Complete job	﻿2026-10-03T18:07:58.3204027Z Cleaning up orphan processes
