check	Set up job	﻿2026-10-03T04:52:54.6610981Z Current runner version: '2.337.0'
check	Set up job	2026-10-03T04:52:54.6640945Z ##[group]Runner Image Provisioner
check	Set up job	2026-10-03T04:52:54.6642320Z Hosted Compute Agent
check	Set up job	2026-10-03T04:52:54.6642967Z Version: 20260901.588
check	Set up job	2026-10-03T04:52:54.6643710Z Commit: f88ec8081b781fac6c440065ac7ff9e710ce3d0b
check	Set up job	2026-10-03T04:52:54.6644555Z Build Date: 2026-09-01T19:56:44Z
check	Set up job	2026-10-03T04:52:54.6645277Z Worker ID: {847a5ab8-33c2-498b-93b9-8cb4ed6b1464}
check	Set up job	2026-10-03T04:52:54.6646109Z Azure Region: centralus
check	Set up job	2026-10-03T04:52:54.6646749Z ##[endgroup]
check	Set up job	2026-10-03T04:52:54.6648710Z ##[group]Operating System
check	Set up job	2026-10-03T04:52:54.6649501Z Ubuntu
check	Set up job	2026-10-03T04:52:54.6650068Z 24.04.5
check	Set up job	2026-10-03T04:52:54.6650595Z LTS
check	Set up job	2026-10-03T04:52:54.6651230Z ##[endgroup]
check	Set up job	2026-10-03T04:52:54.6652080Z ##[group]Runner Image
check	Set up job	2026-10-03T04:52:54.6652771Z Image: ubuntu-24.04
check	Set up job	2026-10-03T04:52:54.6653467Z Version: 20260927.320.1
check	Set up job	2026-10-03T04:52:54.6654642Z Included Software: https://github.com/actions/runner-images/blob/ubuntu24/20260927.320/images/ubuntu/Ubuntu2404-Readme.md
check	Set up job	2026-10-03T04:52:54.6656515Z Image Release: https://github.com/actions/runner-images/releases/tag/ubuntu24%2F20260927.320
check	Set up job	2026-10-03T04:52:54.6657613Z ##[endgroup]
check	Set up job	2026-10-03T04:52:54.6658759Z ##[group]GITHUB_TOKEN Permissions
check	Set up job	2026-10-03T04:52:54.6661565Z Contents: read
check	Set up job	2026-10-03T04:52:54.6662260Z Metadata: read
check	Set up job	2026-10-03T04:52:54.6662938Z ##[endgroup]
check	Set up job	2026-10-03T04:52:54.6665248Z Secret source: Actions
check	Set up job	2026-10-03T04:52:54.6666319Z Cache mode: write
check	Set up job	2026-10-03T04:52:54.6667416Z Prepare workflow directory
check	Set up job	2026-10-03T04:52:54.7015341Z Prepare all required actions
check	Set up job	2026-10-03T04:52:54.7063804Z Getting action download info
check	Set up job	2026-10-03T04:52:54.9753344Z Download action repository 'actions/checkout@fbc6f3992d24b796d5a048ff273f7fcc4a7b6c09' (SHA:fbc6f3992d24b796d5a048ff273f7fcc4a7b6c09)
check	Set up job	2026-10-03T04:52:55.0698265Z Download action repository 'actions/setup-python@ece7cb06caefa5fff74198d8649806c4678c61a1' (SHA:ece7cb06caefa5fff74198d8649806c4678c61a1)
check	Set up job	2026-10-03T04:52:55.2601732Z Complete job name: check
check	Run actions/checkout@fbc6f3992d24b796d5a048ff273f7fcc4a7b6c09	﻿2026-10-03T04:52:55.3389033Z ##[group]Run actions/checkout@fbc6f3992d24b796d5a048ff273f7fcc4a7b6c09
check	Run actions/checkout@fbc6f3992d24b796d5a048ff273f7fcc4a7b6c09	2026-10-03T04:52:55.3390085Z with:
check	Run actions/checkout@fbc6f3992d24b796d5a048ff273f7fcc4a7b6c09	2026-10-03T04:52:55.3390574Z   ref: dc98d28436ded00b3ce428a1141e6e534cfaa930
check	Run actions/checkout@fbc6f3992d24b796d5a048ff273f7fcc4a7b6c09	2026-10-03T04:52:55.3391199Z   persist-credentials: false
check	Run actions/checkout@fbc6f3992d24b796d5a048ff273f7fcc4a7b6c09	2026-10-03T04:52:55.3391934Z   repository: geniusgrok/coinquant
check	Run actions/checkout@fbc6f3992d24b796d5a048ff273f7fcc4a7b6c09	2026-10-03T04:52:55.3395917Z   token: ***
check	Run actions/checkout@fbc6f3992d24b796d5a048ff273f7fcc4a7b6c09	2026-10-03T04:52:55.3396378Z   ssh-strict: true
check	Run actions/checkout@fbc6f3992d24b796d5a048ff273f7fcc4a7b6c09	2026-10-03T04:52:55.3396841Z   ssh-user: git
check	Run actions/checkout@fbc6f3992d24b796d5a048ff273f7fcc4a7b6c09	2026-10-03T04:52:55.3397289Z   clean: true
check	Run actions/checkout@fbc6f3992d24b796d5a048ff273f7fcc4a7b6c09	2026-10-03T04:52:55.3397756Z   sparse-checkout-cone-mode: true
check	Run actions/checkout@fbc6f3992d24b796d5a048ff273f7fcc4a7b6c09	2026-10-03T04:52:55.3398299Z   fetch-depth: 1
check	Run actions/checkout@fbc6f3992d24b796d5a048ff273f7fcc4a7b6c09	2026-10-03T04:52:55.3398746Z   fetch-tags: false
check	Run actions/checkout@fbc6f3992d24b796d5a048ff273f7fcc4a7b6c09	2026-10-03T04:52:55.3399208Z   show-progress: true
check	Run actions/checkout@fbc6f3992d24b796d5a048ff273f7fcc4a7b6c09	2026-10-03T04:52:55.3399672Z   lfs: false
check	Run actions/checkout@fbc6f3992d24b796d5a048ff273f7fcc4a7b6c09	2026-10-03T04:52:55.3400103Z   submodules: false
check	Run actions/checkout@fbc6f3992d24b796d5a048ff273f7fcc4a7b6c09	2026-10-03T04:52:55.3400564Z   set-safe-directory: true
check	Run actions/checkout@fbc6f3992d24b796d5a048ff273f7fcc4a7b6c09	2026-10-03T04:52:55.3401084Z   allow-unsafe-pr-checkout: false
check	Run actions/checkout@fbc6f3992d24b796d5a048ff273f7fcc4a7b6c09	2026-10-03T04:52:55.3401910Z ##[endgroup]
check	Run actions/checkout@fbc6f3992d24b796d5a048ff273f7fcc4a7b6c09	2026-10-03T04:52:55.4467362Z Syncing repository: geniusgrok/coinquant
check	Run actions/checkout@fbc6f3992d24b796d5a048ff273f7fcc4a7b6c09	2026-10-03T04:52:55.4469548Z ##[group]Getting Git version info
check	Run actions/checkout@fbc6f3992d24b796d5a048ff273f7fcc4a7b6c09	2026-10-03T04:52:55.4470297Z Working directory is '/home/runner/work/coinquant/coinquant'
check	Run actions/checkout@fbc6f3992d24b796d5a048ff273f7fcc4a7b6c09	2026-10-03T04:52:55.4471645Z [command]/usr/bin/git version
check	Run actions/checkout@fbc6f3992d24b796d5a048ff273f7fcc4a7b6c09	2026-10-03T04:52:55.4511877Z git version 2.55.0
check	Run actions/checkout@fbc6f3992d24b796d5a048ff273f7fcc4a7b6c09	2026-10-03T04:52:55.4533654Z ##[endgroup]
check	Run actions/checkout@fbc6f3992d24b796d5a048ff273f7fcc4a7b6c09	2026-10-03T04:52:55.4549628Z Temporarily overriding HOME='/home/runner/work/_temp/18fa8aae-2443-461e-a6ea-83fe224c724f' before making global git config changes
check	Run actions/checkout@fbc6f3992d24b796d5a048ff273f7fcc4a7b6c09	2026-10-03T04:52:55.4551994Z Adding repository directory to the temporary git global config as a safe directory
check	Run actions/checkout@fbc6f3992d24b796d5a048ff273f7fcc4a7b6c09	2026-10-03T04:52:55.4555126Z [command]/usr/bin/git config --global --add safe.directory /home/runner/work/coinquant/coinquant
check	Run actions/checkout@fbc6f3992d24b796d5a048ff273f7fcc4a7b6c09	2026-10-03T04:52:55.4604073Z Deleting the contents of '/home/runner/work/coinquant/coinquant'
check	Run actions/checkout@fbc6f3992d24b796d5a048ff273f7fcc4a7b6c09	2026-10-03T04:52:55.4608284Z ##[group]Initializing the repository
check	Run actions/checkout@fbc6f3992d24b796d5a048ff273f7fcc4a7b6c09	2026-10-03T04:52:55.4613566Z [command]/usr/bin/git init /home/runner/work/coinquant/coinquant
check	Run actions/checkout@fbc6f3992d24b796d5a048ff273f7fcc4a7b6c09	2026-10-03T04:52:55.4697164Z hint: Using 'master' as the name for the initial branch. This default branch name
check	Run actions/checkout@fbc6f3992d24b796d5a048ff273f7fcc4a7b6c09	2026-10-03T04:52:55.4699667Z hint: will change to "main" in Git 3.0. To configure the initial branch name
check	Run actions/checkout@fbc6f3992d24b796d5a048ff273f7fcc4a7b6c09	2026-10-03T04:52:55.4701263Z hint: to use in all of your new repositories, which will suppress this warning,
check	Run actions/checkout@fbc6f3992d24b796d5a048ff273f7fcc4a7b6c09	2026-10-03T04:52:55.4702815Z hint: call:
check	Run actions/checkout@fbc6f3992d24b796d5a048ff273f7fcc4a7b6c09	2026-10-03T04:52:55.4703469Z hint:
check	Run actions/checkout@fbc6f3992d24b796d5a048ff273f7fcc4a7b6c09	2026-10-03T04:52:55.4704282Z hint: 	git config --global init.defaultBranch <name>
check	Run actions/checkout@fbc6f3992d24b796d5a048ff273f7fcc4a7b6c09	2026-10-03T04:52:55.4705118Z hint:
check	Run actions/checkout@fbc6f3992d24b796d5a048ff273f7fcc4a7b6c09	2026-10-03T04:52:55.4705994Z hint: Names commonly chosen instead of 'master' are 'main', 'trunk' and
check	Run actions/checkout@fbc6f3992d24b796d5a048ff273f7fcc4a7b6c09	2026-10-03T04:52:55.4707177Z hint: 'development'. The just-created branch can be renamed via this command:
check	Run actions/checkout@fbc6f3992d24b796d5a048ff273f7fcc4a7b6c09	2026-10-03T04:52:55.4708104Z hint:
check	Run actions/checkout@fbc6f3992d24b796d5a048ff273f7fcc4a7b6c09	2026-10-03T04:52:55.4708777Z hint: 	git branch -m <name>
check	Run actions/checkout@fbc6f3992d24b796d5a048ff273f7fcc4a7b6c09	2026-10-03T04:52:55.4709491Z hint:
check	Run actions/checkout@fbc6f3992d24b796d5a048ff273f7fcc4a7b6c09	2026-10-03T04:52:55.4710430Z hint: Disable this message with "git config set advice.defaultBranchName false"
check	Run actions/checkout@fbc6f3992d24b796d5a048ff273f7fcc4a7b6c09	2026-10-03T04:52:55.4711980Z Initialized empty Git repository in /home/runner/work/coinquant/coinquant/.git/
check	Run actions/checkout@fbc6f3992d24b796d5a048ff273f7fcc4a7b6c09	2026-10-03T04:52:55.4716304Z [command]/usr/bin/git remote add origin https://github.com/geniusgrok/coinquant
check	Run actions/checkout@fbc6f3992d24b796d5a048ff273f7fcc4a7b6c09	2026-10-03T04:52:55.4764715Z ##[endgroup]
check	Run actions/checkout@fbc6f3992d24b796d5a048ff273f7fcc4a7b6c09	2026-10-03T04:52:55.4766081Z ##[group]Disabling automatic garbage collection
check	Run actions/checkout@fbc6f3992d24b796d5a048ff273f7fcc4a7b6c09	2026-10-03T04:52:55.4768558Z [command]/usr/bin/git config --local gc.auto 0
check	Run actions/checkout@fbc6f3992d24b796d5a048ff273f7fcc4a7b6c09	2026-10-03T04:52:55.4805522Z ##[endgroup]
check	Run actions/checkout@fbc6f3992d24b796d5a048ff273f7fcc4a7b6c09	2026-10-03T04:52:55.4806751Z ##[group]Setting up auth
check	Run actions/checkout@fbc6f3992d24b796d5a048ff273f7fcc4a7b6c09	2026-10-03T04:52:55.4813422Z [command]/usr/bin/git config --local --name-only --get-regexp core\.sshCommand
check	Run actions/checkout@fbc6f3992d24b796d5a048ff273f7fcc4a7b6c09	2026-10-03T04:52:55.4851189Z [command]/usr/bin/git submodule foreach --recursive sh -c "git config --local --name-only --get-regexp 'core\.sshCommand' && git config --local --unset-all 'core.sshCommand' || :"
check	Run actions/checkout@fbc6f3992d24b796d5a048ff273f7fcc4a7b6c09	2026-10-03T04:52:55.5212506Z [command]/usr/bin/git config --local --name-only --get-regexp http\.https\:\/\/github\.com\/\.extraheader
check	Run actions/checkout@fbc6f3992d24b796d5a048ff273f7fcc4a7b6c09	2026-10-03T04:52:55.5254862Z [command]/usr/bin/git submodule foreach --recursive sh -c "git config --local --name-only --get-regexp 'http\.https\:\/\/github\.com\/\.extraheader' && git config --local --unset-all 'http.https://github.com/.extraheader' || :"
check	Run actions/checkout@fbc6f3992d24b796d5a048ff273f7fcc4a7b6c09	2026-10-03T04:52:55.5524512Z [command]/usr/bin/git config --local --name-only --get-regexp ^includeIf\.gitdir:
check	Run actions/checkout@fbc6f3992d24b796d5a048ff273f7fcc4a7b6c09	2026-10-03T04:52:55.5564487Z [command]/usr/bin/git submodule foreach --recursive git config --local --show-origin --name-only --get-regexp remote.origin.url
check	Run actions/checkout@fbc6f3992d24b796d5a048ff273f7fcc4a7b6c09	2026-10-03T04:52:55.5816026Z [command]/usr/bin/git config --local http.https://github.com/.extraheader AUTHORIZATION: basic ***
check	Run actions/checkout@fbc6f3992d24b796d5a048ff273f7fcc4a7b6c09	2026-10-03T04:52:55.5863957Z ##[endgroup]
check	Run actions/checkout@fbc6f3992d24b796d5a048ff273f7fcc4a7b6c09	2026-10-03T04:52:55.5865173Z ##[group]Fetching the repository
check	Run actions/checkout@fbc6f3992d24b796d5a048ff273f7fcc4a7b6c09	2026-10-03T04:52:55.5874102Z [command]/usr/bin/git -c protocol.version=2 fetch --no-tags --prune --no-recurse-submodules --depth=1 origin dc98d28436ded00b3ce428a1141e6e534cfaa930
check	Run actions/checkout@fbc6f3992d24b796d5a048ff273f7fcc4a7b6c09	2026-10-03T04:52:58.6475985Z From https://github.com/geniusgrok/coinquant
check	Run actions/checkout@fbc6f3992d24b796d5a048ff273f7fcc4a7b6c09	2026-10-03T04:52:58.6478843Z  * branch            dc98d28436ded00b3ce428a1141e6e534cfaa930 -> FETCH_HEAD
check	Run actions/checkout@fbc6f3992d24b796d5a048ff273f7fcc4a7b6c09	2026-10-03T04:52:58.6485206Z ##[endgroup]
check	Run actions/checkout@fbc6f3992d24b796d5a048ff273f7fcc4a7b6c09	2026-10-03T04:52:58.6487435Z ##[group]Determining the checkout info
check	Run actions/checkout@fbc6f3992d24b796d5a048ff273f7fcc4a7b6c09	2026-10-03T04:52:58.6490061Z ##[endgroup]
check	Run actions/checkout@fbc6f3992d24b796d5a048ff273f7fcc4a7b6c09	2026-10-03T04:52:58.6492140Z [command]/usr/bin/git sparse-checkout disable
check	Run actions/checkout@fbc6f3992d24b796d5a048ff273f7fcc4a7b6c09	2026-10-03T04:52:58.6546098Z [command]/usr/bin/git config --local --unset-all extensions.worktreeConfig
check	Run actions/checkout@fbc6f3992d24b796d5a048ff273f7fcc4a7b6c09	2026-10-03T04:52:58.6584617Z ##[group]Checking out the ref
check	Run actions/checkout@fbc6f3992d24b796d5a048ff273f7fcc4a7b6c09	2026-10-03T04:52:58.6587439Z [command]/usr/bin/git checkout --progress --force dc98d28436ded00b3ce428a1141e6e534cfaa930
check	Run actions/checkout@fbc6f3992d24b796d5a048ff273f7fcc4a7b6c09	2026-10-03T04:52:59.6694567Z Updating files:  93% (1457/1561)
check	Run actions/checkout@fbc6f3992d24b796d5a048ff273f7fcc4a7b6c09	2026-10-03T04:52:59.6917001Z Updating files:  94% (1468/1561)
check	Run actions/checkout@fbc6f3992d24b796d5a048ff273f7fcc4a7b6c09	2026-10-03T04:52:59.6930636Z Updating files:  95% (1483/1561)
check	Run actions/checkout@fbc6f3992d24b796d5a048ff273f7fcc4a7b6c09	2026-10-03T04:52:59.6946419Z Updating files:  96% (1499/1561)
check	Run actions/checkout@fbc6f3992d24b796d5a048ff273f7fcc4a7b6c09	2026-10-03T04:52:59.6957854Z Updating files:  97% (1515/1561)
check	Run actions/checkout@fbc6f3992d24b796d5a048ff273f7fcc4a7b6c09	2026-10-03T04:52:59.6969730Z Updating files:  98% (1530/1561)
check	Run actions/checkout@fbc6f3992d24b796d5a048ff273f7fcc4a7b6c09	2026-10-03T04:52:59.6980560Z Updating files:  99% (1546/1561)
check	Run actions/checkout@fbc6f3992d24b796d5a048ff273f7fcc4a7b6c09	2026-10-03T04:52:59.6981300Z Updating files: 100% (1561/1561)
check	Run actions/checkout@fbc6f3992d24b796d5a048ff273f7fcc4a7b6c09	2026-10-03T04:52:59.6982498Z Updating files: 100% (1561/1561), done.
check	Run actions/checkout@fbc6f3992d24b796d5a048ff273f7fcc4a7b6c09	2026-10-03T04:52:59.7003544Z Note: switching to 'dc98d28436ded00b3ce428a1141e6e534cfaa930'.
check	Run actions/checkout@fbc6f3992d24b796d5a048ff273f7fcc4a7b6c09	2026-10-03T04:52:59.7006478Z 
check	Run actions/checkout@fbc6f3992d24b796d5a048ff273f7fcc4a7b6c09	2026-10-03T04:52:59.7006952Z You are in 'detached HEAD' state. You can look around, make experimental
check	Run actions/checkout@fbc6f3992d24b796d5a048ff273f7fcc4a7b6c09	2026-10-03T04:52:59.7008121Z changes and commit them, and you can discard any commits you make in this
check	Run actions/checkout@fbc6f3992d24b796d5a048ff273f7fcc4a7b6c09	2026-10-03T04:52:59.7009352Z state without impacting any branches by switching back to a branch.
check	Run actions/checkout@fbc6f3992d24b796d5a048ff273f7fcc4a7b6c09	2026-10-03T04:52:59.7010306Z 
check	Run actions/checkout@fbc6f3992d24b796d5a048ff273f7fcc4a7b6c09	2026-10-03T04:52:59.7010825Z If you want to create a new branch to retain commits you create, you may
check	Run actions/checkout@fbc6f3992d24b796d5a048ff273f7fcc4a7b6c09	2026-10-03T04:52:59.7011987Z do so (now or later) by using -c with the switch command. Example:
check	Run actions/checkout@fbc6f3992d24b796d5a048ff273f7fcc4a7b6c09	2026-10-03T04:52:59.7012436Z 
check	Run actions/checkout@fbc6f3992d24b796d5a048ff273f7fcc4a7b6c09	2026-10-03T04:52:59.7012648Z   git switch -c <new-branch-name>
check	Run actions/checkout@fbc6f3992d24b796d5a048ff273f7fcc4a7b6c09	2026-10-03T04:52:59.7012943Z 
check	Run actions/checkout@fbc6f3992d24b796d5a048ff273f7fcc4a7b6c09	2026-10-03T04:52:59.7013178Z Or undo this operation with:
check	Run actions/checkout@fbc6f3992d24b796d5a048ff273f7fcc4a7b6c09	2026-10-03T04:52:59.7013483Z 
check	Run actions/checkout@fbc6f3992d24b796d5a048ff273f7fcc4a7b6c09	2026-10-03T04:52:59.7013659Z   git switch -
check	Run actions/checkout@fbc6f3992d24b796d5a048ff273f7fcc4a7b6c09	2026-10-03T04:52:59.7013887Z 
check	Run actions/checkout@fbc6f3992d24b796d5a048ff273f7fcc4a7b6c09	2026-10-03T04:52:59.7014314Z Turn off this advice by setting config variable advice.detachedHead to false
check	Run actions/checkout@fbc6f3992d24b796d5a048ff273f7fcc4a7b6c09	2026-10-03T04:52:59.7014837Z 
check	Run actions/checkout@fbc6f3992d24b796d5a048ff273f7fcc4a7b6c09	2026-10-03T04:52:59.7015566Z HEAD is now at dc98d28 Merge e9a1117a79f391346be9af85ad3636ea8d438b4d into c363a582a064bd36d633f6439803f4c570d52333
check	Run actions/checkout@fbc6f3992d24b796d5a048ff273f7fcc4a7b6c09	2026-10-03T04:52:59.7040491Z ##[endgroup]
check	Run actions/checkout@fbc6f3992d24b796d5a048ff273f7fcc4a7b6c09	2026-10-03T04:52:59.7090445Z [command]/usr/bin/git log -1 --format=%H
check	Run actions/checkout@fbc6f3992d24b796d5a048ff273f7fcc4a7b6c09	2026-10-03T04:52:59.7122118Z dc98d28436ded00b3ce428a1141e6e534cfaa930
check	Run actions/checkout@fbc6f3992d24b796d5a048ff273f7fcc4a7b6c09	2026-10-03T04:52:59.7133949Z ##[group]Removing auth
check	Run actions/checkout@fbc6f3992d24b796d5a048ff273f7fcc4a7b6c09	2026-10-03T04:52:59.7138115Z [command]/usr/bin/git config --local --name-only --get-regexp core\.sshCommand
check	Run actions/checkout@fbc6f3992d24b796d5a048ff273f7fcc4a7b6c09	2026-10-03T04:52:59.7178931Z [command]/usr/bin/git submodule foreach --recursive sh -c "git config --local --name-only --get-regexp 'core\.sshCommand' && git config --local --unset-all 'core.sshCommand' || :"
check	Run actions/checkout@fbc6f3992d24b796d5a048ff273f7fcc4a7b6c09	2026-10-03T04:52:59.7442822Z [command]/usr/bin/git config --local --name-only --get-regexp http\.https\:\/\/github\.com\/\.extraheader
check	Run actions/checkout@fbc6f3992d24b796d5a048ff273f7fcc4a7b6c09	2026-10-03T04:52:59.7472953Z http.https://github.com/.extraheader
check	Run actions/checkout@fbc6f3992d24b796d5a048ff273f7fcc4a7b6c09	2026-10-03T04:52:59.7482458Z [command]/usr/bin/git config --local --unset-all http.https://github.com/.extraheader
check	Run actions/checkout@fbc6f3992d24b796d5a048ff273f7fcc4a7b6c09	2026-10-03T04:52:59.7523546Z [command]/usr/bin/git submodule foreach --recursive sh -c "git config --local --name-only --get-regexp 'http\.https\:\/\/github\.com\/\.extraheader' && git config --local --unset-all 'http.https://github.com/.extraheader' || :"
check	Run actions/checkout@fbc6f3992d24b796d5a048ff273f7fcc4a7b6c09	2026-10-03T04:52:59.7779312Z [command]/usr/bin/git config --local --name-only --get-regexp ^includeIf\.gitdir:
check	Run actions/checkout@fbc6f3992d24b796d5a048ff273f7fcc4a7b6c09	2026-10-03T04:52:59.7830670Z [command]/usr/bin/git submodule foreach --recursive git config --local --show-origin --name-only --get-regexp remote.origin.url
check	Run actions/checkout@fbc6f3992d24b796d5a048ff273f7fcc4a7b6c09	2026-10-03T04:52:59.8085264Z ##[endgroup]
check	Run actions/setup-python@ece7cb06caefa5fff74198d8649806c4678c61a1	﻿2026-10-03T04:52:59.8433825Z ##[group]Run actions/setup-python@ece7cb06caefa5fff74198d8649806c4678c61a1
check	Run actions/setup-python@ece7cb06caefa5fff74198d8649806c4678c61a1	2026-10-03T04:52:59.8434377Z with:
check	Run actions/setup-python@ece7cb06caefa5fff74198d8649806c4678c61a1	2026-10-03T04:52:59.8434665Z   python-version: 3.13
check	Run actions/setup-python@ece7cb06caefa5fff74198d8649806c4678c61a1	2026-10-03T04:52:59.8434970Z   check-latest: false
check	Run actions/setup-python@ece7cb06caefa5fff74198d8649806c4678c61a1	2026-10-03T04:52:59.8437726Z   token: ***
check	Run actions/setup-python@ece7cb06caefa5fff74198d8649806c4678c61a1	2026-10-03T04:52:59.8438018Z   update-environment: true
check	Run actions/setup-python@ece7cb06caefa5fff74198d8649806c4678c61a1	2026-10-03T04:52:59.8438337Z   allow-prereleases: false
check	Run actions/setup-python@ece7cb06caefa5fff74198d8649806c4678c61a1	2026-10-03T04:52:59.8438642Z   freethreaded: false
check	Run actions/setup-python@ece7cb06caefa5fff74198d8649806c4678c61a1	2026-10-03T04:52:59.8438951Z ##[endgroup]
check	Run actions/setup-python@ece7cb06caefa5fff74198d8649806c4678c61a1	2026-10-03T04:52:59.9772790Z ##[group]Installed versions
check	Run actions/setup-python@ece7cb06caefa5fff74198d8649806c4678c61a1	2026-10-03T04:52:59.9859409Z Successfully set up CPython (3.13.15)
check	Run actions/setup-python@ece7cb06caefa5fff74198d8649806c4678c61a1	2026-10-03T04:52:59.9860374Z ##[endgroup]
check	Compile and run offline checks	﻿2026-10-03T04:53:00.0024755Z ##[group]Run python -m compileall -q coinquant research tests
check	Compile and run offline checks	2026-10-03T04:53:00.0025446Z [36;1mpython -m compileall -q coinquant research tests[0m
check	Compile and run offline checks	2026-10-03T04:53:00.0025893Z [36;1mpython -m unittest discover -s tests -v[0m
check	Compile and run offline checks	2026-10-03T04:53:00.0677167Z shell: /usr/bin/bash -e {0}
check	Compile and run offline checks	2026-10-03T04:53:00.0677639Z env:
check	Compile and run offline checks	2026-10-03T04:53:00.0678004Z   pythonLocation: /opt/hostedtoolcache/Python/3.13.15/x64
check	Compile and run offline checks	2026-10-03T04:53:00.0678537Z   PKG_CONFIG_PATH: /opt/hostedtoolcache/Python/3.13.15/x64/lib/pkgconfig
check	Compile and run offline checks	2026-10-03T04:53:00.0679058Z   Python_ROOT_DIR: /opt/hostedtoolcache/Python/3.13.15/x64
check	Compile and run offline checks	2026-10-03T04:53:00.0679501Z   Python2_ROOT_DIR: /opt/hostedtoolcache/Python/3.13.15/x64
check	Compile and run offline checks	2026-10-03T04:53:00.0679933Z   Python3_ROOT_DIR: /opt/hostedtoolcache/Python/3.13.15/x64
check	Compile and run offline checks	2026-10-03T04:53:00.0680372Z   LD_LIBRARY_PATH: /opt/hostedtoolcache/Python/3.13.15/x64/lib
check	Compile and run offline checks	2026-10-03T04:53:00.0681125Z ##[endgroup]
check	Compile and run offline checks	2026-10-03T04:53:03.7388812Z test_contract_identity_and_gates (test_acceptance.AcceptanceTests.test_contract_identity_and_gates) ... ok
check	Compile and run offline checks	2026-10-03T04:53:03.7390019Z test_exact_target_boundaries (test_acceptance.AcceptanceTests.test_exact_target_boundaries) ... ok
check	Compile and run offline checks	2026-10-03T04:53:03.7514367Z test_recorded_default_and_evidence_identity (test_acceptance.AcceptanceTests.test_recorded_default_and_evidence_identity) ... ok
check	Compile and run offline checks	2026-10-03T04:53:03.8069011Z test_recorded_numbers_are_the_ones_in_their_evidence_files (test_acceptance.AcceptanceTests.test_recorded_numbers_are_the_ones_in_their_evidence_files) ... ok
check	Compile and run offline checks	2026-10-03T04:53:03.8101975Z test_calibration_binding_rejects_future_mismatch_nonfinite_and_scales_only_new_sizing (test_alpha_perp.AlphaTests.test_calibration_binding_rejects_future_mismatch_nonfinite_and_scales_only_new_sizing) ... ok
check	Compile and run offline checks	2026-10-03T04:53:03.8119295Z test_checkpoint_roundtrip_identity_digest_and_provenance (test_alpha_perp.AlphaTests.test_checkpoint_roundtrip_identity_digest_and_provenance) ... ok
check	Compile and run offline checks	2026-10-03T04:53:03.8135586Z test_compression_uses_prior_high_atr_and_median_with_original_priority (test_alpha_perp.AlphaTests.test_compression_uses_prior_high_atr_and_median_with_original_priority) ... ok
check	Compile and run offline checks	2026-10-03T04:53:03.9432499Z test_cycle_failures_are_distinct_once_and_keep_actual_chronology (test_alpha_perp.AlphaTests.test_cycle_failures_are_distinct_once_and_keep_actual_chronology) ... ok
check	Compile and run offline checks	2026-10-03T04:53:03.9438693Z test_fresh_entry_age_chase_boundaries_owned_and_macro_unchanged (test_alpha_perp.AlphaTests.test_fresh_entry_age_chase_boundaries_owned_and_macro_unchanged) ... ok
check	Compile and run offline checks	2026-10-03T04:53:03.9441679Z test_hooks_restore_on_exception (test_alpha_perp.AlphaTests.test_hooks_restore_on_exception) ... ok
check	Compile and run offline checks	2026-10-03T04:53:04.3934522Z test_incumbent_noop_preserves_calls_clock_cash_fills_and_requests (test_alpha_perp.AlphaTests.test_incumbent_noop_preserves_calls_clock_cash_fills_and_requests) ... ok
check	Compile and run offline checks	2026-10-03T04:53:04.5386536Z test_macro_creation_provenance_survives_polls_checkpoint_and_owned_decisions (test_alpha_perp.AlphaTests.test_macro_creation_provenance_survives_polls_checkpoint_and_owned_decisions) ... ok
check	Compile and run offline checks	2026-10-03T04:53:05.3939878Z test_macro_diagnostic_closes_are_attached_only_after_execution (test_alpha_perp.AlphaTests.test_macro_diagnostic_closes_are_attached_only_after_execution) ... ok
check	Compile and run offline checks	2026-10-03T04:53:05.8329675Z test_real_lifecycle_trail_tightens_and_through_mark_reduces_without_macro_change (test_alpha_perp.AlphaTests.test_real_lifecycle_trail_tightens_and_through_mark_reduces_without_macro_change) ... ok
check	Compile and run offline checks	2026-10-03T04:53:06.2825396Z test_single_topup_partial_and_unknown_fills_recover_once_and_keep_protection (test_alpha_perp.AlphaTests.test_single_topup_partial_and_unknown_fills_recover_once_and_keep_protection) ... ok
check	Compile and run offline checks	2026-10-03T04:53:06.2833099Z test_trail_bar_state_excludes_entry_bar_and_makes_no_unattended_stop_change (test_alpha_perp.AlphaTests.test_trail_bar_state_excludes_entry_bar_and_makes_no_unattended_stop_change) ... ok
check	Compile and run offline checks	2026-10-03T04:53:06.4273807Z test_unknown_unaccepted_topup_is_not_resent (test_alpha_perp.AlphaTests.test_unknown_unaccepted_topup_is_not_resent) ... ok
check	Compile and run offline checks	2026-10-03T04:53:06.4528675Z test_explicit_missing_inside_retention_is_terminal_and_stays_terminal (test_audit_20260929.AbsentOrderTests.test_explicit_missing_inside_retention_is_terminal_and_stays_terminal) ... ok
check	Compile and run offline checks	2026-10-03T04:53:06.4774221Z test_missing_before_expiry_or_after_retention_stays_unknown (test_audit_20260929.AbsentOrderTests.test_missing_before_expiry_or_after_retention_stays_unknown) ... ok
check	Compile and run offline checks	2026-10-03T04:53:06.4836588Z test_same_account_in_two_directories_cannot_both_write (test_audit_20260929.AccountLockTests.test_same_account_in_two_directories_cannot_both_write) ... ok
check	Compile and run offline checks	2026-10-03T04:53:06.5178940Z test_close_sends_the_market_cap_then_the_remainder (test_audit_20260929.ExitSliceTests.test_close_sends_the_market_cap_then_the_remainder) ... ok
check	Compile and run offline checks	2026-10-03T04:53:06.5180651Z test_limit_entry_does_not_use_the_market_lot_cap (test_audit_20260929.QuantityRuleTests.test_limit_entry_does_not_use_the_market_lot_cap) ... ok
check	Compile and run offline checks	2026-10-03T04:53:06.5324997Z test_duplicate_client_id_and_triggering_stop_stay_unknown (test_audit_20260929.RejectCodeTests.test_duplicate_client_id_and_triggering_stop_stay_unknown) ... ok
check	Compile and run offline checks	2026-10-03T04:53:06.5395702Z test_lost_send_records_only_the_error_type (test_audit_20260929.RejectCodeTests.test_lost_send_records_only_the_error_type) ... ok
check	Compile and run offline checks	2026-10-03T04:53:06.5468682Z test_plain_parameter_rejection_is_still_terminal (test_audit_20260929.RejectCodeTests.test_plain_parameter_rejection_is_still_terminal) ... ok
check	Compile and run offline checks	2026-10-03T04:53:06.5473674Z test_names_and_output_roots_are_bounded (test_audit_20260929.TrialPathTests.test_names_and_output_roots_are_bounded) ... ok
check	Compile and run offline checks	2026-10-03T04:53:06.5549133Z test_a_fresh_gap_waits_and_an_old_gap_blocks (test_audit_20260929.WalletGapTests.test_a_fresh_gap_waits_and_an_old_gap_blocks) ... ok
check	Compile and run offline checks	2026-10-03T04:53:06.5767626Z test_documented_503_failures_are_terminal_and_other_503s_stay_unknown (tests.test_margin_intents.WriteClassificationTests.test_documented_503_failures_are_terminal_and_other_503s_stay_unknown) ... ok
check	Compile and run offline checks	2026-10-03T04:53:06.5838161Z test_documented_native_rejection_is_terminal (tests.test_margin_intents.WriteClassificationTests.test_documented_native_rejection_is_terminal) ... ok
check	Compile and run offline checks	2026-10-03T04:53:06.5911600Z test_expired_deadline_is_recorded_as_never_sent (tests.test_margin_intents.WriteClassificationTests.test_expired_deadline_is_recorded_as_never_sent) ... ok
check	Compile and run offline checks	2026-10-03T04:53:06.6202696Z test_lost_add_cannot_be_declared_rejected_from_age_and_missing_query (tests.test_margin_intents.WriteClassificationTests.test_lost_add_cannot_be_declared_rejected_from_age_and_missing_query) ... ok
check	Compile and run offline checks	2026-10-03T04:53:06.6455043Z test_margin_rejection_blocks_without_pending (tests.test_margin_intents.WriteClassificationTests.test_margin_rejection_blocks_without_pending) ... ok
check	Compile and run offline checks	2026-10-03T04:53:06.6537117Z test_missing_order_without_a_preparation_time_or_past_retention_stays_unknown (tests.test_margin_intents.WriteClassificationTests.test_missing_order_without_a_preparation_time_or_past_retention_stays_unknown) ... ok
check	Compile and run offline checks	2026-10-03T04:53:06.6597344Z test_numeric_margin_amount_is_parsed_exactly (tests.test_margin_intents.WriteClassificationTests.test_numeric_margin_amount_is_parsed_exactly) ... ok
check	Compile and run offline checks	2026-10-03T04:53:06.6870490Z test_overloaded_add_does_not_block_the_exit_of_the_existing_position (tests.test_margin_intents.WriteClassificationTests.test_overloaded_add_does_not_block_the_exit_of_the_existing_position) ... ok
check	Compile and run offline checks	2026-10-03T04:53:06.6931194Z test_read_rejections_remain_unknown (tests.test_margin_intents.WriteClassificationTests.test_read_rejections_remain_unknown) ... ok
check	Compile and run offline checks	2026-10-03T04:53:06.7067174Z test_unknown_execution_codes_and_server_errors_stay_pending (tests.test_margin_intents.WriteClassificationTests.test_unknown_execution_codes_and_server_errors_stay_pending) ... ok
check	Compile and run offline checks	2026-10-03T04:53:06.7162604Z test_a_live_writer_on_another_machine_blocks_the_next_open (test_audit_20260929.WriterHostTests.test_a_live_writer_on_another_machine_blocks_the_next_open) ... ok
check	Compile and run offline checks	2026-10-03T04:53:06.7182295Z test_execute_needs_trial_and_uid_before_credentials (test_audit_fixes.CliSmoke.test_execute_needs_trial_and_uid_before_credentials) ... blocked: write trial requires --trial and --authorize-uid
check	Compile and run offline checks	2026-10-03T04:53:06.7183575Z ok
check	Compile and run offline checks	2026-10-03T04:53:07.7567632Z test_run_defaults_to_observation_and_sends_no_write (test_audit_fixes.CliSmoke.test_run_defaults_to_observation_and_sends_no_write) ... read_only: 
check	Compile and run offline checks	2026-10-03T04:53:07.7574603Z ok
check	Compile and run offline checks	2026-10-03T04:53:07.7588959Z test_trial_options_without_execute_are_refused (test_audit_fixes.CliSmoke.test_trial_options_without_execute_are_refused) ... blocked: trial options require --execute
check	Compile and run offline checks	2026-10-03T04:53:07.7589896Z ok
check	Compile and run offline checks	2026-10-03T04:53:07.8617504Z test_cleanup_budget_never_passes_the_hard_deadline (test_audit_fixes.ExitPaths.test_cleanup_budget_never_passes_the_hard_deadline) ... ok
check	Compile and run offline checks	2026-10-03T04:53:07.9089922Z test_deadline_with_pending_intent_is_execution_unresolved (test_audit_fixes.ExitPaths.test_deadline_with_pending_intent_is_execution_unresolved) ... ok
check	Compile and run offline checks	2026-10-03T04:53:07.9600751Z test_interrupt_and_clock_failure_are_reported_with_phase (test_audit_fixes.ExitPaths.test_interrupt_and_clock_failure_are_reported_with_phase) ... ok
check	Compile and run offline checks	2026-10-03T04:53:08.0642702Z test_verified_session_is_not_unresolved (test_audit_fixes.ExitPaths.test_verified_session_is_not_unresolved) ... ok
check	Compile and run offline checks	2026-10-03T04:53:08.1692825Z test_entry_reply_lost_after_fill_is_found_by_identity_and_protected (test_audit_fixes.FirstFillToProtection.test_entry_reply_lost_after_fill_is_found_by_identity_and_protected) ... ok
check	Compile and run offline checks	2026-10-03T04:53:08.2461545Z test_stop_accepted_take_rejected_never_leaves_a_one_leg_position (test_audit_fixes.FirstFillToProtection.test_stop_accepted_take_rejected_never_leaves_a_one_leg_position) ... ok
check	Compile and run offline checks	2026-10-03T04:53:08.3273374Z test_unknown_margin_transfer_is_not_resent_and_position_stays_protected (test_audit_fixes.FirstFillToProtection.test_unknown_margin_transfer_is_not_resent_and_position_stays_protected) ... ok
check	Compile and run offline checks	2026-10-03T04:53:08.4595508Z test_audit_failure_does_not_stop_signal_exit (test_audit_fixes.FundsAuditGate.test_audit_failure_does_not_stop_signal_exit) ... ok
check	Compile and run offline checks	2026-10-03T04:53:08.4682802Z test_cache_is_bound_to_the_wallet_value_and_wallet_less_reads_do_not_settle (test_audit_fixes.FundsAuditGate.test_cache_is_bound_to_the_wallet_value_and_wallet_less_reads_do_not_settle) ... ok
check	Compile and run offline checks	2026-10-03T04:53:08.5162680Z test_final_income_audit_failure_is_reported_not_success (test_audit_fixes.FundsAuditGate.test_final_income_audit_failure_is_reported_not_success) ... ok
check	Compile and run offline checks	2026-10-03T04:53:08.5252624Z test_gap_that_income_never_explains_becomes_unexplained (test_audit_fixes.FundsAuditGate.test_gap_that_income_never_explains_becomes_unexplained) ... ok
check	Compile and run offline checks	2026-10-03T04:53:08.6245826Z test_unexplained_wallet_stops_top_up_but_keeps_protection (test_audit_fixes.FundsAuditGate.test_unexplained_wallet_stops_top_up_but_keeps_protection) ... ok
check	Compile and run offline checks	2026-10-03T04:53:08.6341239Z test_wallet_drop_without_income_never_opens_risk_and_late_income_clears_it (test_audit_fixes.FundsAuditGate.test_wallet_drop_without_income_never_opens_risk_and_late_income_clears_it) ... ok
check	Compile and run offline checks	2026-10-03T04:53:08.7490843Z test_outage_does_not_touch_a_primary_position_or_its_protection (test_audit_fixes.MacroFailurePolicy.test_outage_does_not_touch_a_primary_position_or_its_protection) ... ok
check	Compile and run offline checks	2026-10-03T04:53:08.7926719Z test_outage_on_a_flat_account_stops_new_risk_without_hiding_the_reason (test_audit_fixes.MacroFailurePolicy.test_outage_on_a_flat_account_stops_new_risk_without_hiding_the_reason) ... ok
check	Compile and run offline checks	2026-10-03T04:53:08.8021316Z test_sub_unit_residue_is_arithmetic_but_one_native_unit_is_a_gap (test_audit_fixes.NativePrecision.test_sub_unit_residue_is_arithmetic_but_one_native_unit_is_a_gap) ... ok
check	Compile and run offline checks	2026-10-03T04:53:08.9169961Z test_a_healthy_native_leg_keeps_the_block_without_reducing (test_audit_fixes.ReplacementFallback.test_a_healthy_native_leg_keeps_the_block_without_reducing) ... ok
check	Compile and run offline checks	2026-10-03T04:53:09.0392321Z test_unprotected_position_with_a_failing_replacement_is_reduced_not_left_open (test_audit_fixes.ReplacementFallback.test_unprotected_position_with_a_failing_replacement_is_reduced_not_left_open) ... ok
check	Compile and run offline checks	2026-10-03T04:53:09.0395831Z test_documented_rejection_is_terminal_and_transport_loss_is_not (test_audit_fixes.RestErrors.test_documented_rejection_is_terminal_and_transport_loss_is_not) ... ok
check	Compile and run offline checks	2026-10-03T04:53:09.0401688Z test_rate_limits_and_server_errors_stay_unknown_with_native_evidence (test_audit_fixes.RestErrors.test_rate_limits_and_server_errors_stay_unknown_with_native_evidence) ... ok
check	Compile and run offline checks	2026-10-03T04:53:09.0476148Z test_unknown_status_is_recorded_on_the_intent_and_never_terminal (test_audit_fixes.RestErrors.test_unknown_status_is_recorded_on_the_intent_and_never_terminal) ... ok
check	Compile and run offline checks	2026-10-03T04:53:09.0478046Z test_first_signal_interrupts_later_ones_are_ignored_and_handlers_restore (test_audit_fixes.Signals.test_first_signal_interrupts_later_ones_are_ignored_and_handlers_restore) ... ok
check	Compile and run offline checks	2026-10-03T04:53:09.0489632Z test_interrupt_before_the_session_is_an_explicit_unknown_report (test_audit_fixes.Signals.test_interrupt_before_the_session_is_an_explicit_unknown_report) ... unknown: Interrupted before or outside the bounded session; reconcile before any new action
check	Compile and run offline checks	2026-10-03T04:53:09.0491245Z ok
check	Compile and run offline checks	2026-10-03T04:53:09.1433328Z test_entry_records_its_sizing_capital_and_top_up_reports_current_capital (test_audit_fixes.SmallFundBoundaries.test_entry_records_its_sizing_capital_and_top_up_reports_current_capital) ... ok
check	Compile and run offline checks	2026-10-03T04:53:09.2445026Z test_lowered_capital_never_grows_the_position_back_to_the_old_target (test_audit_fixes.SmallFundBoundaries.test_lowered_capital_never_grows_the_position_back_to_the_old_target) ... ok
check	Compile and run offline checks	2026-10-03T04:53:09.3419110Z test_session_reports_exchange_leverage_apart_from_account_notional (test_audit_fixes.SmallFundBoundaries.test_session_reports_exchange_leverage_apart_from_account_notional) ... ok
check	Compile and run offline checks	2026-10-03T04:53:09.3427246Z test_failed_time_read_sends_no_signed_request (test_audit_fixes.StatusClock.test_failed_time_read_sends_no_signed_request) ... ok
check	Compile and run offline checks	2026-10-03T04:53:09.3441889Z test_main_reports_the_failure_and_exits_nonzero (test_audit_fixes.StatusClock.test_main_reports_the_failure_and_exits_nonzero) ... unknown: Binance server time unavailable; clock not aligned
check	Compile and run offline checks	2026-10-03T04:53:09.3442970Z ok
check	Compile and run offline checks	2026-10-03T04:53:09.3541777Z test_status_aligns_the_clock_before_the_first_signed_read (test_audit_fixes.StatusClock.test_status_aligns_the_clock_before_the_first_signed_read) ... ok
check	Compile and run offline checks	2026-10-03T04:53:09.3544616Z test_execution_blocked_before_credentials_or_network (test_binance_cli.BinanceCLI.test_execution_blocked_before_credentials_or_network) ... ok
check	Compile and run offline checks	2026-10-03T04:53:09.3680055Z test_incomplete_replacement_is_visible_without_pending_order (test_binance_cli.BinanceCLI.test_incomplete_replacement_is_visible_without_pending_order) ... ok
check	Compile and run offline checks	2026-10-03T04:53:09.3694284Z test_missing_named_credentials_blocks_before_network (test_binance_cli.BinanceCLI.test_missing_named_credentials_blocks_before_network) ... ok
check	Compile and run offline checks	2026-10-03T04:53:09.3797585Z test_observation_saves_bound_account_report_without_decision (test_binance_cli.BinanceCLI.test_observation_saves_bound_account_report_without_decision) ... ok
check	Compile and run offline checks	2026-10-03T04:53:09.4068895Z test_pending_recovery_refreshes_account_and_keeps_unknown_blocked (test_binance_cli.BinanceCLI.test_pending_recovery_refreshes_account_and_keeps_unknown_blocked) ... ok
check	Compile and run offline checks	2026-10-03T04:53:09.4072606Z test_unknown_configuration_fields_are_rejected (test_binance_cli.BinanceCLI.test_unknown_configuration_fields_are_rejected) ... ok
check	Compile and run offline checks	2026-10-03T04:53:09.4247794Z test_canceled_parent_still_queries_partially_filled_child (test_binance_intent_read.IntentRead.test_canceled_parent_still_queries_partially_filled_child) ... ok
check	Compile and run offline checks	2026-10-03T04:53:09.4417455Z test_missing_history_never_becomes_retry_permission (test_binance_intent_read.IntentRead.test_missing_history_never_becomes_retry_permission) ... ok
check	Compile and run offline checks	2026-10-03T04:53:09.4693905Z test_checkpoint_pages_without_truncation (test_binance_market.NativeMarket.test_checkpoint_pages_without_truncation) ... ok
check	Compile and run offline checks	2026-10-03T04:53:09.4878469Z test_completed_boundary_and_missing_or_forming_candle (test_binance_market.NativeMarket.test_completed_boundary_and_missing_or_forming_candle) ... ok
check	Compile and run offline checks	2026-10-03T04:53:09.4880886Z test_common_increment_and_incomplete_filters (test_binance_quantity.QuantityTests.test_common_increment_and_incomplete_filters) ... ok
check	Compile and run offline checks	2026-10-03T04:53:09.4882788Z test_preserves_risk_budget_and_applies_minimum_and_market_cap (test_binance_quantity.QuantityTests.test_preserves_risk_budget_and_applies_minimum_and_market_cap) ... ok
check	Compile and run offline checks	2026-10-03T04:53:09.5395348Z test_bounded_snapshot_does_not_turn_racing_wallet_into_stable_state (test_binance_readonly.BinanceReadTests.test_bounded_snapshot_does_not_turn_racing_wallet_into_stable_state) ... ok
check	Compile and run offline checks	2026-10-03T04:53:09.5397252Z test_missing_or_wrong_account_mode_blocks (test_binance_readonly.BinanceReadTests.test_missing_or_wrong_account_mode_blocks) ... ok
check	Compile and run offline checks	2026-10-03T04:53:09.5398744Z test_out_of_scope_request_and_redirect_blocked (test_binance_readonly.BinanceReadTests.test_out_of_scope_request_and_redirect_blocked) ... ok
check	Compile and run offline checks	2026-10-03T04:53:09.5401078Z test_public_get_never_sends_key_or_signature (test_binance_readonly.BinanceReadTests.test_public_get_never_sends_key_or_signature) ... ok
check	Compile and run offline checks	2026-10-03T04:53:09.5402929Z test_signs_exact_query_and_returns_only_uid (test_binance_readonly.BinanceReadTests.test_signs_exact_query_and_returns_only_uid) ... ok
check	Compile and run offline checks	2026-10-03T04:53:09.5404484Z test_unavailable_is_unknown_and_error_does_not_leak_secrets (test_binance_readonly.BinanceReadTests.test_unavailable_is_unknown_and_error_does_not_leak_secrets) ... ok
check	Compile and run offline checks	2026-10-03T04:53:09.5408556Z test_usdt_equity_full_protection_and_remainder_are_distinct (test_binance_readonly.BinanceReadTests.test_usdt_equity_full_protection_and_remainder_are_distinct) ... ok
check	Compile and run offline checks	2026-10-03T04:53:09.5674259Z test_canceled_parent_cannot_hide_working_child (test_binance_recovery.RecoveryTests.test_canceled_parent_cannot_hide_working_child) ... ok
check	Compile and run offline checks	2026-10-03T04:53:09.5927605Z test_late_missing_order_stays_unknown_then_original_fill_recovers (test_binance_recovery.RecoveryTests.test_late_missing_order_stays_unknown_then_original_fill_recovers) ... ok
check	Compile and run offline checks	2026-10-03T04:53:09.6192021Z test_old_false_rejection_reopens_without_resending_or_claiming_external_fill (test_binance_recovery.RecoveryTests.test_old_false_rejection_reopens_without_resending_or_claiming_external_fill) ... ok
check	Compile and run offline checks	2026-10-03T04:53:09.6434099Z test_payload_mismatch_and_unknown_intent_kind_stay_unknown (test_binance_recovery.RecoveryTests.test_payload_mismatch_and_unknown_intent_kind_stay_unknown) ... ok
check	Compile and run offline checks	2026-10-03T04:53:09.6687238Z test_readonly_recovers_algo_cancel_only_after_child_terminal (test_binance_recovery.RecoveryTests.test_readonly_recovers_algo_cancel_only_after_child_terminal) ... ok
check	Compile and run offline checks	2026-10-03T04:53:09.6940501Z test_terminal_partial_fill_and_unknown_are_independent (test_binance_recovery.RecoveryTests.test_terminal_partial_fill_and_unknown_are_independent) ... ok
check	Compile and run offline checks	2026-10-03T04:53:09.7304554Z test_child_still_working_stays_unknown (test_binance_replace.PartialFillReplacementTests.test_child_still_working_stays_unknown) ... ok
check	Compile and run offline checks	2026-10-03T04:53:09.7717865Z test_flat_after_partial_fill_cleans_up_without_reopening (test_binance_replace.PartialFillReplacementTests.test_flat_after_partial_fill_cleans_up_without_reopening) ... ok
check	Compile and run offline checks	2026-10-03T04:53:09.8146400Z test_old_leg_filled_keeps_healthy_new_pair_and_finishes (test_binance_replace.PartialFillReplacementTests.test_old_leg_filled_keeps_healthy_new_pair_and_finishes) ... ok
check	Compile and run offline checks	2026-10-03T04:53:09.8620629Z test_spent_new_leg_rotates_to_fresh_generation_without_reusing_spent_id (test_binance_replace.PartialFillReplacementTests.test_spent_new_leg_rotates_to_fresh_generation_without_reusing_spent_id) ... ok
check	Compile and run offline checks	2026-10-03T04:53:09.8965610Z test_unexplained_or_oversized_change_stays_unknown (test_binance_replace.PartialFillReplacementTests.test_unexplained_or_oversized_change_stays_unknown) ... ok
check	Compile and run offline checks	2026-10-03T04:53:09.9319607Z test_authorized_reduce_remains_available_with_unknown_owned_cancel (test_binance_replace.ReplacementTests.test_authorized_reduce_remains_available_with_unknown_owned_cancel) ... ok
check	Compile and run offline checks	2026-10-03T04:53:09.9726488Z test_cancel_timeout_after_acceptance_settles_by_query (test_binance_replace.ReplacementTests.test_cancel_timeout_after_acceptance_settles_by_query) ... ok
check	Compile and run offline checks	2026-10-03T04:53:10.0048460Z test_canceled_parent_working_child_blocks (test_binance_replace.ReplacementTests.test_canceled_parent_working_child_blocks) ... ok
check	Compile and run offline checks	2026-10-03T04:53:10.0346687Z test_changed_replacement_request_cannot_bypass_pending_operation (test_binance_replace.ReplacementTests.test_changed_replacement_request_cannot_bypass_pending_operation) ... ok
check	Compile and run offline checks	2026-10-03T04:53:10.0766360Z test_flat_after_cancel_cleanup_does_not_reopen (test_binance_replace.ReplacementTests.test_flat_after_cancel_cleanup_does_not_reopen) ... ok
check	Compile and run offline checks	2026-10-03T04:53:10.1046934Z test_lost_ownership_blocks_without_writes (test_binance_replace.ReplacementTests.test_lost_ownership_blocks_without_writes) ... ok
check	Compile and run offline checks	2026-10-03T04:53:10.1448712Z test_new_pair_before_old_cancel_and_restart_no_writes (test_binance_replace.ReplacementTests.test_new_pair_before_old_cancel_and_restart_no_writes) ... ok
check	Compile and run offline checks	2026-10-03T04:53:10.1752943Z test_new_rejection_retains_old_and_never_retries (test_binance_replace.ReplacementTests.test_new_rejection_retains_old_and_never_retries) ... ok
check	Compile and run offline checks	2026-10-03T04:53:10.2106084Z test_partial_exposure_restart_keeps_existing_protections (test_binance_replace.ReplacementTests.test_partial_exposure_restart_keeps_existing_protections) ... ok
check	Compile and run offline checks	2026-10-03T04:53:10.2389903Z test_price_already_through_new_stop_keeps_old_protection (test_binance_replace.ReplacementTests.test_price_already_through_new_stop_keeps_old_protection) ... ok
check	Compile and run offline checks	2026-10-03T04:53:10.2657283Z test_replacement_default_read_only (test_binance_replace.ReplacementTests.test_replacement_default_read_only) ... ok
check	Compile and run offline checks	2026-10-03T04:53:10.3104655Z test_restart_resumes_accepted_cancel_without_resend (test_binance_replace.ReplacementTests.test_restart_resumes_accepted_cancel_without_resend) ... ok
check	Compile and run offline checks	2026-10-03T04:53:10.3528737Z test_short_replacement_uses_buy_close_all_without_quantity (test_binance_replace.ReplacementTests.test_short_replacement_uses_buy_close_all_without_quantity) ... ok
check	Compile and run offline checks	2026-10-03T04:53:10.4084467Z test_unknown_cancel_is_not_repeated (test_binance_replace.ReplacementTests.test_unknown_cancel_is_not_repeated) ... ok
check	Compile and run offline checks	2026-10-03T04:53:10.4365461Z test_cancel_fill_race_returns_real_exposure (test_binance_safety.SafetyTests.test_cancel_fill_race_returns_real_exposure) ... ok
check	Compile and run offline checks	2026-10-03T04:53:10.4599336Z test_default_does_not_write (test_binance_safety.SafetyTests.test_default_does_not_write) ... ok
check	Compile and run offline checks	2026-10-03T04:53:10.4849516Z test_model_margin_target_readback (test_binance_safety.SafetyTests.test_model_margin_target_readback) ... ok
check	Compile and run offline checks	2026-10-03T04:53:10.5101067Z test_new_entry_remainder_between_legs_stops_writes (test_binance_safety.SafetyTests.test_new_entry_remainder_between_legs_stops_writes) ... ok
check	Compile and run offline checks	2026-10-03T04:53:10.5345257Z test_no_open_order_is_not_proof_unknown_entry_cannot_arrive (test_binance_safety.SafetyTests.test_no_open_order_is_not_proof_unknown_entry_cannot_arrive) ... ok
check	Compile and run offline checks	2026-10-03T04:53:10.5625005Z test_partial_exposure_close_all_and_idempotent_recovery (test_binance_safety.SafetyTests.test_partial_exposure_close_all_and_idempotent_recovery) ... ok
check	Compile and run offline checks	2026-10-03T04:53:10.5883732Z test_reduce_only_below_entry_min_notional_can_close (test_binance_safety.SafetyTests.test_reduce_only_below_entry_min_notional_can_close) ... ok
check	Compile and run offline checks	2026-10-03T04:53:10.6141934Z test_reduce_only_never_reverses (test_binance_safety.SafetyTests.test_reduce_only_never_reverses) ... ok
check	Compile and run offline checks	2026-10-03T04:53:10.6376818Z test_remainder_blocks_protection (test_binance_safety.SafetyTests.test_remainder_blocks_protection) ... ok
check	Compile and run offline checks	2026-10-03T04:53:10.6626118Z test_stop_fill_between_legs_prevents_stale_take_write (test_binance_safety.SafetyTests.test_stop_fill_between_legs_prevents_stale_take_write) ... ok
check	Compile and run offline checks	2026-10-03T04:53:10.6907223Z test_timeout_after_acceptance_is_queried (test_binance_safety.SafetyTests.test_timeout_after_acceptance_is_queried) ... ok
check	Compile and run offline checks	2026-10-03T04:53:10.7154449Z test_unknown_margin_blocks_different_epoch (test_binance_safety.SafetyTests.test_unknown_margin_blocks_different_epoch) ... ok
check	Compile and run offline checks	2026-10-03T04:53:10.7433977Z test_unknown_missing_never_retries (test_binance_safety.SafetyTests.test_unknown_missing_never_retries) ... ok
check	Compile and run offline checks	2026-10-03T04:53:10.7442595Z test_candle_weight_tracks_page_size_and_reserves_before_request (test_binance_writer.WriterTests.test_candle_weight_tracks_page_size_and_reserves_before_request) ... ok
check	Compile and run offline checks	2026-10-03T04:53:10.7444568Z test_default_read_only_and_unbounded_entries_rejected_before_network (test_binance_writer.WriterTests.test_default_read_only_and_unbounded_entries_rejected_before_network) ... ok
check	Compile and run offline checks	2026-10-03T04:53:10.7448199Z test_rate_limit_cooldown_prevents_poll_storm (test_binance_writer.WriterTests.test_rate_limit_cooldown_prevents_poll_storm) ... ok
check	Compile and run offline checks	2026-10-03T04:53:10.7452613Z test_signed_order_is_sent_once_without_account_setting_capability (test_binance_writer.WriterTests.test_signed_order_is_sent_once_without_account_setting_capability) ... ok
check	Compile and run offline checks	2026-10-03T04:53:10.7454811Z test_transport_timeout_is_unknown_and_never_retried (test_binance_writer.WriterTests.test_transport_timeout_is_unknown_and_never_retried) ... ok
check	Compile and run offline checks	2026-10-03T04:53:10.7462017Z test_checkpoint_of_another_version_blocks (test_campaign.CampaignTests.test_checkpoint_of_another_version_blocks) ... ok
check	Compile and run offline checks	2026-10-03T04:53:10.7464484Z test_consumption_and_unknown_position (test_campaign.CampaignTests.test_consumption_and_unknown_position) ... ok
check	Compile and run offline checks	2026-10-03T04:53:10.8104362Z test_every_prefix_survives_serialized_restart (test_campaign.CampaignTests.test_every_prefix_survives_serialized_restart) ... ok
check	Compile and run offline checks	2026-10-03T04:53:10.8192906Z test_interrupted_bootstrap_resumes_only_verified_page (test_campaign.CampaignTests.test_interrupted_bootstrap_resumes_only_verified_page) ... ok
check	Compile and run offline checks	2026-10-03T04:53:10.8198507Z test_macro_cold_start_does_not_infer_old_unseen_campaign (test_campaign.CampaignTests.test_macro_cold_start_does_not_infer_old_unseen_campaign) ... ok
check	Compile and run offline checks	2026-10-03T04:53:10.8200246Z test_missing_history_and_corrupt_checkpoint_block (test_campaign.CampaignTests.test_missing_history_and_corrupt_checkpoint_block) ... ok
check	Compile and run offline checks	2026-10-03T04:53:10.8210265Z test_promoted_macro_priority_consumption_and_restart (test_campaign.CampaignTests.test_promoted_macro_priority_consumption_and_restart) ... ok
check	Compile and run offline checks	2026-10-03T04:53:10.8287891Z test_read_only_resume_and_unknown_ownership (test_campaign.CampaignTests.test_read_only_resume_and_unknown_ownership) ... ok
check	Compile and run offline checks	2026-10-03T04:53:10.8289673Z test_closed_account_matches_fills_costs_and_full_cash_ledger (test_comparison_report.AccountAuditTests.test_closed_account_matches_fills_costs_and_full_cash_ledger) ... ok
check	Compile and run offline checks	2026-10-03T04:53:10.8292797Z test_missing_fill_wrong_wallet_and_external_flow_invalidate_account (test_comparison_report.AccountAuditTests.test_missing_fill_wrong_wallet_and_external_flow_invalidate_account) ... ok
check	Compile and run offline checks	2026-10-03T04:53:10.8301649Z test_budget_initial_peak_includes_only_conversion_cost (test_complete_perp.CompletePerpTests.test_budget_initial_peak_includes_only_conversion_cost) ... ok
check	Compile and run offline checks	2026-10-03T04:53:10.8336572Z test_checkpoint_daily_state_and_candidate_identity (test_complete_perp.CompletePerpTests.test_checkpoint_daily_state_and_candidate_identity) ... ok
check	Compile and run offline checks	2026-10-03T04:53:10.8366203Z test_conditional_short_requires_decline_and_one_way_ownership (test_complete_perp.CompletePerpTests.test_conditional_short_requires_decline_and_one_way_ownership) ... ok
check	Compile and run offline checks	2026-10-03T04:53:10.8371323Z test_features_ignore_future_and_expire (test_complete_perp.CompletePerpTests.test_features_ignore_future_and_expire) ... ok
check	Compile and run offline checks	2026-10-03T04:53:10.8398589Z test_filters_only_block_new_longs_not_hold_or_reduction (test_complete_perp.CompletePerpTests.test_filters_only_block_new_longs_not_hold_or_reduction) ... ok
check	Compile and run offline checks	2026-10-03T04:53:10.8403387Z test_initial_fx_precedes_metric_and_daily_boundary_uses_boundary_fx (test_complete_perp.CompletePerpTests.test_initial_fx_precedes_metric_and_daily_boundary_uses_boundary_fx) ... ok
check	Compile and run offline checks	2026-10-03T04:53:10.9755125Z test_public_restore_includes_september_funding_without_price_extension (test_complete_perp.CompletePerpTests.test_public_restore_includes_september_funding_without_price_extension) ... ok
check	Compile and run offline checks	2026-10-03T04:53:10.9760749Z test_research_terminal_excludes_only_end_funding_and_never_executes (test_complete_perp.CompletePerpTests.test_research_terminal_excludes_only_end_funding_and_never_executes) ... ok
check	Compile and run offline checks	2026-10-03T04:53:10.9788575Z test_slow_trend_primary_priority_owned_stop_and_break (test_complete_perp.CompletePerpTests.test_slow_trend_primary_priority_owned_stop_and_break) ... ok
check	Compile and run offline checks	2026-10-03T04:53:10.9790320Z test_tail_recent_shock_reduces_fraction_without_other_knobs (test_complete_perp.CompletePerpTests.test_tail_recent_shock_reduces_fraction_without_other_knobs) ... ok
check	Compile and run offline checks	2026-10-03T04:53:10.9796701Z test_terminal_derivation_preserves_history_and_reconstructs_cash (test_complete_perp.CompletePerpTests.test_terminal_derivation_preserves_history_and_reconstructs_cash) ... ok
check	Compile and run offline checks	2026-10-03T04:53:11.0415730Z test_official_sparse_vintages_are_reconstructed_only_as_of_call (test_dfii10.DFII10Tests.test_official_sparse_vintages_are_reconstructed_only_as_of_call) ... ok
check	Compile and run offline checks	2026-10-03T04:53:11.0430472Z test_raw_response_is_stored_atomically_verified_and_repaired (test_dfii10.RawStoreTests.test_raw_response_is_stored_atomically_verified_and_repaired) ... ok
check	Compile and run offline checks	2026-10-03T04:53:11.0461565Z test_changed_columns_or_non_zip_answers_are_unknown_not_a_stale_value (test_dfii10.SourceFailureTests.test_changed_columns_or_non_zip_answers_are_unknown_not_a_stale_value) ... ok
check	Compile and run offline checks	2026-10-03T04:53:11.0538924Z test_failure_defers_retries_and_success_is_reused_for_fifteen_minutes (test_dfii10.SourceFailureTests.test_failure_defers_retries_and_success_is_reused_for_fifteen_minutes) ... ok
check	Compile and run offline checks	2026-10-03T04:53:11.0546876Z test_basis_before_at_and_current_utc_availability_date (test_edge_features.FeatureTests.test_basis_before_at_and_current_utc_availability_date) ... ok
check	Compile and run offline checks	2026-10-03T04:53:11.0563541Z test_coverage_is_recomputed_and_tracks_exact_jitter_gap (test_edge_features.FeatureTests.test_coverage_is_recomputed_and_tracks_exact_jitter_gap) ... ok
check	Compile and run offline checks	2026-10-03T04:53:11.0576594Z test_duplicate_json_keys_and_nonfinite_json_numbers_reject (test_edge_features.FeatureTests.test_duplicate_json_keys_and_nonfinite_json_numbers_reject) ... ok
check	Compile and run offline checks	2026-10-03T04:53:11.0582193Z test_empty_features_are_missing_never_zero (test_edge_features.FeatureTests.test_empty_features_are_missing_never_zero) ... ok
check	Compile and run offline checks	2026-10-03T04:53:11.0616464Z test_file_content_and_source_identity_checks (test_edge_features.FeatureTests.test_file_content_and_source_identity_checks) ... ok
check	Compile and run offline checks	2026-10-03T04:53:11.0622924Z test_frozen_window_blocks_valid_tail_and_before_window (test_edge_features.FeatureTests.test_frozen_window_blocks_valid_tail_and_before_window) ... ok
check	Compile and run offline checks	2026-10-03T04:53:11.0628853Z test_funding_before_at_and_exact_expiry_with_negative_rate (test_edge_features.FeatureTests.test_funding_before_at_and_exact_expiry_with_negative_rate) ... ok
check	Compile and run offline checks	2026-10-03T04:53:11.0641109Z test_future_tail_perturbation_cannot_change_prior_decisions (test_edge_features.FeatureTests.test_future_tail_perturbation_cannot_change_prior_decisions) ... ok
check	Compile and run offline checks	2026-10-03T04:53:11.0675260Z test_invalid_and_nonfinite_decimal_values (test_edge_features.FeatureTests.test_invalid_and_nonfinite_decimal_values) ... ok
check	Compile and run offline checks	2026-10-03T04:53:11.0694060Z test_invalid_container_shapes_reject (test_edge_features.FeatureTests.test_invalid_container_shapes_reject) ... ok
check	Compile and run offline checks	2026-10-03T04:53:11.0700077Z test_invalid_lookup_names_and_times_reject (test_edge_features.FeatureTests.test_invalid_lookup_names_and_times_reject) ... ok
check	Compile and run offline checks	2026-10-03T04:53:11.0775213Z test_invalid_time_lag_boundary_and_order_records (test_edge_features.FeatureTests.test_invalid_time_lag_boundary_and_order_records) ... ok
check	Compile and run offline checks	2026-10-03T04:53:11.0781323Z test_lookup_journal_binds_input_sources_and_missing_cause (test_edge_features.FeatureTests.test_lookup_journal_binds_input_sources_and_missing_cause) ... ok
check	Compile and run offline checks	2026-10-03T04:53:11.0787760Z test_missing_day_is_explicit_and_cannot_carry_yesterdays_basis (test_edge_features.FeatureTests.test_missing_day_is_explicit_and_cannot_carry_yesterdays_basis) ... ok
check	Compile and run offline checks	2026-10-03T04:53:11.0807679Z test_null_requires_cause_and_known_value_cannot_have_one (test_edge_features.FeatureTests.test_null_requires_cause_and_known_value_cannot_have_one) ... ok
check	Compile and run offline checks	2026-10-03T04:53:11.0812441Z test_registered_rules_are_finite_and_project_bound (test_edge_features.FeatureTests.test_registered_rules_are_finite_and_project_bound) ... ok
check	Compile and run offline checks	2026-10-03T04:53:11.0818281Z test_settlement_jitter_is_not_repaired_or_tolerated (test_edge_features.FeatureTests.test_settlement_jitter_is_not_repaired_or_tolerated) ... ok
check	Compile and run offline checks	2026-10-03T04:53:11.0842889Z test_actual_acquisition_stamps_retained_bytes_and_rejects_redirect (test_edge_forward.ForwardTests.test_actual_acquisition_stamps_retained_bytes_and_rejects_redirect) ... ok
check	Compile and run offline checks	2026-10-03T04:53:11.1683291Z test_atomic_failure_preserves_original_and_source_change_blocks (test_edge_forward.ForwardTests.test_atomic_failure_preserves_original_and_source_change_blocks) ... ok
check	Compile and run offline checks	2026-10-03T04:53:11.2125842Z test_backfill_duplicate_future_and_gap_rejections_leave_bytes_unchanged (test_edge_forward.ForwardTests.test_backfill_duplicate_future_and_gap_rejections_leave_bytes_unchanged) ... ok
check	Compile and run offline checks	2026-10-03T04:53:11.2127375Z test_bearish_ordinary_full_exit_restores_then_requires_fresh_cross (test_edge_forward.ForwardTests.test_bearish_ordinary_full_exit_restores_then_requires_fresh_cross) ... skipped 'Spot native full/partial ownership close'
check	Compile and run offline checks	2026-10-03T04:53:11.2318731Z test_coin_unplaceable_protection_rejects_model_size (test_edge_forward.ForwardTests.test_coin_unplaceable_protection_rejects_model_size) ... ok
check	Compile and run offline checks	2026-10-03T04:53:11.2320163Z test_complete_public_print_path_models_protection_with_exact_source (test_edge_forward.ForwardTests.test_complete_public_print_path_models_protection_with_exact_source) ... skipped 'trade-triggered spot stops only'
check	Compile and run offline checks	2026-10-03T04:53:11.2321770Z test_entry_day_prefill_wick_does_not_tighten_owned_stop (test_edge_forward.ForwardTests.test_entry_day_prefill_wick_does_not_tighten_owned_stop) ... skipped 'Spot fill-time-aware ownership'
check	Compile and run offline checks	2026-10-03T04:53:11.2333903Z test_funding_sign_no_past_cashflows_and_missing_is_not_zero (test_edge_forward.ForwardTests.test_funding_sign_no_past_cashflows_and_missing_is_not_zero) ... ok
check	Compile and run offline checks	2026-10-03T04:53:11.2434162Z test_initialization_is_actual_cold_start_and_exclusive (test_edge_forward.ForwardTests.test_initialization_is_actual_cold_start_and_exclusive) ... ok
check	Compile and run offline checks	2026-10-03T04:53:11.2518876Z test_macro_cap_binds_executable_entry_and_keeps_original_target (test_edge_forward.ForwardTests.test_macro_cap_binds_executable_entry_and_keeps_original_target) ... ok
check	Compile and run offline checks	2026-10-03T04:53:11.2605404Z test_macro_depth_and_minimum_limits_do_not_relabel_target (test_edge_forward.ForwardTests.test_macro_depth_and_minimum_limits_do_not_relabel_target) ... ok
check	Compile and run offline checks	2026-10-03T04:53:11.2689255Z test_macro_volatility_target_uses_higher_mark_not_entry_price (test_edge_forward.ForwardTests.test_macro_volatility_target_uses_higher_mark_not_entry_price) ... ok
check	Compile and run offline checks	2026-10-03T04:53:11.2868649Z test_missing_executable_depth_blocks_new_risk (test_edge_forward.ForwardTests.test_missing_executable_depth_blocks_new_risk) ... ok
check	Compile and run offline checks	2026-10-03T04:53:11.2870562Z test_partial_ordinary_exit_and_later_passive_exit_restore (test_edge_forward.ForwardTests.test_partial_ordinary_exit_and_later_passive_exit_restore) ... skipped 'Spot partial ownership and passive checkpoint'
check	Compile and run offline checks	2026-10-03T04:53:11.2955587Z test_primary_target_unchanged_and_fee_margin_limited_fill (test_edge_forward.ForwardTests.test_primary_target_unchanged_and_fee_margin_limited_fill) ... ok
check	Compile and run offline checks	2026-10-03T04:53:11.2957487Z test_prior_unresolved_span_blocks_later_local_passive_fill (test_edge_forward.ForwardTests.test_prior_unresolved_span_blocks_later_local_passive_fill) ... skipped 'Spot unresolved survival regression'
check	Compile and run offline checks	2026-10-03T04:53:11.3273503Z test_proposal_modeled_fill_fee_net_conservation_and_checkpoint (test_edge_forward.ForwardTests.test_proposal_modeled_fill_fee_net_conservation_and_checkpoint) ... ok
check	Compile and run offline checks	2026-10-03T04:53:11.3706909Z test_protective_ohlc_is_unknown_not_a_fabricated_stop_fill (test_edge_forward.ForwardTests.test_protective_ohlc_is_unknown_not_a_fabricated_stop_fill) ... ok
check	Compile and run offline checks	2026-10-03T04:53:11.3734656Z test_raw_alfred_vintage_parsing_and_future_rejection (test_edge_forward.ForwardTests.test_raw_alfred_vintage_parsing_and_future_rejection) ... ok
check	Compile and run offline checks	2026-10-03T04:53:11.3750096Z test_receipt_url_future_boundary_and_raw_tamper (test_edge_forward.ForwardTests.test_receipt_url_future_boundary_and_raw_tamper) ... ok
check	Compile and run offline checks	2026-10-03T04:53:11.3818674Z test_recomputed_checkpoint_tamper_and_missing_raw_are_rejected (test_edge_forward.ForwardTests.test_recomputed_checkpoint_tamper_and_missing_raw_are_rejected) ... ok
check	Compile and run offline checks	2026-10-03T04:53:11.4193225Z test_size_minimum_rounding_depth_and_no_topup (test_edge_forward.ForwardTests.test_size_minimum_rounding_depth_and_no_topup) ... ok
check	Compile and run offline checks	2026-10-03T04:53:11.4214428Z test_stale_and_nonfinite_book_rejected (test_edge_forward.ForwardTests.test_stale_and_nonfinite_book_rejected) ... ok
check	Compile and run offline checks	2026-10-03T04:53:11.4226245Z test_strict_json_numbers_and_duplicate_keys (test_edge_forward.ForwardTests.test_strict_json_numbers_and_duplicate_keys) ... ok
check	Compile and run offline checks	2026-10-03T04:53:11.4983659Z test_archive_metadata_equivalence_actual_protected_byte_rejection (test_edge_forward.SourceAndExportTests.test_archive_metadata_equivalence_actual_protected_byte_rejection) ... ok
check	Compile and run offline checks	2026-10-03T04:53:11.5659851Z test_executable_configuration_and_protocol_are_protected (test_edge_forward.SourceAndExportTests.test_executable_configuration_and_protocol_are_protected) ... ok
check	Compile and run offline checks	2026-10-03T04:53:11.6057629Z test_frozen_proof_exact_categories_records_and_adapter (test_edge_forward.SourceAndExportTests.test_frozen_proof_exact_categories_records_and_adapter) ... ok
check	Compile and run offline checks	2026-10-03T04:53:11.6268754Z test_checkpoint_rejects_extension_tampering_and_source_mismatch (test_edge_perp.EdgeTests.test_checkpoint_rejects_extension_tampering_and_source_mismatch) ... ok
check	Compile and run offline checks	2026-10-03T04:53:11.6280010Z test_cli_rejects_nonregistered_or_overwrite_before_measure (test_edge_perp.EdgeTests.test_cli_rejects_nonregistered_or_overwrite_before_measure) ... usage: python -m unittest [-h] [--market MARKET] [--prints PRINTS] [--fx FX]
check	Compile and run offline checks	2026-10-03T04:53:11.6281702Z                           --features FEATURES --out OUT [--limit LIMIT]
check	Compile and run offline checks	2026-10-03T04:53:11.6282489Z                           [--candidate {incumbent,quality-budget,cost-horizon,crowding-interaction}]
check	Compile and run offline checks	2026-10-03T04:53:11.6283229Z                           [--scenario {base,fees-x1.5,read-400ms,trigger-slip}]
check	Compile and run offline checks	2026-10-03T04:53:11.6283731Z                           [--combo COMBO]
check	Compile and run offline checks	2026-10-03T04:53:11.6284150Z                           [--risk-calibration RISK_CALIBRATION]
check	Compile and run offline checks	2026-10-03T04:53:11.6284582Z                           [--initial-cny INITIAL_CNY]
check	Compile and run offline checks	2026-10-03T04:53:11.6285009Z                           [--start-offset-ms {-60000,0,60000}]
check	Compile and run offline checks	2026-10-03T04:53:11.6285423Z                           [--restore-prints]
check	Compile and run offline checks	2026-10-03T04:53:11.6285984Z python -m unittest: error: incomplete smoke limit must be 1..795 and output under /tmp
check	Compile and run offline checks	2026-10-03T04:53:11.6287816Z usage: python -m unittest [-h] [--market MARKET] [--prints PRINTS] [--fx FX]
check	Compile and run offline checks	2026-10-03T04:53:11.6288539Z                           --features FEATURES --out OUT [--limit LIMIT]
check	Compile and run offline checks	2026-10-03T04:53:11.6289071Z                           [--candidate {incumbent,quality-budget,cost-horizon,crowding-interaction}]
check	Compile and run offline checks	2026-10-03T04:53:11.6289602Z                           [--scenario {base,fees-x1.5,read-400ms,trigger-slip}]
check	Compile and run offline checks	2026-10-03T04:53:11.6289958Z                           [--combo COMBO]
check	Compile and run offline checks	2026-10-03T04:53:11.6290261Z                           [--risk-calibration RISK_CALIBRATION]
check	Compile and run offline checks	2026-10-03T04:53:11.6290594Z                           [--initial-cny INITIAL_CNY]
check	Compile and run offline checks	2026-10-03T04:53:11.6290907Z                           [--start-offset-ms {-60000,0,60000}]
check	Compile and run offline checks	2026-10-03T04:53:11.6291214Z                           [--restore-prints]
check	Compile and run offline checks	2026-10-03T04:53:11.6291872Z python -m unittest: error: initial CNY must be registered 2500, 5000, 7500 or 10000
check	Compile and run offline checks	2026-10-03T04:53:11.6299812Z usage: python -m unittest [-h] [--market MARKET] [--prints PRINTS] [--fx FX]
check	Compile and run offline checks	2026-10-03T04:53:11.6300590Z                           --features FEATURES --out OUT [--limit LIMIT]
check	Compile and run offline checks	2026-10-03T04:53:11.6301940Z                           [--candidate {incumbent,quality-budget,cost-horizon,crowding-interaction}]
check	Compile and run offline checks	2026-10-03T04:53:11.6302777Z                           [--scenario {base,fees-x1.5,read-400ms,trigger-slip}]
check	Compile and run offline checks	2026-10-03T04:53:11.6303322Z                           [--combo COMBO]
check	Compile and run offline checks	2026-10-03T04:53:11.6303784Z                           [--risk-calibration RISK_CALIBRATION]
check	Compile and run offline checks	2026-10-03T04:53:11.6304289Z                           [--initial-cny INITIAL_CNY]
check	Compile and run offline checks	2026-10-03T04:53:11.6304766Z                           [--start-offset-ms {-60000,0,60000}]
check	Compile and run offline checks	2026-10-03T04:53:11.6305198Z                           [--restore-prints]
check	Compile and run offline checks	2026-10-03T04:53:11.6305661Z python -m unittest: error: capital/start diagnostics require one fixed candidate and base
check	Compile and run offline checks	2026-10-03T04:53:11.6306413Z usage: python -m unittest [-h] [--market MARKET] [--prints PRINTS] [--fx FX]
check	Compile and run offline checks	2026-10-03T04:53:11.6306856Z                           --features FEATURES --out OUT [--limit LIMIT]
check	Compile and run offline checks	2026-10-03T04:53:11.6307369Z                           [--candidate {incumbent,quality-budget,cost-horizon,crowding-interaction}]
check	Compile and run offline checks	2026-10-03T04:53:11.6307884Z                           [--scenario {base,fees-x1.5,read-400ms,trigger-slip}]
check	Compile and run offline checks	2026-10-03T04:53:11.6308237Z                           [--combo COMBO]
check	Compile and run offline checks	2026-10-03T04:53:11.6308697Z                           [--risk-calibration RISK_CALIBRATION]
check	Compile and run offline checks	2026-10-03T04:53:11.6309252Z                           [--initial-cny INITIAL_CNY]
check	Compile and run offline checks	2026-10-03T04:53:11.6309735Z                           [--start-offset-ms {-60000,0,60000}]
check	Compile and run offline checks	2026-10-03T04:53:11.6310210Z                           [--restore-prints]
check	Compile and run offline checks	2026-10-03T04:53:11.6310718Z python -m unittest: error: choose candidate or fixed combo
check	Compile and run offline checks	2026-10-03T04:53:11.6311537Z usage: python -m unittest [-h] [--market MARKET] [--prints PRINTS] [--fx FX]
check	Compile and run offline checks	2026-10-03T04:53:11.6312205Z                           --features FEATURES --out OUT [--limit LIMIT]
check	Compile and run offline checks	2026-10-03T04:53:11.6312974Z                           [--candidate {incumbent,quality-budget,cost-horizon,crowding-interaction}]
check	Compile and run offline checks	2026-10-03T04:53:11.6313786Z                           [--scenario {base,fees-x1.5,read-400ms,trigger-slip}]
check	Compile and run offline checks	2026-10-03T04:53:11.6314331Z                           [--combo COMBO]
check	Compile and run offline checks	2026-10-03T04:53:11.6314784Z                           [--risk-calibration RISK_CALIBRATION]
check	Compile and run offline checks	2026-10-03T04:53:11.6315269Z                           [--initial-cny INITIAL_CNY]
check	Compile and run offline checks	2026-10-03T04:53:11.6315585Z                           [--start-offset-ms {-60000,0,60000}]
check	Compile and run offline checks	2026-10-03T04:53:11.6315895Z                           [--restore-prints]
check	Compile and run offline checks	2026-10-03T04:53:11.6316234Z python -m unittest: error: never overwrite results or progress
check	Compile and run offline checks	2026-10-03T04:53:11.6316565Z ok
check	Compile and run offline checks	2026-10-03T04:53:11.6352848Z test_combo_reductions_multiply_and_components_reject_duplicates (test_edge_perp.EdgeTests.test_combo_reductions_multiply_and_components_reject_duplicates) ... ok
check	Compile and run offline checks	2026-10-03T04:53:11.6415804Z test_cost_exit_requires_actual_legal_decision_original_exits_win (test_edge_perp.EdgeTests.test_cost_exit_requires_actual_legal_decision_original_exits_win) ... ok
check	Compile and run offline checks	2026-10-03T04:53:11.6450486Z test_crowding_conjunction_equality_missing_and_independence (test_edge_perp.EdgeTests.test_crowding_conjunction_equality_missing_and_independence) ... ok
check	Compile and run offline checks	2026-10-03T04:53:11.6500268Z test_exact_project_calibration_schema (test_edge_perp.EdgeTests.test_exact_project_calibration_schema) ... ok
check	Compile and run offline checks	2026-10-03T04:53:11.6635544Z test_extension_crossed_bar_keeps_original_hold_and_roundtrips (test_edge_perp.EdgeTests.test_extension_crossed_bar_keeps_original_hold_and_roundtrips) ... ok
check	Compile and run offline checks	2026-10-03T04:53:11.6745543Z test_extension_only_actual_five_to_seven_days_once_and_protection_unchanged (test_edge_perp.EdgeTests.test_extension_only_actual_five_to_seven_days_once_and_protection_unchanged) ... ok
check	Compile and run offline checks	2026-10-03T04:53:11.8660450Z test_extension_session_is_registered_offset_bound_and_rejects_before_recovery (test_edge_perp.EdgeTests.test_extension_session_is_registered_offset_bound_and_rejects_before_recovery) ... ok
check	Compile and run offline checks	2026-10-03T04:53:11.8666772Z test_fixed_feature_artifact_pin_rejects_before_account_meter (test_edge_perp.EdgeTests.test_fixed_feature_artifact_pin_rejects_before_account_meter) ... ok
check	Compile and run offline checks	2026-10-03T04:53:11.8896984Z test_history_catchup_expired_and_stopped_cannot_extend (test_edge_perp.EdgeTests.test_history_catchup_expired_and_stopped_cannot_extend) ... ok
check	Compile and run offline checks	2026-10-03T04:53:11.8953427Z test_hooks_restore_on_exception (test_edge_perp.EdgeTests.test_hooks_restore_on_exception) ... ok
check	Compile and run offline checks	2026-10-03T04:53:12.0504444Z test_identity_and_checkpoint_reject_before_recovery_or_cleanup (test_edge_perp.EdgeTests.test_identity_and_checkpoint_reject_before_recovery_or_cleanup) ... ok
check	Compile and run offline checks	2026-10-03T04:53:12.4862335Z test_incumbent_retains_original_report_calls_clock_cash_and_checkpoint (test_edge_perp.EdgeTests.test_incumbent_retains_original_report_calls_clock_cash_and_checkpoint) ... ok
check	Compile and run offline checks	2026-10-03T04:53:12.4927323Z test_macro_cost_exit_has_no_primary_extension (test_edge_perp.EdgeTests.test_macro_cost_exit_has_no_primary_extension) ... ok
check	Compile and run offline checks	2026-10-03T04:53:12.4964232Z test_missing_quality_inputs_macro_and_short_are_unchanged (test_edge_perp.EdgeTests.test_missing_quality_inputs_macro_and_short_are_unchanged) ... ok
check	Compile and run offline checks	2026-10-03T04:53:12.5002809Z test_momentum_is_six_completed_intervals_and_trend_twenty_bars (test_edge_perp.EdgeTests.test_momentum_is_six_completed_intervals_and_trend_twenty_bars) ... ok
check	Compile and run offline checks	2026-10-03T04:53:12.7299416Z test_new_risk_scale_cutoff_zero_and_held_committed_topup (test_edge_perp.EdgeTests.test_new_risk_scale_cutoff_zero_and_held_committed_topup) ... ok
check	Compile and run offline checks	2026-10-03T04:53:12.9098592Z test_owned_cost_exit_runs_through_real_lifecycle_with_protection (test_edge_perp.EdgeTests.test_owned_cost_exit_runs_through_real_lifecycle_with_protection) ... ok
check	Compile and run offline checks	2026-10-03T04:53:12.9134808Z test_quality_immutable_trigger_mark_and_completed_history_boundaries (test_edge_perp.EdgeTests.test_quality_immutable_trigger_mark_and_completed_history_boundaries) ... ok
check	Compile and run offline checks	2026-10-03T04:53:13.0711898Z test_real_decision_journal_has_distinct_completion_clocks (test_edge_perp.EdgeTests.test_real_decision_journal_has_distinct_completion_clocks) ... ok
check	Compile and run offline checks	2026-10-03T04:53:13.0731313Z test_corrupt_vault_and_orphan_destination_fail_without_overwrite (test_edge_perp.PrintTests.test_corrupt_vault_and_orphan_destination_fail_without_overwrite) ... ok
check	Compile and run offline checks	2026-10-03T04:53:13.0745235Z test_foreign_packed_price_and_unknown_directory_are_rejected_untouched (test_edge_perp.PrintTests.test_foreign_packed_price_and_unknown_directory_are_rejected_untouched) ... ok
check	Compile and run offline checks	2026-10-03T04:53:13.0812152Z test_missing_day_eviction_preserves_owned_cache_and_vault (test_edge_perp.PrintTests.test_missing_day_eviction_preserves_owned_cache_and_vault) ... ok
check	Compile and run offline checks	2026-10-03T04:53:13.0848309Z test_owned_binary_is_verified_before_reuse_and_unknown_files_preserved (test_edge_perp.PrintTests.test_owned_binary_is_verified_before_reuse_and_unknown_files_preserved) ... ok
check	Compile and run offline checks	2026-10-03T04:53:13.0872758Z test_verified_vault_hash_receipt_and_eviction_leave_originals_unchanged (test_edge_perp.PrintTests.test_verified_vault_hash_receipt_and_eviction_leave_originals_unchanged) ... ok
check	Compile and run offline checks	2026-10-03T04:53:13.0874615Z test_capital_limit_must_be_a_positive_decimal_string (test_environment.EnvironmentTests.test_capital_limit_must_be_a_positive_decimal_string) ... ok
check	Compile and run offline checks	2026-10-03T04:53:13.0908759Z test_controlled_demo_writes_use_the_same_session_and_adapter (test_environment.EnvironmentTests.test_controlled_demo_writes_use_the_same_session_and_adapter) ... ok
check	Compile and run offline checks	2026-10-03T04:53:13.0922422Z test_demo_execute_without_trial_flags_stays_blocked_before_credentials (test_environment.EnvironmentTests.test_demo_execute_without_trial_flags_stays_blocked_before_credentials) ... ok
check	Compile and run offline checks	2026-10-03T04:53:13.0925000Z test_demo_reads_only_demo_hosts (test_environment.EnvironmentTests.test_demo_reads_only_demo_hosts) ... ok
check	Compile and run offline checks	2026-10-03T04:53:13.1065528Z test_demo_uses_its_own_credentials_and_state_scope (test_environment.EnvironmentTests.test_demo_uses_its_own_credentials_and_state_scope) ... ok
check	Compile and run offline checks	2026-10-03T04:53:13.1239860Z test_live_state_directory_refuses_a_demo_configuration (test_environment.EnvironmentTests.test_live_state_directory_refuses_a_demo_configuration) ... ok
check	Compile and run offline checks	2026-10-03T04:53:13.1273864Z test_live_trial_needs_reviewed_matching_demo_evidence (test_environment.EnvironmentTests.test_live_trial_needs_reviewed_matching_demo_evidence) ... ok
check	Compile and run offline checks	2026-10-03T04:53:13.1620448Z test_session_refuses_an_adapter_for_another_environment_or_limit (test_environment.EnvironmentTests.test_session_refuses_an_adapter_for_another_environment_or_limit) ... ok
check	Compile and run offline checks	2026-10-03T04:53:13.2702006Z test_an_absent_add_is_retired_only_while_the_position_is_unchanged (test_full_review.AbsentOrderRetirement.test_an_absent_add_is_retired_only_while_the_position_is_unchanged) ... ok
check	Compile and run offline checks	2026-10-03T04:53:13.3739501Z test_an_absent_entry_needs_a_flat_account (test_full_review.AbsentOrderRetirement.test_an_absent_entry_needs_a_flat_account) ... ok
check	Compile and run offline checks	2026-10-03T04:53:13.4845172Z test_an_absent_reduction_is_retired_even_with_a_position_and_never_reduces_more (test_full_review.AbsentOrderRetirement.test_an_absent_reduction_is_retired_even_with_a_position_and_never_reduces_more) ... ok
check	Compile and run offline checks	2026-10-03T04:53:13.4847639Z test_a_write_without_time_to_read_the_answer_is_never_sent (test_full_review.AdapterEdges.test_a_write_without_time_to_read_the_answer_is_never_sent) ... ok
check	Compile and run offline checks	2026-10-03T04:53:13.4850509Z test_algo_cancel_reply_with_string_code_200_is_accepted (test_full_review.AdapterEdges.test_algo_cancel_reply_with_string_code_200_is_accepted) ... ok
check	Compile and run offline checks	2026-10-03T04:53:13.4852722Z test_order_cancel_and_reduction_shapes_are_restricted_to_owned_market_reductions (test_full_review.AdapterEdges.test_order_cancel_and_reduction_shapes_are_restricted_to_owned_market_reductions) ... ok
check	Compile and run offline checks	2026-10-03T04:53:13.4856041Z test_slow_time_sample_does_not_set_the_offset_and_rate_limit_cools_down (test_full_review.AdapterEdges.test_slow_time_sample_does_not_set_the_offset_and_rate_limit_cools_down) ... ok
check	Compile and run offline checks	2026-10-03T04:53:13.4861788Z test_truncated_or_malformed_http_is_unknown_never_a_raw_exception (test_full_review.AdapterEdges.test_truncated_or_malformed_http_is_unknown_never_a_raw_exception) ... ok
check	Compile and run offline checks	2026-10-03T04:53:13.5895151Z test_failed_clock_sample_at_cleanup_does_not_skip_verification (test_full_review.CleanupBudgets.test_failed_clock_sample_at_cleanup_does_not_skip_verification) ... ok
check	Compile and run offline checks	2026-10-03T04:53:13.6988157Z test_recovery_fallback_reductions_reserve_their_own_observation_budget (test_full_review.CleanupBudgets.test_recovery_fallback_reductions_reserve_their_own_observation_budget) ... ok
check	Compile and run offline checks	2026-10-03T04:53:13.8013097Z test_signal_landing_inside_the_final_cleanup_is_retried_once (test_full_review.CleanupBudgets.test_signal_landing_inside_the_final_cleanup_is_retried_once) ... ok
check	Compile and run offline checks	2026-10-03T04:53:13.8014834Z test_relative_state_directory_is_refused (test_full_review.ConfigPath.test_relative_state_directory_is_refused) ... ok
check	Compile and run offline checks	2026-10-03T04:53:13.8614762Z test_interrupted_cold_start_still_consumes_the_macro_state (test_macro_input.MacroInputTests.test_interrupted_cold_start_still_consumes_the_macro_state) ... ok
check	Compile and run offline checks	2026-10-03T04:53:13.9625821Z test_macro_position_keeps_protection_without_dfii10 (test_macro_input.MacroInputTests.test_macro_position_keeps_protection_without_dfii10) ... ok
check	Compile and run offline checks	2026-10-03T04:53:14.0864602Z test_primary_exit_does_not_wait_for_dfii10 (test_macro_input.MacroInputTests.test_primary_exit_does_not_wait_for_dfii10) ... ok
check	Compile and run offline checks	2026-10-03T04:53:14.1909938Z test_missing_time_zone_data_fails_with_an_actionable_error (test_macro_input.SourceBudgetTests.test_missing_time_zone_data_fails_with_an_actionable_error) ... ok
check	Compile and run offline checks	2026-10-03T04:53:14.1915101Z test_reads_share_the_budget_and_failures_are_not_repeated_each_poll (test_macro_input.SourceBudgetTests.test_reads_share_the_budget_and_failures_are_not_repeated_each_poll) ... ok
check	Compile and run offline checks	2026-10-03T04:53:14.2186822Z test_a_distant_earlier_transfer_does_not_make_history_ambiguous (test_margin_intents.MarginIntentTests.test_a_distant_earlier_transfer_does_not_make_history_ambiguous) ... ok
check	Compile and run offline checks	2026-10-03T04:53:14.2471777Z test_a_margin_row_without_preparation_time_is_bounded_by_its_last_update (test_margin_intents.MarginIntentTests.test_a_margin_row_without_preparation_time_is_bounded_by_its_last_update) ... ok
check	Compile and run offline checks	2026-10-03T04:53:14.2718045Z test_absent_history_never_proves_the_transfer_failed (test_margin_intents.MarginIntentTests.test_absent_history_never_proves_the_transfer_failed) ... ok
check	Compile and run offline checks	2026-10-03T04:53:14.2963605Z test_acknowledged_transfer_survives_a_failed_readback (test_margin_intents.MarginIntentTests.test_acknowledged_transfer_survives_a_failed_readback) ... ok
check	Compile and run offline checks	2026-10-03T04:53:14.3200776Z test_ambiguous_history_stays_unknown (test_margin_intents.MarginIntentTests.test_ambiguous_history_stays_unknown) ... ok
check	Compile and run offline checks	2026-10-03T04:53:14.3446820Z test_amount_is_rounded_up_to_native_settlement_precision (test_margin_intents.MarginIntentTests.test_amount_is_rounded_up_to_native_settlement_precision) ... ok
check	Compile and run offline checks	2026-10-03T04:53:14.3706011Z test_an_earlier_equal_add_is_never_attributed_to_a_lost_one (test_margin_intents.MarginIntentTests.test_an_earlier_equal_add_is_never_attributed_to_a_lost_one) ... ok
check	Compile and run offline checks	2026-10-03T04:53:14.3960115Z test_lost_answer_is_settled_from_margin_history_only (test_margin_intents.MarginIntentTests.test_lost_answer_is_settled_from_margin_history_only) ... ok
check	Compile and run offline checks	2026-10-03T04:53:14.4175370Z test_documented_503_failures_are_terminal_and_other_503s_stay_unknown (test_margin_intents.WriteClassificationTests.test_documented_503_failures_are_terminal_and_other_503s_stay_unknown) ... ok
check	Compile and run offline checks	2026-10-03T04:53:14.4248175Z test_documented_native_rejection_is_terminal (test_margin_intents.WriteClassificationTests.test_documented_native_rejection_is_terminal) ... ok
check	Compile and run offline checks	2026-10-03T04:53:14.4318749Z test_expired_deadline_is_recorded_as_never_sent (test_margin_intents.WriteClassificationTests.test_expired_deadline_is_recorded_as_never_sent) ... ok
check	Compile and run offline checks	2026-10-03T04:53:14.4602177Z test_lost_add_cannot_be_declared_rejected_from_age_and_missing_query (test_margin_intents.WriteClassificationTests.test_lost_add_cannot_be_declared_rejected_from_age_and_missing_query) ... ok
check	Compile and run offline checks	2026-10-03T04:53:14.4845620Z test_margin_rejection_blocks_without_pending (test_margin_intents.WriteClassificationTests.test_margin_rejection_blocks_without_pending) ... ok
check	Compile and run offline checks	2026-10-03T04:53:14.4922780Z test_missing_order_without_a_preparation_time_or_past_retention_stays_unknown (test_margin_intents.WriteClassificationTests.test_missing_order_without_a_preparation_time_or_past_retention_stays_unknown) ... ok
check	Compile and run offline checks	2026-10-03T04:53:14.4979965Z test_numeric_margin_amount_is_parsed_exactly (test_margin_intents.WriteClassificationTests.test_numeric_margin_amount_is_parsed_exactly) ... ok
check	Compile and run offline checks	2026-10-03T04:53:14.5250989Z test_overloaded_add_does_not_block_the_exit_of_the_existing_position (test_margin_intents.WriteClassificationTests.test_overloaded_add_does_not_block_the_exit_of_the_existing_position) ... ok
check	Compile and run offline checks	2026-10-03T04:53:14.5312219Z test_read_rejections_remain_unknown (test_margin_intents.WriteClassificationTests.test_read_rejections_remain_unknown) ... ok
check	Compile and run offline checks	2026-10-03T04:53:14.5445171Z test_unknown_execution_codes_and_server_errors_stay_pending (test_margin_intents.WriteClassificationTests.test_unknown_execution_codes_and_server_errors_stay_pending) ... ok
check	Compile and run offline checks	2026-10-03T04:53:14.5447789Z test_flat_cash_drawdown_between_session_starts_is_recorded (test_meter_review.FlatValuationTests.test_flat_cash_drawdown_between_session_starts_is_recorded) ... ok
check	Compile and run offline checks	2026-10-03T04:53:14.5450253Z test_hold_across_a_missing_rate_loses_the_known_path (test_meter_review.FundingCoverageTests.test_hold_across_a_missing_rate_loses_the_known_path) ... ok
check	Compile and run offline checks	2026-10-03T04:53:14.5451981Z test_uncovered_settlement_time_is_a_gap_anywhere (test_meter_review.FundingCoverageTests.test_uncovered_settlement_time_is_a_gap_anywhere) ... ok
check	Compile and run offline checks	2026-10-03T04:53:14.5453503Z test_position_held_through_the_boundary_pays_it (test_meter_review.FundingOrderTests.test_position_held_through_the_boundary_pays_it) ... ok
check	Compile and run offline checks	2026-10-03T04:53:14.5456009Z test_stop_inside_the_minute_is_not_charged_the_boundary_settlement (test_meter_review.FundingOrderTests.test_stop_inside_the_minute_is_not_charged_the_boundary_settlement) ... ok
check	Compile and run offline checks	2026-10-03T04:53:14.5877826Z test_complete_run_writes_the_official_name (test_meter_review.TrialHygieneTests.test_complete_run_writes_the_official_name) ... ok
check	Compile and run offline checks	2026-10-03T04:53:14.6149524Z test_partial_run_never_writes_the_official_name (test_meter_review.TrialHygieneTests.test_partial_run_never_writes_the_official_name) ... ok
check	Compile and run offline checks	2026-10-03T04:53:14.6680952Z test_research_knobs_are_restored (test_meter_review.TrialHygieneTests.test_research_knobs_are_restored) ... ok
check	Compile and run offline checks	2026-10-03T04:53:14.6705551Z test_capital_limit_sizes_from_the_trial_capital_only (test_native_preview.NativePreviewTests.test_capital_limit_sizes_from_the_trial_capital_only) ... ok
check	Compile and run offline checks	2026-10-03T04:53:14.6707258Z test_liquidation_uses_supplied_closing_fee (test_native_preview.NativePreviewTests.test_liquidation_uses_supplied_closing_fee) ... ok
check	Compile and run offline checks	2026-10-03T04:53:14.6713499Z test_macro_parent_quantity_respects_three_percent_stop_budget (test_native_preview.NativePreviewTests.test_macro_parent_quantity_respects_three_percent_stop_budget) ... ok
check	Compile and run offline checks	2026-10-03T04:53:14.6728787Z test_native_inputs_use_identical_funding_function_without_consumption (test_native_preview.NativePreviewTests.test_native_inputs_use_identical_funding_function_without_consumption) ... ok
check	Compile and run offline checks	2026-10-03T04:53:14.6738417Z test_top_up_keeps_whole_position_inside_the_stop_budget (test_native_preview.NativePreviewTests.test_top_up_keeps_whole_position_inside_the_stop_budget) ... ok
check	Compile and run offline checks	2026-10-03T04:53:14.6750962Z test_unknown_collateral_book_or_account_blocks (test_native_preview.NativePreviewTests.test_unknown_collateral_book_or_account_blocks) ... ok
check	Compile and run offline checks	2026-10-03T04:53:14.6753121Z test_downward_impulse_is_symmetric (test_opportunities.OpportunityTests.test_downward_impulse_is_symmetric) ... ok
check	Compile and run offline checks	2026-10-03T04:53:14.6755089Z test_impulse_uses_prior_volatility_and_midpoint_stop (test_opportunities.OpportunityTests.test_impulse_uses_prior_volatility_and_midpoint_stop) ... ok
check	Compile and run offline checks	2026-10-03T04:53:14.6756623Z test_missing_bar_fails_closed (test_opportunities.OpportunityTests.test_missing_bar_fails_closed) ... ok
check	Compile and run offline checks	2026-10-03T04:53:14.6760939Z test_prefix_cannot_depend_on_future_or_rewrite_objects (test_opportunities.OpportunityTests.test_prefix_cannot_depend_on_future_or_rewrite_objects) ... ok
check	Compile and run offline checks	2026-10-03T04:53:14.6765634Z test_stop_and_expiry_retire_the_campaign (test_opportunities.OpportunityTests.test_stop_and_expiry_retire_the_campaign) ... ok
check	Compile and run offline checks	2026-10-03T04:53:14.6930728Z test_definitive_absence_reconciles_flat_but_legacy_absence_does_not (test_ownership.AbsentEntryOwnership.test_definitive_absence_reconciles_flat_but_legacy_absence_does_not) ... ok
check	Compile and run offline checks	2026-10-03T04:53:14.7004626Z test_late_fill_after_definitive_absence_fails_closed (test_ownership.AbsentEntryOwnership.test_late_fill_after_definitive_absence_fails_closed) ... ok
check	Compile and run offline checks	2026-10-03T04:53:14.7078688Z test_cumulative_fill_cannot_regress (test_ownership.OwnershipTests.test_cumulative_fill_cannot_regress) ... ok
check	Compile and run offline checks	2026-10-03T04:53:14.7221822Z test_external_fill_or_position_mismatch_never_guesses_owner (test_ownership.OwnershipTests.test_external_fill_or_position_mismatch_never_guesses_owner) ... ok
check	Compile and run offline checks	2026-10-03T04:53:14.7291636Z test_history_older_than_three_months_is_not_inferred (test_ownership.OwnershipTests.test_history_older_than_three_months_is_not_inferred) ... ok
check	Compile and run offline checks	2026-10-03T04:53:14.7389306Z test_late_partial_fill_binds_once_and_exposes_unprotected_remainder (test_ownership.OwnershipTests.test_late_partial_fill_binds_once_and_exposes_unprotected_remainder) ... ok
check	Compile and run offline checks	2026-10-03T04:53:14.7446607Z test_lost_journal_cannot_assign_an_existing_position (test_ownership.OwnershipTests.test_lost_journal_cannot_assign_an_existing_position) ... ok
check	Compile and run offline checks	2026-10-03T04:53:14.7562664Z test_protective_fill_preserves_consumption_after_flat_recovery (test_ownership.OwnershipTests.test_protective_fill_preserves_consumption_after_flat_recovery) ... ok
check	Compile and run offline checks	2026-10-03T04:53:14.7657319Z test_rejected_reduction_has_no_native_order_to_query (test_ownership.OwnershipTests.test_rejected_reduction_has_no_native_order_to_query) ... ok
check	Compile and run offline checks	2026-10-03T04:53:14.7660081Z test_mismatched_source_input_and_undeclared_risk_are_rejected (test_path_analysis.PathAnalysisTests.test_mismatched_source_input_and_undeclared_risk_are_rejected) ... ok
check	Compile and run offline checks	2026-10-03T04:53:14.7662247Z test_more_fees_cannot_improve_the_fixed_fill_attribution (test_path_analysis.PathAnalysisTests.test_more_fees_cannot_improve_the_fixed_fill_attribution) ... ok
check	Compile and run offline checks	2026-10-03T04:53:14.7756128Z test_archive_does_not_hide_unobserved_retention_gap (test_pr43.HistoryArchiveTests.test_archive_does_not_hide_unobserved_retention_gap) ... ok
check	Compile and run offline checks	2026-10-03T04:53:14.7842479Z test_changed_archived_fill_blocks_and_keeps_prior_coverage (test_pr43.HistoryArchiveTests.test_changed_archived_fill_blocks_and_keeps_prior_coverage) ... ok
check	Compile and run offline checks	2026-10-03T04:53:14.7851990Z test_nonadvancing_id_page_is_not_accepted_as_complete (test_pr43.HistoryArchiveTests.test_nonadvancing_id_page_is_not_accepted_as_complete) ... ok
check	Compile and run offline checks	2026-10-03T04:53:14.7860079Z test_truncated_id_history_cannot_hide_full_time_page (test_pr43.HistoryArchiveTests.test_truncated_id_history_cannot_hide_full_time_page) ... ok
check	Compile and run offline checks	2026-10-03T04:53:14.7987547Z test_verified_archive_recovers_old_entry_without_expired_native_order (test_pr43.HistoryArchiveTests.test_verified_archive_recovers_old_entry_without_expired_native_order) ... ok
check	Compile and run offline checks	2026-10-03T04:53:14.8188489Z test_income_pagination_and_duplicate_page_fail_closed (test_pr43.IncomeAuditTests.test_income_pagination_and_duplicate_page_fail_closed) ... ok
check	Compile and run offline checks	2026-10-03T04:53:14.8255075Z test_missing_income_coverage_is_not_filled_with_zero_cashflows (test_pr43.IncomeAuditTests.test_missing_income_coverage_is_not_filled_with_zero_cashflows) ... ok
check	Compile and run offline checks	2026-10-03T04:53:14.8328798Z test_native_signed_funding_fees_and_same_id_types_are_retained (test_pr43.IncomeAuditTests.test_native_signed_funding_fees_and_same_id_types_are_retained) ... ok
check	Compile and run offline checks	2026-10-03T04:53:14.9678270Z test_cashflow_audit_outage_blocks_entry_but_not_verified_exit (test_pr43.ReviewRegressions.test_cashflow_audit_outage_blocks_entry_but_not_verified_exit) ... ok
check	Compile and run offline checks	2026-10-03T04:53:15.0612740Z test_changed_owned_protection_does_not_pass_aggregate_geometry (test_pr43.ReviewRegressions.test_changed_owned_protection_does_not_pass_aggregate_geometry) ... ok
check	Compile and run offline checks	2026-10-03T04:53:15.1450484Z test_disconnect_during_final_wait_clears_previous_observation (test_pr43.ReviewRegressions.test_disconnect_during_final_wait_clears_previous_observation) ... ok
check	Compile and run offline checks	2026-10-03T04:53:15.2405333Z test_external_protection_cannot_make_cleanup_verified (test_pr43.ReviewRegressions.test_external_protection_cannot_make_cleanup_verified) ... ok
check	Compile and run offline checks	2026-10-03T04:53:15.2758006Z test_full_recent_window_is_a_cursor_not_complete_history (test_pr43.ReviewRegressions.test_full_recent_window_is_a_cursor_not_complete_history) ... ok
check	Compile and run offline checks	2026-10-03T04:53:15.5628738Z test_more_than_1000_same_millisecond_fills_reconcile_and_protect (test_pr43.ReviewRegressions.test_more_than_1000_same_millisecond_fills_reconcile_and_protect) ... ok
check	Compile and run offline checks	2026-10-03T04:53:15.7109484Z test_restart_finishes_interrupted_owned_protection_replacement (test_pr43.ReviewRegressions.test_restart_finishes_interrupted_owned_protection_replacement) ... ok
check	Compile and run offline checks	2026-10-03T04:53:15.8068406Z test_unknown_observations_are_retained_without_stale_equity (test_pr43.ReviewRegressions.test_unknown_observations_are_retained_without_stale_equity) ... ok
check	Compile and run offline checks	2026-10-03T04:53:15.8600712Z test_external_close_and_equal_manual_reopen_is_never_touched (test_reaudit.ReauditTests.test_external_close_and_equal_manual_reopen_is_never_touched) ... ok
check	Compile and run offline checks	2026-10-03T04:53:15.9095881Z test_external_reopen_is_not_adopted_on_the_trade_id_proof (test_reaudit.ReauditTests.test_external_reopen_is_not_adopted_on_the_trade_id_proof) ... ok
check	Compile and run offline checks	2026-10-03T04:53:15.9642560Z test_failed_protection_never_reduces_a_manual_fill_that_arrived_between_legs (test_reaudit.ReauditTests.test_failed_protection_never_reduces_a_manual_fill_that_arrived_between_legs) ... ok
check	Compile and run offline checks	2026-10-03T04:53:16.1139694Z test_fill_proof_after_a_week_without_trades_uses_the_flat_time_boundary (test_reaudit.ReauditTests.test_fill_proof_after_a_week_without_trades_uses_the_flat_time_boundary) ... ok
check	Compile and run offline checks	2026-10-03T04:53:16.1745542Z test_manual_position_after_restart_is_not_adopted_during_a_history_outage (test_reaudit.ReauditTests.test_manual_position_after_restart_is_not_adopted_during_a_history_outage) ... ok
check	Compile and run offline checks	2026-10-03T04:53:17.1036084Z test_owned_fill_is_protected_or_reduced_within_the_reserved_budget_under_latency (test_reaudit.ReauditTests.test_owned_fill_is_protected_or_reduced_within_the_reserved_budget_under_latency) ... ok
check	Compile and run offline checks	2026-10-03T04:53:17.2158412Z test_unknown_protection_does_not_block_a_later_safe_reduction (test_reaudit.ReauditTests.test_unknown_protection_does_not_block_a_later_safe_reduction) ... ok
check	Compile and run offline checks	2026-10-03T04:53:17.2803642Z test_interrupted_publication_leaves_no_partial_result_named_current (test_rebuild_safety.EvidenceProtection.test_interrupted_publication_leaves_no_partial_result_named_current) ... ok
check	Compile and run offline checks	2026-10-03T04:53:17.2931914Z test_partial_results_never_enter_the_evidence_directory (test_rebuild_safety.EvidenceProtection.test_partial_results_never_enter_the_evidence_directory) ... ok
check	Compile and run offline checks	2026-10-03T04:53:17.3321979Z test_refusal_happens_before_the_meter_runs (test_rebuild_safety.EvidenceProtection.test_refusal_happens_before_the_meter_runs) ... ok
check	Compile and run offline checks	2026-10-03T04:53:17.3975419Z test_same_name_needs_explicit_overwrite_and_keeps_the_original (test_rebuild_safety.EvidenceProtection.test_same_name_needs_explicit_overwrite_and_keeps_the_original) ... ok
check	Compile and run offline checks	2026-10-03T04:53:17.4246628Z test_unresolved_count_uses_the_session_report_field (test_rebuild_safety.EvidenceProtection.test_unresolved_count_uses_the_session_report_field) ... ok
check	Compile and run offline checks	2026-10-03T04:53:17.4248271Z test_default_state_is_unique_per_run (test_rebuild_safety.StateOwnership.test_default_state_is_unique_per_run) ... ok
check	Compile and run offline checks	2026-10-03T04:53:17.4256019Z test_invalid_name_with_explicit_state_removes_nothing (test_rebuild_safety.StateOwnership.test_invalid_name_with_explicit_state_removes_nothing) ... ok
check	Compile and run offline checks	2026-10-03T04:53:17.4656704Z test_own_stale_directory_is_replaced_but_a_live_owner_is_not (test_rebuild_safety.StateOwnership.test_own_stale_directory_is_replaced_but_a_live_owner_is_not) ... ok
check	Compile and run offline checks	2026-10-03T04:53:17.4898299Z test_symbolic_links_are_refused (test_rebuild_safety.StateOwnership.test_symbolic_links_are_refused) ... ok
check	Compile and run offline checks	2026-10-03T04:53:17.5134975Z test_unmarked_directories_are_refused_and_left_untouched (test_rebuild_safety.StateOwnership.test_unmarked_directories_are_refused_and_left_untouched) ... ok
check	Compile and run offline checks	2026-10-03T04:53:17.5975663Z test_history_outage_after_owned_fill_still_installs_protection (test_recovery_gaps.RecoveryGapTests.test_history_outage_after_owned_fill_still_installs_protection) ... ok
check	Compile and run offline checks	2026-10-03T04:53:17.7109154Z test_late_query_missing_does_not_orphan_filled_add (test_recovery_gaps.RecoveryGapTests.test_late_query_missing_does_not_orphan_filled_add) ... ok
check	Compile and run offline checks	2026-10-03T04:53:17.8254349Z test_protection_lost_during_margin_transfer_blocks_the_add (test_recovery_gaps.RecoveryGapTests.test_protection_lost_during_margin_transfer_blocks_the_add) ... ok
check	Compile and run offline checks	2026-10-03T04:53:17.8526012Z test_locally_refused_protection_is_retried_under_the_same_identity (test_rejected_intents.RejectedIntentTests.test_locally_refused_protection_is_retried_under_the_same_identity) ... ok
check	Compile and run offline checks	2026-10-03T04:53:17.8772952Z test_refused_cancel_is_left_to_the_target_state (test_rejected_intents.RejectedIntentTests.test_refused_cancel_is_left_to_the_target_state) ... ok
check	Compile and run offline checks	2026-10-03T04:53:17.9015347Z test_rejected_entry_is_never_prepared_again (test_rejected_intents.RejectedIntentTests.test_rejected_entry_is_never_prepared_again) ... ok
check	Compile and run offline checks	2026-10-03T04:53:17.9258081Z test_unknown_protection_is_never_resent (test_rejected_intents.RejectedIntentTests.test_unknown_protection_is_never_resent) ... ok
check	Compile and run offline checks	2026-10-03T04:53:17.9505586Z test_ambiguous_initial_wallet_boundary_blocks_risk (test_review_followup.ReviewFollowup.test_ambiguous_initial_wallet_boundary_blocks_risk) ... ok
check	Compile and run offline checks	2026-10-03T04:53:18.1250131Z test_failed_amendment_preserves_old_pair_but_does_not_block_owned_exit (test_review_followup.ReviewFollowup.test_failed_amendment_preserves_old_pair_but_does_not_block_owned_exit) ... ok
check	Compile and run offline checks	2026-10-03T04:53:18.1318996Z test_foreign_live_writer_refusal_does_not_change_state (test_review_followup.ReviewFollowup.test_foreign_live_writer_refusal_does_not_change_state) ... ok
check	Compile and run offline checks	2026-10-03T04:53:18.1607740Z test_preanchor_late_income_is_not_new_income (test_review_followup.ReviewFollowup.test_preanchor_late_income_is_not_new_income) ... ok
check	Compile and run offline checks	2026-10-03T04:53:18.2368866Z test_session_backup_rotates_and_failure_keeps_original (test_review_followup.ReviewFollowup.test_session_backup_rotates_and_failure_keeps_original) ... ok
check	Compile and run offline checks	2026-10-03T04:53:18.2373850Z test_adoption_needs_both_splits_and_a_real_margin (test_robustness.AnalysisTests.test_adoption_needs_both_splits_and_a_real_margin) ... ok
check	Compile and run offline checks	2026-10-03T04:53:18.2376807Z test_deflated_sharpe_falls_with_more_trials (test_robustness.AnalysisTests.test_deflated_sharpe_falls_with_more_trials) ... ok
check	Compile and run offline checks	2026-10-03T04:53:18.2378271Z test_growth_is_the_geometric_mean_of_block_growth (test_robustness.AnalysisTests.test_growth_is_the_geometric_mean_of_block_growth) ... ok
check	Compile and run offline checks	2026-10-03T04:53:18.3490272Z test_a_block_uses_only_its_frozen_sessions_and_never_the_official_name (test_robustness.BlockTests.test_a_block_uses_only_its_frozen_sessions_and_never_the_official_name) ... /opt/hostedtoolcache/Python/3.13.15/x64/lib/python3.13/_strptime.py:521: ResourceWarning: unclosed database in <sqlite3.Connection object at 0x7fc43d73cd60>
check	Compile and run offline checks	2026-10-03T04:53:18.3492044Z   for index, arg in enumerate([data_string, format]):
check	Compile and run offline checks	2026-10-03T04:53:18.3492597Z ResourceWarning: Enable tracemalloc to get the object allocation traceback
check	Compile and run offline checks	2026-10-03T04:53:18.3493642Z /opt/hostedtoolcache/Python/3.13.15/x64/lib/python3.13/_strptime.py:521: ResourceWarning: unclosed database in <sqlite3.Connection object at 0x7fc43d3f32e0>
check	Compile and run offline checks	2026-10-03T04:53:18.3494482Z   for index, arg in enumerate([data_string, format]):
check	Compile and run offline checks	2026-10-03T04:53:18.3494894Z ResourceWarning: Enable tracemalloc to get the object allocation traceback
check	Compile and run offline checks	2026-10-03T04:53:18.3658901Z ok
check	Compile and run offline checks	2026-10-03T04:53:18.3779000Z test_a_window_outside_the_frozen_range_is_refused (test_robustness.BlockTests.test_a_window_outside_the_frozen_range_is_refused) ... ok
check	Compile and run offline checks	2026-10-03T04:53:18.4166842Z test_knobs_apply_and_are_restored (test_robustness.BlockTests.test_knobs_apply_and_are_restored) ... ok
check	Compile and run offline checks	2026-10-03T04:53:18.4168270Z test_missing_prints_fall_back_to_the_official_mark_minute (test_robustness.FinalMarkTests.test_missing_prints_fall_back_to_the_official_mark_minute) ... ok
check	Compile and run offline checks	2026-10-03T04:53:18.4170132Z test_atr_window_and_impulse_threshold (test_robustness.KnobTests.test_atr_window_and_impulse_threshold) ... ok
check	Compile and run offline checks	2026-10-03T04:53:18.4191693Z test_defaults_are_the_frozen_model (test_robustness.KnobTests.test_defaults_are_the_frozen_model) ... ok
check	Compile and run offline checks	2026-10-03T04:53:18.4192835Z test_life_bars (test_robustness.KnobTests.test_life_bars) ... ok
check	Compile and run offline checks	2026-10-03T04:53:18.4193548Z test_retrace_moves_the_stop (test_robustness.KnobTests.test_retrace_moves_the_stop) ... ok
check	Compile and run offline checks	2026-10-03T04:53:18.4194886Z test_a_failing_stress_vetoes_the_chosen_value_but_missing_stress_does_not (test_robustness.RiskSelectionTests.test_a_failing_stress_vetoes_the_chosen_value_but_missing_stress_does_not) ... ok
check	Compile and run offline checks	2026-10-03T04:53:18.4196578Z test_isolated_point_is_a_spike_and_nothing_qualifying_keeps_six (test_robustness.RiskSelectionTests.test_isolated_point_is_a_spike_and_nothing_qualifying_keeps_six) ... ok
check	Compile and run offline checks	2026-10-03T04:53:18.4197939Z test_plateau_and_buffer_decide (test_robustness.RiskSelectionTests.test_plateau_and_buffer_decide) ... ok
check	Compile and run offline checks	2026-10-03T04:53:18.4198781Z test_update_time_moves_only_when_the_account_changes (test_robustness.UpdateTimeTests.test_update_time_moves_only_when_the_account_changes) ... ok
check	Compile and run offline checks	2026-10-03T04:53:18.4692390Z test_cancel_timeout_does_not_get_new_identity_on_each_poll (test_session.SessionTests.test_cancel_timeout_does_not_get_new_identity_on_each_poll) ... ok
check	Compile and run offline checks	2026-10-03T04:53:18.8784482Z test_complete_native_tape_replays_identical_requests_and_decisions (test_session.SessionTests.test_complete_native_tape_replays_identical_requests_and_decisions) ... ok
check	Compile and run offline checks	2026-10-03T04:53:18.9029217Z test_config_has_one_schema_and_bounded_time (test_session.SessionTests.test_config_has_one_schema_and_bounded_time) ... ok
check	Compile and run offline checks	2026-10-03T04:53:18.9427274Z test_deadline_during_preflight_prevents_new_entry (test_session.SessionTests.test_deadline_during_preflight_prevents_new_entry) ... ok
check	Compile and run offline checks	2026-10-03T04:53:19.0392756Z test_disconnection_never_infers_flat_or_successful_cleanup (test_session.SessionTests.test_disconnection_never_infers_flat_or_successful_cleanup) ... ok
check	Compile and run offline checks	2026-10-03T04:53:19.1423238Z test_external_fill_prevents_strategy_or_cleanup_position_changes (test_session.SessionTests.test_external_fill_prevents_strategy_or_cleanup_position_changes) ... ok
check	Compile and run offline checks	2026-10-03T04:53:19.2034564Z test_failed_protection_attempts_reduce_only_and_reports_unknown (test_session.SessionTests.test_failed_protection_attempts_reduce_only_and_reports_unknown) ... ok
check	Compile and run offline checks	2026-10-03T04:53:19.3062166Z test_finite_long_entry_hold_and_offline_protection (test_session.SessionTests.test_finite_long_entry_hold_and_offline_protection) ... ok
check	Compile and run offline checks	2026-10-03T04:53:19.3958627Z test_keyboard_interrupt_finishes_owned_protection (test_session.SessionTests.test_keyboard_interrupt_finishes_owned_protection) ... ok
check	Compile and run offline checks	2026-10-03T04:53:19.5123443Z test_later_session_never_tops_up_an_earlier_entry (test_session.SessionTests.test_later_session_never_tops_up_an_earlier_entry) ... ok
check	Compile and run offline checks	2026-10-03T04:53:19.6258953Z test_lost_active_stop_readback_resumes_missing_take_after_restart (test_session.SessionTests.test_lost_active_stop_readback_resumes_missing_take_after_restart) ... ok
check	Compile and run offline checks	2026-10-03T04:53:19.7788824Z test_macro_entry_restart_and_false_state_reduce_same_owned_position (test_session.SessionTests.test_macro_entry_restart_and_false_state_reduce_same_owned_position) ... ok
check	Compile and run offline checks	2026-10-03T04:53:19.8664309Z test_margin_transfer_past_the_deadline_sends_no_add (test_session.SessionTests.test_margin_transfer_past_the_deadline_sends_no_add) ... ok
check	Compile and run offline checks	2026-10-03T04:53:19.9346076Z test_negative_impulse_does_not_enter_in_promoted_long_only_model (test_session.SessionTests.test_negative_impulse_does_not_enter_in_promoted_long_only_model) ... ok
check	Compile and run offline checks	2026-10-03T04:53:20.0606487Z test_partial_fill_protects_actual_size_then_tops_up_under_same_protection (test_session.SessionTests.test_partial_fill_protects_actual_size_then_tops_up_under_same_protection) ... ok
check	Compile and run offline checks	2026-10-03T04:53:20.1971892Z test_protection_amendment_keeps_old_until_new_pair_confirmed (test_session.SessionTests.test_protection_amendment_keeps_old_until_new_pair_confirmed) ... ok
check	Compile and run offline checks	2026-10-03T04:53:20.2433958Z test_read_only_runs_repeatedly_without_orders (test_session.SessionTests.test_read_only_runs_repeatedly_without_orders) ... ok
check	Compile and run offline checks	2026-10-03T04:53:20.3572726Z test_real_transport_and_budget_complete_entry_protection_and_cleanup (test_session.SessionTests.test_real_transport_and_budget_complete_entry_protection_and_cleanup) ... ok
check	Compile and run offline checks	2026-10-03T04:53:20.4690172Z test_restart_retains_position_and_does_not_reenter (test_session.SessionTests.test_restart_retains_position_and_does_not_reenter) ... ok
check	Compile and run offline checks	2026-10-03T04:53:20.6275000Z test_retired_protection_history_can_expire_without_blocking_position (test_session.SessionTests.test_retired_protection_history_can_expire_without_blocking_position) ... ok
check	Compile and run offline checks	2026-10-03T04:53:20.7836309Z test_signal_expiry_closes_without_same_cycle_reversal (test_session.SessionTests.test_signal_expiry_closes_without_same_cycle_reversal) ... ok
check	Compile and run offline checks	2026-10-03T04:53:20.9791462Z test_stale_mark_time_cannot_mix_previous_exit_with_new_entry (test_session.SessionTests.test_stale_mark_time_cannot_mix_previous_exit_with_new_entry) ... ok
check	Compile and run offline checks	2026-10-03T04:53:21.1106923Z test_terminal_partial_exit_reduces_only_remaining_on_next_cycle (test_session.SessionTests.test_terminal_partial_exit_reduces_only_remaining_on_next_cycle) ... ok
check	Compile and run offline checks	2026-10-03T04:53:21.2145649Z test_timeout_after_fill_recovers_without_duplicate (test_session.SessionTests.test_timeout_after_fill_recovers_without_duplicate) ... ok
check	Compile and run offline checks	2026-10-03T04:53:21.3086357Z test_unavailable_cashflow_audit_blocks_top_up_before_it_is_sent (test_session.SessionTests.test_unavailable_cashflow_audit_blocks_top_up_before_it_is_sent) ... ok
check	Compile and run offline checks	2026-10-03T04:53:21.3643669Z test_unknown_entry_never_resends_even_after_restart (test_session.SessionTests.test_unknown_entry_never_resends_even_after_restart) ... ok
check	Compile and run offline checks	2026-10-03T04:53:21.4669575Z test_unsent_exit_can_shrink_after_native_protection_reduction (test_session.SessionTests.test_unsent_exit_can_shrink_after_native_protection_reduction) ... ok
check	Compile and run offline checks	2026-10-03T04:53:21.5975661Z test_verified_flat_finalizes_abandoned_replacement_journal (test_session.SessionTests.test_verified_flat_finalizes_abandoned_replacement_journal) ... ok
check	Compile and run offline checks	2026-10-03T04:53:21.7483972Z test_zero_fill_retries_archive_terminal_entries (test_session.SessionTests.test_zero_fill_retries_archive_terminal_entries) ... ok
check	Compile and run offline checks	2026-10-03T04:53:21.7486467Z test_intraminute_high_before_a_fall_is_a_peak (test_session_history.EnvelopePeakTests.test_intraminute_high_before_a_fall_is_a_peak) ... ok
check	Compile and run offline checks	2026-10-03T04:53:21.7490063Z test_missing_mark_minute_forfeits_the_isolated_wallet_or_flags_hindsight (test_session_history.EnvelopePeakTests.test_missing_mark_minute_forfeits_the_isolated_wallet_or_flags_hindsight) ... ok
check	Compile and run offline checks	2026-10-03T04:53:21.7503538Z test_fill_after_funding_settlement_pays_no_funding (test_session_history.IntraminuteEventTests.test_fill_after_funding_settlement_pays_no_funding) ... ok
check	Compile and run offline checks	2026-10-03T04:53:21.7511620Z test_funding_without_its_official_mark_is_unknown_not_the_entry_price (test_session_history.IntraminuteEventTests.test_funding_without_its_official_mark_is_unknown_not_the_entry_price) ... ok
check	Compile and run offline checks	2026-10-03T04:53:21.7522102Z test_overlapping_replacement_stops_fire_the_more_protective_leg (test_session_history.IntraminuteEventTests.test_overlapping_replacement_stops_fire_the_more_protective_leg) ... ok
check	Compile and run offline checks	2026-10-03T04:53:21.7557576Z test_print_path_drawdown_does_not_depend_on_polling_steps (test_session_history.IntraminuteEventTests.test_print_path_drawdown_does_not_depend_on_polling_steps) ... ok
check	Compile and run offline checks	2026-10-03T04:53:21.7567932Z test_print_path_peak_counts_before_the_stop (test_session_history.IntraminuteEventTests.test_print_path_peak_counts_before_the_stop) ... ok
check	Compile and run offline checks	2026-10-03T04:53:21.7579092Z test_protection_that_would_trigger_immediately_and_bad_margin_are_refused_natively (test_session_history.IntraminuteEventTests.test_protection_that_would_trigger_immediately_and_bad_margin_are_refused_natively) ... ok
check	Compile and run offline checks	2026-10-03T04:53:21.7588494Z test_stop_found_while_settling_an_add_drops_the_rest (test_session_history.IntraminuteEventTests.test_stop_found_while_settling_an_add_drops_the_rest) ... ok
check	Compile and run offline checks	2026-10-03T04:53:21.7598692Z test_stop_inside_the_minute_precedes_a_later_client_close (test_session_history.IntraminuteEventTests.test_stop_inside_the_minute_precedes_a_later_client_close) ... ok
check	Compile and run offline checks	2026-10-03T04:53:21.7601943Z test_unordered_official_minute_applies_the_adverse_stop_before_a_close (test_session_history.IntraminuteEventTests.test_unordered_official_minute_applies_the_adverse_stop_before_a_close) ... ok
check	Compile and run offline checks	2026-10-03T04:53:21.8895327Z test_cold_start_consumes_the_already_active_impulse (test_session_history.SessionHistoryTests.test_cold_start_consumes_the_already_active_impulse) ... ok
check	Compile and run offline checks	2026-10-03T04:53:22.0403146Z test_exchange_stop_between_sessions_is_not_a_client_order (test_session_history.SessionHistoryTests.test_exchange_stop_between_sessions_is_not_a_client_order) ... ok
check	Compile and run offline checks	2026-10-03T04:53:22.0417546Z test_ioc_fill_is_booked_at_its_print_and_answered_after_the_window (test_session_history.SessionHistoryTests.test_ioc_fill_is_booked_at_its_print_and_answered_after_the_window) ... ok
check	Compile and run offline checks	2026-10-03T04:53:22.0588759Z test_missing_prints_block_observation_before_any_order (test_session_history.SessionHistoryTests.test_missing_prints_block_observation_before_any_order) ... ok
check	Compile and run offline checks	2026-10-03T04:53:22.0590171Z test_schedule_module_does_not_hand_future_starts_to_the_exchange (test_session_history.SessionHistoryTests.test_schedule_module_does_not_hand_future_starts_to_the_exchange) ... ok
check	Compile and run offline checks	2026-10-03T04:53:22.0611943Z test_trade_print_window_fills_at_the_limit (test_session_history.SessionHistoryTests.test_trade_print_window_fills_at_the_limit) ... ok
check	Compile and run offline checks	2026-10-03T04:53:22.1418882Z test_unresolved_ioc_retries_without_a_fill (test_session_history.SessionHistoryTests.test_unresolved_ioc_retries_without_a_fill) ... ok
check	Compile and run offline checks	2026-10-03T04:53:22.1451220Z test_warmup_hours_make_aligned_four_hour_bars (test_session_history.SessionHistoryTests.test_warmup_hours_make_aligned_four_hour_bars) ... ok
check	Compile and run offline checks	2026-10-03T04:53:22.1453219Z test_crossed_long_liquidation_price_is_not_a_positive_buffer (test_snapshot_export.SnapshotExportTests.test_crossed_long_liquidation_price_is_not_a_positive_buffer) ... ok
check	Compile and run offline checks	2026-10-03T04:53:22.1454746Z test_flat_account_has_no_liquidation_buffer_or_extra_collateral (test_snapshot_export.SnapshotExportTests.test_flat_account_has_no_liquidation_buffer_or_extra_collateral) ... ok
check	Compile and run offline checks	2026-10-03T04:53:22.1455926Z test_reversed_collection_clock_is_unknown (test_snapshot_export.SnapshotExportTests.test_reversed_collection_clock_is_unknown) ... ok
check	Compile and run offline checks	2026-10-03T04:53:22.1457258Z test_short_export_includes_unrealized_pnl_once (test_snapshot_export.SnapshotExportTests.test_short_export_includes_unrealized_pnl_once) ... ok
check	Compile and run offline checks	2026-10-03T04:53:22.1458344Z test_uid_stale_mark_and_slow_collection_are_unknown (test_snapshot_export.SnapshotExportTests.test_uid_stale_mark_and_slow_collection_are_unknown) ... ok
check	Compile and run offline checks	2026-10-03T04:53:22.1463203Z test_contract_stop_does_not_use_mark_trigger_and_survives_stopped_process (test_star_session.SharedPeerTests.test_contract_stop_does_not_use_mark_trigger_and_survives_stopped_process) ... ok
check	Compile and run offline checks	2026-10-03T04:53:22.1470090Z test_peer_transport_preserves_market_and_contract_price_shapes (test_star_session.SharedPeerTests.test_peer_transport_preserves_market_and_contract_price_shapes) ... ok
check	Compile and run offline checks	2026-10-03T04:53:22.1473130Z test_short_partial_market_fill_and_add_keep_cash_identity (test_star_session.SharedPeerTests.test_short_partial_market_fill_and_add_keep_cash_identity) ... ok
check	Compile and run offline checks	2026-10-03T04:53:22.1554832Z test_atomic_report (test_state.StateTests.test_atomic_report) ... ok
check	Compile and run offline checks	2026-10-03T04:53:22.1651184Z test_crash_recovery_does_not_duplicate_or_overwrite_intents (test_state.StateTests.test_crash_recovery_does_not_duplicate_or_overwrite_intents) ... ok
check	Compile and run offline checks	2026-10-03T04:53:22.1652781Z test_deterministic_id_scope (test_state.StateTests.test_deterministic_id_scope) ... ok
check	Compile and run offline checks	2026-10-03T04:53:22.1732008Z test_exclusion_survives_database_commits (test_state.StateTests.test_exclusion_survives_database_commits) ... ok
check	Compile and run offline checks	2026-10-03T04:53:22.1792379Z test_state_directory_keeps_its_identity (test_state.StateTests.test_state_directory_keeps_its_identity) ... ok
check	Compile and run offline checks	2026-10-03T04:53:22.1860737Z test_damaged_database_blocks_instead_of_starting_empty (test_state.StateUpgradeAndRetention.test_damaged_database_blocks_instead_of_starting_empty) ... ok
check	Compile and run offline checks	2026-10-03T04:53:22.1927940Z test_fresh_directory_needs_no_backup_and_newer_state_blocks (test_state.StateUpgradeAndRetention.test_fresh_directory_needs_no_backup_and_newer_state_blocks) ... ok
check	Compile and run offline checks	2026-10-03T04:53:22.2048319Z test_legacy_directory_is_backed_up_once_before_it_is_versioned (test_state.StateUpgradeAndRetention.test_legacy_directory_is_backed_up_once_before_it_is_versioned) ... ok
check	Compile and run offline checks	2026-10-03T04:53:22.2329220Z test_old_observations_move_to_an_archive_before_deletion (test_state.StateUpgradeAndRetention.test_old_observations_move_to_an_archive_before_deletion) ... ok
check	Compile and run offline checks	2026-10-03T04:53:22.3372593Z test_entry_budget_uses_the_venue_clock (test_virtual_clock.VirtualClockTests.test_entry_budget_uses_the_venue_clock) ... ok
check	Compile and run offline checks	2026-10-03T04:53:22.3373696Z test_injected_monotonic_is_not_the_wall_clock (test_virtual_clock.VirtualClockTests.test_injected_monotonic_is_not_the_wall_clock) ... ok
check	Compile and run offline checks	2026-10-03T04:53:22.3716091Z test_positive_submillisecond_wait_advances_virtual_venues (test_virtual_clock.VirtualClockTests.test_positive_submillisecond_wait_advances_virtual_venues) ... ok
check	Compile and run offline checks	2026-10-03T04:53:22.3720711Z test_rate_limit_cooldown_stays_on_the_injected_clock (test_virtual_clock.VirtualClockTests.test_rate_limit_cooldown_stays_on_the_injected_clock) ... ok
check	Compile and run offline checks	2026-10-03T04:53:22.3721856Z 
check	Compile and run offline checks	2026-10-03T04:53:22.3722028Z ----------------------------------------------------------------------
check	Compile and run offline checks	2026-10-03T04:53:22.3722877Z Ran 429 tests in 18.634s
check	Compile and run offline checks	2026-10-03T04:53:22.3723037Z 
check	Compile and run offline checks	2026-10-03T04:53:22.3723137Z OK (skipped=5)
check	Post Run actions/setup-python@ece7cb06caefa5fff74198d8649806c4678c61a1	﻿2026-10-03T04:53:22.4742986Z Post job cleanup.
check	Post Run actions/checkout@fbc6f3992d24b796d5a048ff273f7fcc4a7b6c09	﻿2026-10-03T04:53:22.6285700Z Post job cleanup.
check	Post Run actions/checkout@fbc6f3992d24b796d5a048ff273f7fcc4a7b6c09	2026-10-03T04:53:22.7237824Z [command]/usr/bin/git version
check	Post Run actions/checkout@fbc6f3992d24b796d5a048ff273f7fcc4a7b6c09	2026-10-03T04:53:22.7284486Z git version 2.55.0
check	Post Run actions/checkout@fbc6f3992d24b796d5a048ff273f7fcc4a7b6c09	2026-10-03T04:53:22.7321095Z Temporarily overriding HOME='/home/runner/work/_temp/f493c121-ee1e-43e5-877c-4ddbd6f720bf' before making global git config changes
check	Post Run actions/checkout@fbc6f3992d24b796d5a048ff273f7fcc4a7b6c09	2026-10-03T04:53:22.7322628Z Adding repository directory to the temporary git global config as a safe directory
check	Post Run actions/checkout@fbc6f3992d24b796d5a048ff273f7fcc4a7b6c09	2026-10-03T04:53:22.7326533Z [command]/usr/bin/git config --global --add safe.directory /home/runner/work/coinquant/coinquant
check	Post Run actions/checkout@fbc6f3992d24b796d5a048ff273f7fcc4a7b6c09	2026-10-03T04:53:22.7372546Z [command]/usr/bin/git config --local --name-only --get-regexp core\.sshCommand
check	Post Run actions/checkout@fbc6f3992d24b796d5a048ff273f7fcc4a7b6c09	2026-10-03T04:53:22.7412062Z [command]/usr/bin/git submodule foreach --recursive sh -c "git config --local --name-only --get-regexp 'core\.sshCommand' && git config --local --unset-all 'core.sshCommand' || :"
check	Post Run actions/checkout@fbc6f3992d24b796d5a048ff273f7fcc4a7b6c09	2026-10-03T04:53:22.7699117Z [command]/usr/bin/git config --local --name-only --get-regexp http\.https\:\/\/github\.com\/\.extraheader
check	Post Run actions/checkout@fbc6f3992d24b796d5a048ff273f7fcc4a7b6c09	2026-10-03T04:53:22.7758621Z [command]/usr/bin/git submodule foreach --recursive sh -c "git config --local --name-only --get-regexp 'http\.https\:\/\/github\.com\/\.extraheader' && git config --local --unset-all 'http.https://github.com/.extraheader' || :"
check	Post Run actions/checkout@fbc6f3992d24b796d5a048ff273f7fcc4a7b6c09	2026-10-03T04:53:22.8052591Z [command]/usr/bin/git config --local --name-only --get-regexp ^includeIf\.gitdir:
check	Post Run actions/checkout@fbc6f3992d24b796d5a048ff273f7fcc4a7b6c09	2026-10-03T04:53:22.8113664Z [command]/usr/bin/git submodule foreach --recursive git config --local --show-origin --name-only --get-regexp remote.origin.url
check	Complete job	﻿2026-10-03T04:53:22.8544864Z Cleaning up orphan processes
