check	Set up job	﻿2026-10-03T03:23:41.3621322Z Current runner version: '2.337.0'
check	Set up job	2026-10-03T03:23:41.3649231Z ##[group]Runner Image Provisioner
check	Set up job	2026-10-03T03:23:41.3650139Z Hosted Compute Agent
check	Set up job	2026-10-03T03:23:41.3650770Z Version: 20260901.588
check	Set up job	2026-10-03T03:23:41.3651453Z Commit: f88ec8081b781fac6c440065ac7ff9e710ce3d0b
check	Set up job	2026-10-03T03:23:41.3652394Z Build Date: 2026-09-01T19:56:44Z
check	Set up job	2026-10-03T03:23:41.3653168Z Worker ID: {d4514103-e3a7-4f96-91ae-5cf6771d523f}
check	Set up job	2026-10-03T03:23:41.3653937Z Azure Region: eastus2
check	Set up job	2026-10-03T03:23:41.3654494Z ##[endgroup]
check	Set up job	2026-10-03T03:23:41.3656750Z ##[group]Operating System
check	Set up job	2026-10-03T03:23:41.3657413Z Ubuntu
check	Set up job	2026-10-03T03:23:41.3658048Z 24.04.5
check	Set up job	2026-10-03T03:23:41.3658570Z LTS
check	Set up job	2026-10-03T03:23:41.3659067Z ##[endgroup]
check	Set up job	2026-10-03T03:23:41.3659682Z ##[group]Runner Image
check	Set up job	2026-10-03T03:23:41.3660279Z Image: ubuntu-24.04
check	Set up job	2026-10-03T03:23:41.3660861Z Version: 20260927.320.1
check	Set up job	2026-10-03T03:23:41.3662196Z Included Software: https://github.com/actions/runner-images/blob/ubuntu24/20260927.320/images/ubuntu/Ubuntu2404-Readme.md
check	Set up job	2026-10-03T03:23:41.3664071Z Image Release: https://github.com/actions/runner-images/releases/tag/ubuntu24%2F20260927.320
check	Set up job	2026-10-03T03:23:41.3665060Z ##[endgroup]
check	Set up job	2026-10-03T03:23:41.3666267Z ##[group]GITHUB_TOKEN Permissions
check	Set up job	2026-10-03T03:23:41.3668699Z Contents: read
check	Set up job	2026-10-03T03:23:41.3669427Z Metadata: read
check	Set up job	2026-10-03T03:23:41.3670054Z ##[endgroup]
check	Set up job	2026-10-03T03:23:41.3672980Z Secret source: Actions
check	Set up job	2026-10-03T03:23:41.3674106Z Cache mode: write
check	Set up job	2026-10-03T03:23:41.3675074Z Prepare workflow directory
check	Set up job	2026-10-03T03:23:41.4015761Z Prepare all required actions
check	Set up job	2026-10-03T03:23:41.4064982Z Getting action download info
check	Set up job	2026-10-03T03:23:41.6323699Z Download action repository 'actions/checkout@fbc6f3992d24b796d5a048ff273f7fcc4a7b6c09' (SHA:fbc6f3992d24b796d5a048ff273f7fcc4a7b6c09)
check	Set up job	2026-10-03T03:23:41.9249256Z Download action repository 'actions/setup-python@ece7cb06caefa5fff74198d8649806c4678c61a1' (SHA:ece7cb06caefa5fff74198d8649806c4678c61a1)
check	Set up job	2026-10-03T03:23:42.1432482Z Complete job name: check
check	Run actions/checkout@fbc6f3992d24b796d5a048ff273f7fcc4a7b6c09	﻿2026-10-03T03:23:42.2264783Z ##[group]Run actions/checkout@fbc6f3992d24b796d5a048ff273f7fcc4a7b6c09
check	Run actions/checkout@fbc6f3992d24b796d5a048ff273f7fcc4a7b6c09	2026-10-03T03:23:42.2265976Z with:
check	Run actions/checkout@fbc6f3992d24b796d5a048ff273f7fcc4a7b6c09	2026-10-03T03:23:42.2266518Z   ref: bfae3bc6bc32b9632350cb79289b16786c10a6f9
check	Run actions/checkout@fbc6f3992d24b796d5a048ff273f7fcc4a7b6c09	2026-10-03T03:23:42.2267195Z   persist-credentials: false
check	Run actions/checkout@fbc6f3992d24b796d5a048ff273f7fcc4a7b6c09	2026-10-03T03:23:42.2267768Z   repository: geniusgrok/coinquant
check	Run actions/checkout@fbc6f3992d24b796d5a048ff273f7fcc4a7b6c09	2026-10-03T03:23:42.2271847Z   token: ***
check	Run actions/checkout@fbc6f3992d24b796d5a048ff273f7fcc4a7b6c09	2026-10-03T03:23:42.2272802Z   ssh-strict: true
check	Run actions/checkout@fbc6f3992d24b796d5a048ff273f7fcc4a7b6c09	2026-10-03T03:23:42.2273314Z   ssh-user: git
check	Run actions/checkout@fbc6f3992d24b796d5a048ff273f7fcc4a7b6c09	2026-10-03T03:23:42.2273788Z   clean: true
check	Run actions/checkout@fbc6f3992d24b796d5a048ff273f7fcc4a7b6c09	2026-10-03T03:23:42.2274270Z   sparse-checkout-cone-mode: true
check	Run actions/checkout@fbc6f3992d24b796d5a048ff273f7fcc4a7b6c09	2026-10-03T03:23:42.2274847Z   fetch-depth: 1
check	Run actions/checkout@fbc6f3992d24b796d5a048ff273f7fcc4a7b6c09	2026-10-03T03:23:42.2275322Z   fetch-tags: false
check	Run actions/checkout@fbc6f3992d24b796d5a048ff273f7fcc4a7b6c09	2026-10-03T03:23:42.2275801Z   show-progress: true
check	Run actions/checkout@fbc6f3992d24b796d5a048ff273f7fcc4a7b6c09	2026-10-03T03:23:42.2276314Z   lfs: false
check	Run actions/checkout@fbc6f3992d24b796d5a048ff273f7fcc4a7b6c09	2026-10-03T03:23:42.2276765Z   submodules: false
check	Run actions/checkout@fbc6f3992d24b796d5a048ff273f7fcc4a7b6c09	2026-10-03T03:23:42.2277262Z   set-safe-directory: true
check	Run actions/checkout@fbc6f3992d24b796d5a048ff273f7fcc4a7b6c09	2026-10-03T03:23:42.2277823Z   allow-unsafe-pr-checkout: false
check	Run actions/checkout@fbc6f3992d24b796d5a048ff273f7fcc4a7b6c09	2026-10-03T03:23:42.2278710Z ##[endgroup]
check	Run actions/checkout@fbc6f3992d24b796d5a048ff273f7fcc4a7b6c09	2026-10-03T03:23:42.3295094Z Syncing repository: geniusgrok/coinquant
check	Run actions/checkout@fbc6f3992d24b796d5a048ff273f7fcc4a7b6c09	2026-10-03T03:23:42.3297865Z ##[group]Getting Git version info
check	Run actions/checkout@fbc6f3992d24b796d5a048ff273f7fcc4a7b6c09	2026-10-03T03:23:42.3299170Z Working directory is '/home/runner/work/coinquant/coinquant'
check	Run actions/checkout@fbc6f3992d24b796d5a048ff273f7fcc4a7b6c09	2026-10-03T03:23:42.3301167Z [command]/usr/bin/git version
check	Run actions/checkout@fbc6f3992d24b796d5a048ff273f7fcc4a7b6c09	2026-10-03T03:23:42.4464370Z git version 2.55.0
check	Run actions/checkout@fbc6f3992d24b796d5a048ff273f7fcc4a7b6c09	2026-10-03T03:23:42.4487884Z ##[endgroup]
check	Run actions/checkout@fbc6f3992d24b796d5a048ff273f7fcc4a7b6c09	2026-10-03T03:23:42.4506656Z Temporarily overriding HOME='/home/runner/work/_temp/e19247ca-dfa1-4eda-a69b-dc8d3647fa84' before making global git config changes
check	Run actions/checkout@fbc6f3992d24b796d5a048ff273f7fcc4a7b6c09	2026-10-03T03:23:42.4509427Z Adding repository directory to the temporary git global config as a safe directory
check	Run actions/checkout@fbc6f3992d24b796d5a048ff273f7fcc4a7b6c09	2026-10-03T03:23:42.4514286Z [command]/usr/bin/git config --global --add safe.directory /home/runner/work/coinquant/coinquant
check	Run actions/checkout@fbc6f3992d24b796d5a048ff273f7fcc4a7b6c09	2026-10-03T03:23:42.4637695Z Deleting the contents of '/home/runner/work/coinquant/coinquant'
check	Run actions/checkout@fbc6f3992d24b796d5a048ff273f7fcc4a7b6c09	2026-10-03T03:23:42.4641738Z ##[group]Initializing the repository
check	Run actions/checkout@fbc6f3992d24b796d5a048ff273f7fcc4a7b6c09	2026-10-03T03:23:42.4646480Z [command]/usr/bin/git init /home/runner/work/coinquant/coinquant
check	Run actions/checkout@fbc6f3992d24b796d5a048ff273f7fcc4a7b6c09	2026-10-03T03:23:42.4807201Z hint: Using 'master' as the name for the initial branch. This default branch name
check	Run actions/checkout@fbc6f3992d24b796d5a048ff273f7fcc4a7b6c09	2026-10-03T03:23:42.4808957Z hint: will change to "main" in Git 3.0. To configure the initial branch name
check	Run actions/checkout@fbc6f3992d24b796d5a048ff273f7fcc4a7b6c09	2026-10-03T03:23:42.4810824Z hint: to use in all of your new repositories, which will suppress this warning,
check	Run actions/checkout@fbc6f3992d24b796d5a048ff273f7fcc4a7b6c09	2026-10-03T03:23:42.4812419Z hint: call:
check	Run actions/checkout@fbc6f3992d24b796d5a048ff273f7fcc4a7b6c09	2026-10-03T03:23:42.4813376Z hint:
check	Run actions/checkout@fbc6f3992d24b796d5a048ff273f7fcc4a7b6c09	2026-10-03T03:23:42.4814513Z hint: 	git config --global init.defaultBranch <name>
check	Run actions/checkout@fbc6f3992d24b796d5a048ff273f7fcc4a7b6c09	2026-10-03T03:23:42.4815945Z hint:
check	Run actions/checkout@fbc6f3992d24b796d5a048ff273f7fcc4a7b6c09	2026-10-03T03:23:42.4817200Z hint: Names commonly chosen instead of 'master' are 'main', 'trunk' and
check	Run actions/checkout@fbc6f3992d24b796d5a048ff273f7fcc4a7b6c09	2026-10-03T03:23:42.4819292Z hint: 'development'. The just-created branch can be renamed via this command:
check	Run actions/checkout@fbc6f3992d24b796d5a048ff273f7fcc4a7b6c09	2026-10-03T03:23:42.4820836Z hint:
check	Run actions/checkout@fbc6f3992d24b796d5a048ff273f7fcc4a7b6c09	2026-10-03T03:23:42.4821644Z hint: 	git branch -m <name>
check	Run actions/checkout@fbc6f3992d24b796d5a048ff273f7fcc4a7b6c09	2026-10-03T03:23:42.4822916Z hint:
check	Run actions/checkout@fbc6f3992d24b796d5a048ff273f7fcc4a7b6c09	2026-10-03T03:23:42.4824330Z hint: Disable this message with "git config set advice.defaultBranchName false"
check	Run actions/checkout@fbc6f3992d24b796d5a048ff273f7fcc4a7b6c09	2026-10-03T03:23:42.4826562Z Initialized empty Git repository in /home/runner/work/coinquant/coinquant/.git/
check	Run actions/checkout@fbc6f3992d24b796d5a048ff273f7fcc4a7b6c09	2026-10-03T03:23:42.4829919Z [command]/usr/bin/git remote add origin https://github.com/geniusgrok/coinquant
check	Run actions/checkout@fbc6f3992d24b796d5a048ff273f7fcc4a7b6c09	2026-10-03T03:23:42.4884600Z ##[endgroup]
check	Run actions/checkout@fbc6f3992d24b796d5a048ff273f7fcc4a7b6c09	2026-10-03T03:23:42.4886376Z ##[group]Disabling automatic garbage collection
check	Run actions/checkout@fbc6f3992d24b796d5a048ff273f7fcc4a7b6c09	2026-10-03T03:23:42.4888626Z [command]/usr/bin/git config --local gc.auto 0
check	Run actions/checkout@fbc6f3992d24b796d5a048ff273f7fcc4a7b6c09	2026-10-03T03:23:42.4925713Z ##[endgroup]
check	Run actions/checkout@fbc6f3992d24b796d5a048ff273f7fcc4a7b6c09	2026-10-03T03:23:42.4926678Z ##[group]Setting up auth
check	Run actions/checkout@fbc6f3992d24b796d5a048ff273f7fcc4a7b6c09	2026-10-03T03:23:42.4932440Z [command]/usr/bin/git config --local --name-only --get-regexp core\.sshCommand
check	Run actions/checkout@fbc6f3992d24b796d5a048ff273f7fcc4a7b6c09	2026-10-03T03:23:42.4967456Z [command]/usr/bin/git submodule foreach --recursive sh -c "git config --local --name-only --get-regexp 'core\.sshCommand' && git config --local --unset-all 'core.sshCommand' || :"
check	Run actions/checkout@fbc6f3992d24b796d5a048ff273f7fcc4a7b6c09	2026-10-03T03:23:42.7507155Z [command]/usr/bin/git config --local --name-only --get-regexp http\.https\:\/\/github\.com\/\.extraheader
check	Run actions/checkout@fbc6f3992d24b796d5a048ff273f7fcc4a7b6c09	2026-10-03T03:23:42.7544115Z [command]/usr/bin/git submodule foreach --recursive sh -c "git config --local --name-only --get-regexp 'http\.https\:\/\/github\.com\/\.extraheader' && git config --local --unset-all 'http.https://github.com/.extraheader' || :"
check	Run actions/checkout@fbc6f3992d24b796d5a048ff273f7fcc4a7b6c09	2026-10-03T03:23:42.7766423Z [command]/usr/bin/git config --local --name-only --get-regexp ^includeIf\.gitdir:
check	Run actions/checkout@fbc6f3992d24b796d5a048ff273f7fcc4a7b6c09	2026-10-03T03:23:42.7804084Z [command]/usr/bin/git submodule foreach --recursive git config --local --show-origin --name-only --get-regexp remote.origin.url
check	Run actions/checkout@fbc6f3992d24b796d5a048ff273f7fcc4a7b6c09	2026-10-03T03:23:42.8026821Z [command]/usr/bin/git config --local http.https://github.com/.extraheader AUTHORIZATION: basic ***
check	Run actions/checkout@fbc6f3992d24b796d5a048ff273f7fcc4a7b6c09	2026-10-03T03:23:42.8067250Z ##[endgroup]
check	Run actions/checkout@fbc6f3992d24b796d5a048ff273f7fcc4a7b6c09	2026-10-03T03:23:42.8076711Z ##[group]Fetching the repository
check	Run actions/checkout@fbc6f3992d24b796d5a048ff273f7fcc4a7b6c09	2026-10-03T03:23:42.8079357Z [command]/usr/bin/git -c protocol.version=2 fetch --no-tags --prune --no-recurse-submodules --depth=1 origin bfae3bc6bc32b9632350cb79289b16786c10a6f9
check	Run actions/checkout@fbc6f3992d24b796d5a048ff273f7fcc4a7b6c09	2026-10-03T03:23:45.5412466Z From https://github.com/geniusgrok/coinquant
check	Run actions/checkout@fbc6f3992d24b796d5a048ff273f7fcc4a7b6c09	2026-10-03T03:23:45.5414259Z  * branch            bfae3bc6bc32b9632350cb79289b16786c10a6f9 -> FETCH_HEAD
check	Run actions/checkout@fbc6f3992d24b796d5a048ff273f7fcc4a7b6c09	2026-10-03T03:23:45.5417590Z ##[endgroup]
check	Run actions/checkout@fbc6f3992d24b796d5a048ff273f7fcc4a7b6c09	2026-10-03T03:23:45.5418233Z ##[group]Determining the checkout info
check	Run actions/checkout@fbc6f3992d24b796d5a048ff273f7fcc4a7b6c09	2026-10-03T03:23:45.5419786Z ##[endgroup]
check	Run actions/checkout@fbc6f3992d24b796d5a048ff273f7fcc4a7b6c09	2026-10-03T03:23:45.5426882Z [command]/usr/bin/git sparse-checkout disable
check	Run actions/checkout@fbc6f3992d24b796d5a048ff273f7fcc4a7b6c09	2026-10-03T03:23:45.5485070Z [command]/usr/bin/git config --local --unset-all extensions.worktreeConfig
check	Run actions/checkout@fbc6f3992d24b796d5a048ff273f7fcc4a7b6c09	2026-10-03T03:23:45.5519299Z ##[group]Checking out the ref
check	Run actions/checkout@fbc6f3992d24b796d5a048ff273f7fcc4a7b6c09	2026-10-03T03:23:45.5522776Z [command]/usr/bin/git checkout --progress --force bfae3bc6bc32b9632350cb79289b16786c10a6f9
check	Run actions/checkout@fbc6f3992d24b796d5a048ff273f7fcc4a7b6c09	2026-10-03T03:23:46.5075644Z Note: switching to 'bfae3bc6bc32b9632350cb79289b16786c10a6f9'.
check	Run actions/checkout@fbc6f3992d24b796d5a048ff273f7fcc4a7b6c09	2026-10-03T03:23:46.5076224Z 
check	Run actions/checkout@fbc6f3992d24b796d5a048ff273f7fcc4a7b6c09	2026-10-03T03:23:46.5076498Z You are in 'detached HEAD' state. You can look around, make experimental
check	Run actions/checkout@fbc6f3992d24b796d5a048ff273f7fcc4a7b6c09	2026-10-03T03:23:46.5077069Z changes and commit them, and you can discard any commits you make in this
check	Run actions/checkout@fbc6f3992d24b796d5a048ff273f7fcc4a7b6c09	2026-10-03T03:23:46.5077629Z state without impacting any branches by switching back to a branch.
check	Run actions/checkout@fbc6f3992d24b796d5a048ff273f7fcc4a7b6c09	2026-10-03T03:23:46.5078132Z 
check	Run actions/checkout@fbc6f3992d24b796d5a048ff273f7fcc4a7b6c09	2026-10-03T03:23:46.5078414Z If you want to create a new branch to retain commits you create, you may
check	Run actions/checkout@fbc6f3992d24b796d5a048ff273f7fcc4a7b6c09	2026-10-03T03:23:46.5078936Z do so (now or later) by using -c with the switch command. Example:
check	Run actions/checkout@fbc6f3992d24b796d5a048ff273f7fcc4a7b6c09	2026-10-03T03:23:46.5079731Z 
check	Run actions/checkout@fbc6f3992d24b796d5a048ff273f7fcc4a7b6c09	2026-10-03T03:23:46.5079902Z   git switch -c <new-branch-name>
check	Run actions/checkout@fbc6f3992d24b796d5a048ff273f7fcc4a7b6c09	2026-10-03T03:23:46.5080111Z 
check	Run actions/checkout@fbc6f3992d24b796d5a048ff273f7fcc4a7b6c09	2026-10-03T03:23:46.5080247Z Or undo this operation with:
check	Run actions/checkout@fbc6f3992d24b796d5a048ff273f7fcc4a7b6c09	2026-10-03T03:23:46.5080443Z 
check	Run actions/checkout@fbc6f3992d24b796d5a048ff273f7fcc4a7b6c09	2026-10-03T03:23:46.5080560Z   git switch -
check	Run actions/checkout@fbc6f3992d24b796d5a048ff273f7fcc4a7b6c09	2026-10-03T03:23:46.5080741Z 
check	Run actions/checkout@fbc6f3992d24b796d5a048ff273f7fcc4a7b6c09	2026-10-03T03:23:46.5080988Z Turn off this advice by setting config variable advice.detachedHead to false
check	Run actions/checkout@fbc6f3992d24b796d5a048ff273f7fcc4a7b6c09	2026-10-03T03:23:46.5081368Z 
check	Run actions/checkout@fbc6f3992d24b796d5a048ff273f7fcc4a7b6c09	2026-10-03T03:23:46.5081732Z HEAD is now at bfae3bc Merge 3c697e15ac46c95617d6b170861609e4f9062851 into c363a582a064bd36d633f6439803f4c570d52333
check	Run actions/checkout@fbc6f3992d24b796d5a048ff273f7fcc4a7b6c09	2026-10-03T03:23:46.5107258Z ##[endgroup]
check	Run actions/checkout@fbc6f3992d24b796d5a048ff273f7fcc4a7b6c09	2026-10-03T03:23:46.5154637Z [command]/usr/bin/git log -1 --format=%H
check	Run actions/checkout@fbc6f3992d24b796d5a048ff273f7fcc4a7b6c09	2026-10-03T03:23:46.5181545Z bfae3bc6bc32b9632350cb79289b16786c10a6f9
check	Run actions/checkout@fbc6f3992d24b796d5a048ff273f7fcc4a7b6c09	2026-10-03T03:23:46.5191655Z ##[group]Removing auth
check	Run actions/checkout@fbc6f3992d24b796d5a048ff273f7fcc4a7b6c09	2026-10-03T03:23:46.5196126Z [command]/usr/bin/git config --local --name-only --get-regexp core\.sshCommand
check	Run actions/checkout@fbc6f3992d24b796d5a048ff273f7fcc4a7b6c09	2026-10-03T03:23:46.5229622Z [command]/usr/bin/git submodule foreach --recursive sh -c "git config --local --name-only --get-regexp 'core\.sshCommand' && git config --local --unset-all 'core.sshCommand' || :"
check	Run actions/checkout@fbc6f3992d24b796d5a048ff273f7fcc4a7b6c09	2026-10-03T03:23:46.5452842Z [command]/usr/bin/git config --local --name-only --get-regexp http\.https\:\/\/github\.com\/\.extraheader
check	Run actions/checkout@fbc6f3992d24b796d5a048ff273f7fcc4a7b6c09	2026-10-03T03:23:46.5481102Z http.https://github.com/.extraheader
check	Run actions/checkout@fbc6f3992d24b796d5a048ff273f7fcc4a7b6c09	2026-10-03T03:23:46.5488787Z [command]/usr/bin/git config --local --unset-all http.https://github.com/.extraheader
check	Run actions/checkout@fbc6f3992d24b796d5a048ff273f7fcc4a7b6c09	2026-10-03T03:23:46.5521918Z [command]/usr/bin/git submodule foreach --recursive sh -c "git config --local --name-only --get-regexp 'http\.https\:\/\/github\.com\/\.extraheader' && git config --local --unset-all 'http.https://github.com/.extraheader' || :"
check	Run actions/checkout@fbc6f3992d24b796d5a048ff273f7fcc4a7b6c09	2026-10-03T03:23:46.5745210Z [command]/usr/bin/git config --local --name-only --get-regexp ^includeIf\.gitdir:
check	Run actions/checkout@fbc6f3992d24b796d5a048ff273f7fcc4a7b6c09	2026-10-03T03:23:46.5776982Z [command]/usr/bin/git submodule foreach --recursive git config --local --show-origin --name-only --get-regexp remote.origin.url
check	Run actions/checkout@fbc6f3992d24b796d5a048ff273f7fcc4a7b6c09	2026-10-03T03:23:46.5997166Z ##[endgroup]
check	Run actions/setup-python@ece7cb06caefa5fff74198d8649806c4678c61a1	﻿2026-10-03T03:23:46.6267014Z ##[group]Run actions/setup-python@ece7cb06caefa5fff74198d8649806c4678c61a1
check	Run actions/setup-python@ece7cb06caefa5fff74198d8649806c4678c61a1	2026-10-03T03:23:46.6267532Z with:
check	Run actions/setup-python@ece7cb06caefa5fff74198d8649806c4678c61a1	2026-10-03T03:23:46.6267797Z   python-version: 3.13
check	Run actions/setup-python@ece7cb06caefa5fff74198d8649806c4678c61a1	2026-10-03T03:23:46.6268080Z   check-latest: false
check	Run actions/setup-python@ece7cb06caefa5fff74198d8649806c4678c61a1	2026-10-03T03:23:46.6337531Z   token: ***
check	Run actions/setup-python@ece7cb06caefa5fff74198d8649806c4678c61a1	2026-10-03T03:23:46.6337970Z   update-environment: true
check	Run actions/setup-python@ece7cb06caefa5fff74198d8649806c4678c61a1	2026-10-03T03:23:46.6338332Z   allow-prereleases: false
check	Run actions/setup-python@ece7cb06caefa5fff74198d8649806c4678c61a1	2026-10-03T03:23:46.6338677Z   freethreaded: false
check	Run actions/setup-python@ece7cb06caefa5fff74198d8649806c4678c61a1	2026-10-03T03:23:46.6338997Z ##[endgroup]
check	Run actions/setup-python@ece7cb06caefa5fff74198d8649806c4678c61a1	2026-10-03T03:23:46.7664516Z ##[group]Installed versions
check	Run actions/setup-python@ece7cb06caefa5fff74198d8649806c4678c61a1	2026-10-03T03:23:46.7764438Z Successfully set up CPython (3.13.15)
check	Run actions/setup-python@ece7cb06caefa5fff74198d8649806c4678c61a1	2026-10-03T03:23:46.7765517Z ##[endgroup]
check	Compile and run offline checks	﻿2026-10-03T03:23:46.7963320Z ##[group]Run python -m compileall -q coinquant research tests
check	Compile and run offline checks	2026-10-03T03:23:46.7964250Z [36;1mpython -m compileall -q coinquant research tests[0m
check	Compile and run offline checks	2026-10-03T03:23:46.7964958Z [36;1mpython -m unittest discover -s tests -v[0m
check	Compile and run offline checks	2026-10-03T03:23:46.8448552Z shell: /usr/bin/bash -e {0}
check	Compile and run offline checks	2026-10-03T03:23:46.8448984Z env:
check	Compile and run offline checks	2026-10-03T03:23:46.8449337Z   pythonLocation: /opt/hostedtoolcache/Python/3.13.15/x64
check	Compile and run offline checks	2026-10-03T03:23:46.8449912Z   PKG_CONFIG_PATH: /opt/hostedtoolcache/Python/3.13.15/x64/lib/pkgconfig
check	Compile and run offline checks	2026-10-03T03:23:46.8450449Z   Python_ROOT_DIR: /opt/hostedtoolcache/Python/3.13.15/x64
check	Compile and run offline checks	2026-10-03T03:23:46.8450916Z   Python2_ROOT_DIR: /opt/hostedtoolcache/Python/3.13.15/x64
check	Compile and run offline checks	2026-10-03T03:23:46.8451398Z   Python3_ROOT_DIR: /opt/hostedtoolcache/Python/3.13.15/x64
check	Compile and run offline checks	2026-10-03T03:23:46.8451868Z   LD_LIBRARY_PATH: /opt/hostedtoolcache/Python/3.13.15/x64/lib
check	Compile and run offline checks	2026-10-03T03:23:46.8452469Z ##[endgroup]
check	Compile and run offline checks	2026-10-03T03:23:49.5250338Z test_contract_identity_and_gates (test_acceptance.AcceptanceTests.test_contract_identity_and_gates) ... ok
check	Compile and run offline checks	2026-10-03T03:23:49.5252381Z test_exact_target_boundaries (test_acceptance.AcceptanceTests.test_exact_target_boundaries) ... ok
check	Compile and run offline checks	2026-10-03T03:23:49.5400237Z test_recorded_default_and_evidence_identity (test_acceptance.AcceptanceTests.test_recorded_default_and_evidence_identity) ... ok
check	Compile and run offline checks	2026-10-03T03:23:49.5933825Z test_recorded_numbers_are_the_ones_in_their_evidence_files (test_acceptance.AcceptanceTests.test_recorded_numbers_are_the_ones_in_their_evidence_files) ... ok
check	Compile and run offline checks	2026-10-03T03:23:49.5964595Z test_calibration_binding_rejects_future_mismatch_nonfinite_and_scales_only_new_sizing (test_alpha_perp.AlphaTests.test_calibration_binding_rejects_future_mismatch_nonfinite_and_scales_only_new_sizing) ... ok
check	Compile and run offline checks	2026-10-03T03:23:49.5982341Z test_checkpoint_roundtrip_identity_digest_and_provenance (test_alpha_perp.AlphaTests.test_checkpoint_roundtrip_identity_digest_and_provenance) ... ok
check	Compile and run offline checks	2026-10-03T03:23:49.5999436Z test_compression_uses_prior_high_atr_and_median_with_original_priority (test_alpha_perp.AlphaTests.test_compression_uses_prior_high_atr_and_median_with_original_priority) ... ok
check	Compile and run offline checks	2026-10-03T03:23:49.7551167Z test_cycle_failures_are_distinct_once_and_keep_actual_chronology (test_alpha_perp.AlphaTests.test_cycle_failures_are_distinct_once_and_keep_actual_chronology) ... ok
check	Compile and run offline checks	2026-10-03T03:23:49.7558470Z test_fresh_entry_age_chase_boundaries_owned_and_macro_unchanged (test_alpha_perp.AlphaTests.test_fresh_entry_age_chase_boundaries_owned_and_macro_unchanged) ... ok
check	Compile and run offline checks	2026-10-03T03:23:49.7560536Z test_hooks_restore_on_exception (test_alpha_perp.AlphaTests.test_hooks_restore_on_exception) ... ok
check	Compile and run offline checks	2026-10-03T03:23:50.2662528Z test_incumbent_noop_preserves_calls_clock_cash_fills_and_requests (test_alpha_perp.AlphaTests.test_incumbent_noop_preserves_calls_clock_cash_fills_and_requests) ... ok
check	Compile and run offline checks	2026-10-03T03:23:50.4355925Z test_macro_creation_provenance_survives_polls_checkpoint_and_owned_decisions (test_alpha_perp.AlphaTests.test_macro_creation_provenance_survives_polls_checkpoint_and_owned_decisions) ... ok
check	Compile and run offline checks	2026-10-03T03:23:51.0667277Z test_macro_diagnostic_closes_are_attached_only_after_execution (test_alpha_perp.AlphaTests.test_macro_diagnostic_closes_are_attached_only_after_execution) ... ok
check	Compile and run offline checks	2026-10-03T03:23:51.5630750Z test_real_lifecycle_trail_tightens_and_through_mark_reduces_without_macro_change (test_alpha_perp.AlphaTests.test_real_lifecycle_trail_tightens_and_through_mark_reduces_without_macro_change) ... ok
check	Compile and run offline checks	2026-10-03T03:23:52.0840122Z test_single_topup_partial_and_unknown_fills_recover_once_and_keep_protection (test_alpha_perp.AlphaTests.test_single_topup_partial_and_unknown_fills_recover_once_and_keep_protection) ... ok
check	Compile and run offline checks	2026-10-03T03:23:52.0863811Z test_trail_bar_state_excludes_entry_bar_and_makes_no_unattended_stop_change (test_alpha_perp.AlphaTests.test_trail_bar_state_excludes_entry_bar_and_makes_no_unattended_stop_change) ... ok
check	Compile and run offline checks	2026-10-03T03:23:52.2566827Z test_unknown_unaccepted_topup_is_not_resent (test_alpha_perp.AlphaTests.test_unknown_unaccepted_topup_is_not_resent) ... ok
check	Compile and run offline checks	2026-10-03T03:23:52.2831844Z test_explicit_missing_inside_retention_is_terminal_and_stays_terminal (test_audit_20260929.AbsentOrderTests.test_explicit_missing_inside_retention_is_terminal_and_stays_terminal) ... ok
check	Compile and run offline checks	2026-10-03T03:23:52.3084843Z test_missing_before_expiry_or_after_retention_stays_unknown (test_audit_20260929.AbsentOrderTests.test_missing_before_expiry_or_after_retention_stays_unknown) ... ok
check	Compile and run offline checks	2026-10-03T03:23:52.3157429Z test_same_account_in_two_directories_cannot_both_write (test_audit_20260929.AccountLockTests.test_same_account_in_two_directories_cannot_both_write) ... ok
check	Compile and run offline checks	2026-10-03T03:23:52.3528596Z test_close_sends_the_market_cap_then_the_remainder (test_audit_20260929.ExitSliceTests.test_close_sends_the_market_cap_then_the_remainder) ... ok
check	Compile and run offline checks	2026-10-03T03:23:52.3530306Z test_limit_entry_does_not_use_the_market_lot_cap (test_audit_20260929.QuantityRuleTests.test_limit_entry_does_not_use_the_market_lot_cap) ... ok
check	Compile and run offline checks	2026-10-03T03:23:52.3688621Z test_duplicate_client_id_and_triggering_stop_stay_unknown (test_audit_20260929.RejectCodeTests.test_duplicate_client_id_and_triggering_stop_stay_unknown) ... ok
check	Compile and run offline checks	2026-10-03T03:23:52.3772233Z test_lost_send_records_only_the_error_type (test_audit_20260929.RejectCodeTests.test_lost_send_records_only_the_error_type) ... ok
check	Compile and run offline checks	2026-10-03T03:23:52.3851873Z test_plain_parameter_rejection_is_still_terminal (test_audit_20260929.RejectCodeTests.test_plain_parameter_rejection_is_still_terminal) ... ok
check	Compile and run offline checks	2026-10-03T03:23:52.3858153Z test_names_and_output_roots_are_bounded (test_audit_20260929.TrialPathTests.test_names_and_output_roots_are_bounded) ... ok
check	Compile and run offline checks	2026-10-03T03:23:52.3949204Z test_a_fresh_gap_waits_and_an_old_gap_blocks (test_audit_20260929.WalletGapTests.test_a_fresh_gap_waits_and_an_old_gap_blocks) ... ok
check	Compile and run offline checks	2026-10-03T03:23:52.4193547Z test_documented_503_failures_are_terminal_and_other_503s_stay_unknown (tests.test_margin_intents.WriteClassificationTests.test_documented_503_failures_are_terminal_and_other_503s_stay_unknown) ... ok
check	Compile and run offline checks	2026-10-03T03:23:52.4283457Z test_documented_native_rejection_is_terminal (tests.test_margin_intents.WriteClassificationTests.test_documented_native_rejection_is_terminal) ... ok
check	Compile and run offline checks	2026-10-03T03:23:52.4358830Z test_expired_deadline_is_recorded_as_never_sent (tests.test_margin_intents.WriteClassificationTests.test_expired_deadline_is_recorded_as_never_sent) ... ok
check	Compile and run offline checks	2026-10-03T03:23:52.4669510Z test_lost_add_cannot_be_declared_rejected_from_age_and_missing_query (tests.test_margin_intents.WriteClassificationTests.test_lost_add_cannot_be_declared_rejected_from_age_and_missing_query) ... ok
check	Compile and run offline checks	2026-10-03T03:23:52.4935298Z test_margin_rejection_blocks_without_pending (tests.test_margin_intents.WriteClassificationTests.test_margin_rejection_blocks_without_pending) ... ok
check	Compile and run offline checks	2026-10-03T03:23:52.5039829Z test_missing_order_without_a_preparation_time_or_past_retention_stays_unknown (tests.test_margin_intents.WriteClassificationTests.test_missing_order_without_a_preparation_time_or_past_retention_stays_unknown) ... ok
check	Compile and run offline checks	2026-10-03T03:23:52.5131260Z test_numeric_margin_amount_is_parsed_exactly (tests.test_margin_intents.WriteClassificationTests.test_numeric_margin_amount_is_parsed_exactly) ... ok
check	Compile and run offline checks	2026-10-03T03:23:52.5445169Z test_overloaded_add_does_not_block_the_exit_of_the_existing_position (tests.test_margin_intents.WriteClassificationTests.test_overloaded_add_does_not_block_the_exit_of_the_existing_position) ... ok
check	Compile and run offline checks	2026-10-03T03:23:52.5514652Z test_read_rejections_remain_unknown (tests.test_margin_intents.WriteClassificationTests.test_read_rejections_remain_unknown) ... ok
check	Compile and run offline checks	2026-10-03T03:23:52.5701010Z test_unknown_execution_codes_and_server_errors_stay_pending (tests.test_margin_intents.WriteClassificationTests.test_unknown_execution_codes_and_server_errors_stay_pending) ... ok
check	Compile and run offline checks	2026-10-03T03:23:52.5802115Z test_a_live_writer_on_another_machine_blocks_the_next_open (test_audit_20260929.WriterHostTests.test_a_live_writer_on_another_machine_blocks_the_next_open) ... ok
check	Compile and run offline checks	2026-10-03T03:23:52.5821172Z test_execute_needs_trial_and_uid_before_credentials (test_audit_fixes.CliSmoke.test_execute_needs_trial_and_uid_before_credentials) ... blocked: write trial requires --trial and --authorize-uid
check	Compile and run offline checks	2026-10-03T03:23:52.5823622Z ok
check	Compile and run offline checks	2026-10-03T03:23:53.6378497Z test_run_defaults_to_observation_and_sends_no_write (test_audit_fixes.CliSmoke.test_run_defaults_to_observation_and_sends_no_write) ... read_only: 
check	Compile and run offline checks	2026-10-03T03:23:53.6388192Z ok
check	Compile and run offline checks	2026-10-03T03:23:53.6402901Z test_trial_options_without_execute_are_refused (test_audit_fixes.CliSmoke.test_trial_options_without_execute_are_refused) ... blocked: trial options require --execute
check	Compile and run offline checks	2026-10-03T03:23:53.6404157Z ok
check	Compile and run offline checks	2026-10-03T03:23:53.7581687Z test_cleanup_budget_never_passes_the_hard_deadline (test_audit_fixes.ExitPaths.test_cleanup_budget_never_passes_the_hard_deadline) ... ok
check	Compile and run offline checks	2026-10-03T03:23:53.8114496Z test_deadline_with_pending_intent_is_execution_unresolved (test_audit_fixes.ExitPaths.test_deadline_with_pending_intent_is_execution_unresolved) ... ok
check	Compile and run offline checks	2026-10-03T03:23:53.8661516Z test_interrupt_and_clock_failure_are_reported_with_phase (test_audit_fixes.ExitPaths.test_interrupt_and_clock_failure_are_reported_with_phase) ... ok
check	Compile and run offline checks	2026-10-03T03:23:53.9815616Z test_verified_session_is_not_unresolved (test_audit_fixes.ExitPaths.test_verified_session_is_not_unresolved) ... ok
check	Compile and run offline checks	2026-10-03T03:23:54.0969903Z test_entry_reply_lost_after_fill_is_found_by_identity_and_protected (test_audit_fixes.FirstFillToProtection.test_entry_reply_lost_after_fill_is_found_by_identity_and_protected) ... ok
check	Compile and run offline checks	2026-10-03T03:23:54.1777521Z test_stop_accepted_take_rejected_never_leaves_a_one_leg_position (test_audit_fixes.FirstFillToProtection.test_stop_accepted_take_rejected_never_leaves_a_one_leg_position) ... ok
check	Compile and run offline checks	2026-10-03T03:23:54.2664080Z test_unknown_margin_transfer_is_not_resent_and_position_stays_protected (test_audit_fixes.FirstFillToProtection.test_unknown_margin_transfer_is_not_resent_and_position_stays_protected) ... ok
check	Compile and run offline checks	2026-10-03T03:23:54.4186796Z test_audit_failure_does_not_stop_signal_exit (test_audit_fixes.FundsAuditGate.test_audit_failure_does_not_stop_signal_exit) ... ok
check	Compile and run offline checks	2026-10-03T03:23:54.4290925Z test_cache_is_bound_to_the_wallet_value_and_wallet_less_reads_do_not_settle (test_audit_fixes.FundsAuditGate.test_cache_is_bound_to_the_wallet_value_and_wallet_less_reads_do_not_settle) ... ok
check	Compile and run offline checks	2026-10-03T03:23:54.4819739Z test_final_income_audit_failure_is_reported_not_success (test_audit_fixes.FundsAuditGate.test_final_income_audit_failure_is_reported_not_success) ... ok
check	Compile and run offline checks	2026-10-03T03:23:54.4941884Z test_gap_that_income_never_explains_becomes_unexplained (test_audit_fixes.FundsAuditGate.test_gap_that_income_never_explains_becomes_unexplained) ... ok
check	Compile and run offline checks	2026-10-03T03:23:54.6070710Z test_unexplained_wallet_stops_top_up_but_keeps_protection (test_audit_fixes.FundsAuditGate.test_unexplained_wallet_stops_top_up_but_keeps_protection) ... ok
check	Compile and run offline checks	2026-10-03T03:23:54.6179318Z test_wallet_drop_without_income_never_opens_risk_and_late_income_clears_it (test_audit_fixes.FundsAuditGate.test_wallet_drop_without_income_never_opens_risk_and_late_income_clears_it) ... ok
check	Compile and run offline checks	2026-10-03T03:23:54.7510292Z test_outage_does_not_touch_a_primary_position_or_its_protection (test_audit_fixes.MacroFailurePolicy.test_outage_does_not_touch_a_primary_position_or_its_protection) ... ok
check	Compile and run offline checks	2026-10-03T03:23:54.8018448Z test_outage_on_a_flat_account_stops_new_risk_without_hiding_the_reason (test_audit_fixes.MacroFailurePolicy.test_outage_on_a_flat_account_stops_new_risk_without_hiding_the_reason) ... ok
check	Compile and run offline checks	2026-10-03T03:23:54.8130198Z test_sub_unit_residue_is_arithmetic_but_one_native_unit_is_a_gap (test_audit_fixes.NativePrecision.test_sub_unit_residue_is_arithmetic_but_one_native_unit_is_a_gap) ... ok
check	Compile and run offline checks	2026-10-03T03:23:54.9417199Z test_a_healthy_native_leg_keeps_the_block_without_reducing (test_audit_fixes.ReplacementFallback.test_a_healthy_native_leg_keeps_the_block_without_reducing) ... ok
check	Compile and run offline checks	2026-10-03T03:23:55.0909318Z test_unprotected_position_with_a_failing_replacement_is_reduced_not_left_open (test_audit_fixes.ReplacementFallback.test_unprotected_position_with_a_failing_replacement_is_reduced_not_left_open) ... ok
check	Compile and run offline checks	2026-10-03T03:23:55.0913425Z test_documented_rejection_is_terminal_and_transport_loss_is_not (test_audit_fixes.RestErrors.test_documented_rejection_is_terminal_and_transport_loss_is_not) ... ok
check	Compile and run offline checks	2026-10-03T03:23:55.0920772Z test_rate_limits_and_server_errors_stay_unknown_with_native_evidence (test_audit_fixes.RestErrors.test_rate_limits_and_server_errors_stay_unknown_with_native_evidence) ... ok
check	Compile and run offline checks	2026-10-03T03:23:55.1008035Z test_unknown_status_is_recorded_on_the_intent_and_never_terminal (test_audit_fixes.RestErrors.test_unknown_status_is_recorded_on_the_intent_and_never_terminal) ... ok
check	Compile and run offline checks	2026-10-03T03:23:55.1009650Z test_first_signal_interrupts_later_ones_are_ignored_and_handlers_restore (test_audit_fixes.Signals.test_first_signal_interrupts_later_ones_are_ignored_and_handlers_restore) ... ok
check	Compile and run offline checks	2026-10-03T03:23:55.1023423Z test_interrupt_before_the_session_is_an_explicit_unknown_report (test_audit_fixes.Signals.test_interrupt_before_the_session_is_an_explicit_unknown_report) ... unknown: Interrupted before or outside the bounded session; reconcile before any new action
check	Compile and run offline checks	2026-10-03T03:23:55.1025506Z ok
check	Compile and run offline checks	2026-10-03T03:23:55.2209984Z test_entry_records_its_sizing_capital_and_top_up_reports_current_capital (test_audit_fixes.SmallFundBoundaries.test_entry_records_its_sizing_capital_and_top_up_reports_current_capital) ... ok
check	Compile and run offline checks	2026-10-03T03:23:55.3352256Z test_lowered_capital_never_grows_the_position_back_to_the_old_target (test_audit_fixes.SmallFundBoundaries.test_lowered_capital_never_grows_the_position_back_to_the_old_target) ... ok
check	Compile and run offline checks	2026-10-03T03:23:55.4507056Z test_session_reports_exchange_leverage_apart_from_account_notional (test_audit_fixes.SmallFundBoundaries.test_session_reports_exchange_leverage_apart_from_account_notional) ... ok
check	Compile and run offline checks	2026-10-03T03:23:55.4514812Z test_failed_time_read_sends_no_signed_request (test_audit_fixes.StatusClock.test_failed_time_read_sends_no_signed_request) ... ok
check	Compile and run offline checks	2026-10-03T03:23:55.4529678Z test_main_reports_the_failure_and_exits_nonzero (test_audit_fixes.StatusClock.test_main_reports_the_failure_and_exits_nonzero) ... unknown: Binance server time unavailable; clock not aligned
check	Compile and run offline checks	2026-10-03T03:23:55.4530983Z ok
check	Compile and run offline checks	2026-10-03T03:23:55.4633087Z test_status_aligns_the_clock_before_the_first_signed_read (test_audit_fixes.StatusClock.test_status_aligns_the_clock_before_the_first_signed_read) ... ok
check	Compile and run offline checks	2026-10-03T03:23:55.4636254Z test_execution_blocked_before_credentials_or_network (test_binance_cli.BinanceCLI.test_execution_blocked_before_credentials_or_network) ... ok
check	Compile and run offline checks	2026-10-03T03:23:55.4779611Z test_incomplete_replacement_is_visible_without_pending_order (test_binance_cli.BinanceCLI.test_incomplete_replacement_is_visible_without_pending_order) ... ok
check	Compile and run offline checks	2026-10-03T03:23:55.4791766Z test_missing_named_credentials_blocks_before_network (test_binance_cli.BinanceCLI.test_missing_named_credentials_blocks_before_network) ... ok
check	Compile and run offline checks	2026-10-03T03:23:55.4907695Z test_observation_saves_bound_account_report_without_decision (test_binance_cli.BinanceCLI.test_observation_saves_bound_account_report_without_decision) ... ok
check	Compile and run offline checks	2026-10-03T03:23:55.5048308Z test_pending_recovery_refreshes_account_and_keeps_unknown_blocked (test_binance_cli.BinanceCLI.test_pending_recovery_refreshes_account_and_keeps_unknown_blocked) ... ok
check	Compile and run offline checks	2026-10-03T03:23:55.5051667Z test_unknown_configuration_fields_are_rejected (test_binance_cli.BinanceCLI.test_unknown_configuration_fields_are_rejected) ... ok
check	Compile and run offline checks	2026-10-03T03:23:55.5232249Z test_canceled_parent_still_queries_partially_filled_child (test_binance_intent_read.IntentRead.test_canceled_parent_still_queries_partially_filled_child) ... ok
check	Compile and run offline checks	2026-10-03T03:23:55.5405998Z test_missing_history_never_becomes_retry_permission (test_binance_intent_read.IntentRead.test_missing_history_never_becomes_retry_permission) ... ok
check	Compile and run offline checks	2026-10-03T03:23:55.5766054Z test_checkpoint_pages_without_truncation (test_binance_market.NativeMarket.test_checkpoint_pages_without_truncation) ... ok
check	Compile and run offline checks	2026-10-03T03:23:55.5951074Z test_completed_boundary_and_missing_or_forming_candle (test_binance_market.NativeMarket.test_completed_boundary_and_missing_or_forming_candle) ... ok
check	Compile and run offline checks	2026-10-03T03:23:55.5954582Z test_common_increment_and_incomplete_filters (test_binance_quantity.QuantityTests.test_common_increment_and_incomplete_filters) ... ok
check	Compile and run offline checks	2026-10-03T03:23:55.5956053Z test_preserves_risk_budget_and_applies_minimum_and_market_cap (test_binance_quantity.QuantityTests.test_preserves_risk_budget_and_applies_minimum_and_market_cap) ... ok
check	Compile and run offline checks	2026-10-03T03:23:55.6488493Z test_bounded_snapshot_does_not_turn_racing_wallet_into_stable_state (test_binance_readonly.BinanceReadTests.test_bounded_snapshot_does_not_turn_racing_wallet_into_stable_state) ... ok
check	Compile and run offline checks	2026-10-03T03:23:55.6490928Z test_missing_or_wrong_account_mode_blocks (test_binance_readonly.BinanceReadTests.test_missing_or_wrong_account_mode_blocks) ... ok
check	Compile and run offline checks	2026-10-03T03:23:55.6493142Z test_out_of_scope_request_and_redirect_blocked (test_binance_readonly.BinanceReadTests.test_out_of_scope_request_and_redirect_blocked) ... ok
check	Compile and run offline checks	2026-10-03T03:23:55.6494891Z test_public_get_never_sends_key_or_signature (test_binance_readonly.BinanceReadTests.test_public_get_never_sends_key_or_signature) ... ok
check	Compile and run offline checks	2026-10-03T03:23:55.6496798Z test_signs_exact_query_and_returns_only_uid (test_binance_readonly.BinanceReadTests.test_signs_exact_query_and_returns_only_uid) ... ok
check	Compile and run offline checks	2026-10-03T03:23:55.6497975Z test_unavailable_is_unknown_and_error_does_not_leak_secrets (test_binance_readonly.BinanceReadTests.test_unavailable_is_unknown_and_error_does_not_leak_secrets) ... ok
check	Compile and run offline checks	2026-10-03T03:23:55.6500014Z test_usdt_equity_full_protection_and_remainder_are_distinct (test_binance_readonly.BinanceReadTests.test_usdt_equity_full_protection_and_remainder_are_distinct) ... ok
check	Compile and run offline checks	2026-10-03T03:23:55.6791287Z test_canceled_parent_cannot_hide_working_child (test_binance_recovery.RecoveryTests.test_canceled_parent_cannot_hide_working_child) ... ok
check	Compile and run offline checks	2026-10-03T03:23:55.7056958Z test_late_missing_order_stays_unknown_then_original_fill_recovers (test_binance_recovery.RecoveryTests.test_late_missing_order_stays_unknown_then_original_fill_recovers) ... ok
check	Compile and run offline checks	2026-10-03T03:23:55.7339662Z test_old_false_rejection_reopens_without_resending_or_claiming_external_fill (test_binance_recovery.RecoveryTests.test_old_false_rejection_reopens_without_resending_or_claiming_external_fill) ... ok
check	Compile and run offline checks	2026-10-03T03:23:55.7596131Z test_payload_mismatch_and_unknown_intent_kind_stay_unknown (test_binance_recovery.RecoveryTests.test_payload_mismatch_and_unknown_intent_kind_stay_unknown) ... ok
check	Compile and run offline checks	2026-10-03T03:23:55.7895660Z test_readonly_recovers_algo_cancel_only_after_child_terminal (test_binance_recovery.RecoveryTests.test_readonly_recovers_algo_cancel_only_after_child_terminal) ... ok
check	Compile and run offline checks	2026-10-03T03:23:55.8170636Z test_terminal_partial_fill_and_unknown_are_independent (test_binance_recovery.RecoveryTests.test_terminal_partial_fill_and_unknown_are_independent) ... ok
check	Compile and run offline checks	2026-10-03T03:23:55.8566150Z test_child_still_working_stays_unknown (test_binance_replace.PartialFillReplacementTests.test_child_still_working_stays_unknown) ... ok
check	Compile and run offline checks	2026-10-03T03:23:55.9030497Z test_flat_after_partial_fill_cleans_up_without_reopening (test_binance_replace.PartialFillReplacementTests.test_flat_after_partial_fill_cleans_up_without_reopening) ... ok
check	Compile and run offline checks	2026-10-03T03:23:55.9491887Z test_old_leg_filled_keeps_healthy_new_pair_and_finishes (test_binance_replace.PartialFillReplacementTests.test_old_leg_filled_keeps_healthy_new_pair_and_finishes) ... ok
check	Compile and run offline checks	2026-10-03T03:23:56.0020533Z test_spent_new_leg_rotates_to_fresh_generation_without_reusing_spent_id (test_binance_replace.PartialFillReplacementTests.test_spent_new_leg_rotates_to_fresh_generation_without_reusing_spent_id) ... ok
check	Compile and run offline checks	2026-10-03T03:23:56.0387675Z test_unexplained_or_oversized_change_stays_unknown (test_binance_replace.PartialFillReplacementTests.test_unexplained_or_oversized_change_stays_unknown) ... ok
check	Compile and run offline checks	2026-10-03T03:23:56.0773131Z test_authorized_reduce_remains_available_with_unknown_owned_cancel (test_binance_replace.ReplacementTests.test_authorized_reduce_remains_available_with_unknown_owned_cancel) ... ok
check	Compile and run offline checks	2026-10-03T03:23:56.1212559Z test_cancel_timeout_after_acceptance_settles_by_query (test_binance_replace.ReplacementTests.test_cancel_timeout_after_acceptance_settles_by_query) ... ok
check	Compile and run offline checks	2026-10-03T03:23:56.1592327Z test_canceled_parent_working_child_blocks (test_binance_replace.ReplacementTests.test_canceled_parent_working_child_blocks) ... ok
check	Compile and run offline checks	2026-10-03T03:23:56.1904471Z test_changed_replacement_request_cannot_bypass_pending_operation (test_binance_replace.ReplacementTests.test_changed_replacement_request_cannot_bypass_pending_operation) ... ok
check	Compile and run offline checks	2026-10-03T03:23:56.2343145Z test_flat_after_cancel_cleanup_does_not_reopen (test_binance_replace.ReplacementTests.test_flat_after_cancel_cleanup_does_not_reopen) ... ok
check	Compile and run offline checks	2026-10-03T03:23:56.2629237Z test_lost_ownership_blocks_without_writes (test_binance_replace.ReplacementTests.test_lost_ownership_blocks_without_writes) ... ok
check	Compile and run offline checks	2026-10-03T03:23:56.3053020Z test_new_pair_before_old_cancel_and_restart_no_writes (test_binance_replace.ReplacementTests.test_new_pair_before_old_cancel_and_restart_no_writes) ... ok
check	Compile and run offline checks	2026-10-03T03:23:56.3376232Z test_new_rejection_retains_old_and_never_retries (test_binance_replace.ReplacementTests.test_new_rejection_retains_old_and_never_retries) ... ok
check	Compile and run offline checks	2026-10-03T03:23:56.3754141Z test_partial_exposure_restart_keeps_existing_protections (test_binance_replace.ReplacementTests.test_partial_exposure_restart_keeps_existing_protections) ... ok
check	Compile and run offline checks	2026-10-03T03:23:56.4063241Z test_price_already_through_new_stop_keeps_old_protection (test_binance_replace.ReplacementTests.test_price_already_through_new_stop_keeps_old_protection) ... ok
check	Compile and run offline checks	2026-10-03T03:23:56.4347885Z test_replacement_default_read_only (test_binance_replace.ReplacementTests.test_replacement_default_read_only) ... ok
check	Compile and run offline checks	2026-10-03T03:23:56.4844891Z test_restart_resumes_accepted_cancel_without_resend (test_binance_replace.ReplacementTests.test_restart_resumes_accepted_cancel_without_resend) ... ok
check	Compile and run offline checks	2026-10-03T03:23:56.5322299Z test_short_replacement_uses_buy_close_all_without_quantity (test_binance_replace.ReplacementTests.test_short_replacement_uses_buy_close_all_without_quantity) ... ok
check	Compile and run offline checks	2026-10-03T03:23:56.5859792Z test_unknown_cancel_is_not_repeated (test_binance_replace.ReplacementTests.test_unknown_cancel_is_not_repeated) ... ok
check	Compile and run offline checks	2026-10-03T03:23:56.6149700Z test_cancel_fill_race_returns_real_exposure (test_binance_safety.SafetyTests.test_cancel_fill_race_returns_real_exposure) ... ok
check	Compile and run offline checks	2026-10-03T03:23:56.6396071Z test_default_does_not_write (test_binance_safety.SafetyTests.test_default_does_not_write) ... ok
check	Compile and run offline checks	2026-10-03T03:23:56.6657386Z test_model_margin_target_readback (test_binance_safety.SafetyTests.test_model_margin_target_readback) ... ok
check	Compile and run offline checks	2026-10-03T03:23:56.6922677Z test_new_entry_remainder_between_legs_stops_writes (test_binance_safety.SafetyTests.test_new_entry_remainder_between_legs_stops_writes) ... ok
check	Compile and run offline checks	2026-10-03T03:23:56.7173718Z test_no_open_order_is_not_proof_unknown_entry_cannot_arrive (test_binance_safety.SafetyTests.test_no_open_order_is_not_proof_unknown_entry_cannot_arrive) ... ok
check	Compile and run offline checks	2026-10-03T03:23:56.7462439Z test_partial_exposure_close_all_and_idempotent_recovery (test_binance_safety.SafetyTests.test_partial_exposure_close_all_and_idempotent_recovery) ... ok
check	Compile and run offline checks	2026-10-03T03:23:56.7733164Z test_reduce_only_below_entry_min_notional_can_close (test_binance_safety.SafetyTests.test_reduce_only_below_entry_min_notional_can_close) ... ok
check	Compile and run offline checks	2026-10-03T03:23:56.8005763Z test_reduce_only_never_reverses (test_binance_safety.SafetyTests.test_reduce_only_never_reverses) ... ok
check	Compile and run offline checks	2026-10-03T03:23:56.8247526Z test_remainder_blocks_protection (test_binance_safety.SafetyTests.test_remainder_blocks_protection) ... ok
check	Compile and run offline checks	2026-10-03T03:23:56.8504014Z test_stop_fill_between_legs_prevents_stale_take_write (test_binance_safety.SafetyTests.test_stop_fill_between_legs_prevents_stale_take_write) ... ok
check	Compile and run offline checks	2026-10-03T03:23:56.8798292Z test_timeout_after_acceptance_is_queried (test_binance_safety.SafetyTests.test_timeout_after_acceptance_is_queried) ... ok
check	Compile and run offline checks	2026-10-03T03:23:56.9063097Z test_unknown_margin_blocks_different_epoch (test_binance_safety.SafetyTests.test_unknown_margin_blocks_different_epoch) ... ok
check	Compile and run offline checks	2026-10-03T03:23:56.9330551Z test_unknown_missing_never_retries (test_binance_safety.SafetyTests.test_unknown_missing_never_retries) ... ok
check	Compile and run offline checks	2026-10-03T03:23:56.9339476Z test_candle_weight_tracks_page_size_and_reserves_before_request (test_binance_writer.WriterTests.test_candle_weight_tracks_page_size_and_reserves_before_request) ... ok
check	Compile and run offline checks	2026-10-03T03:23:56.9341387Z test_default_read_only_and_unbounded_entries_rejected_before_network (test_binance_writer.WriterTests.test_default_read_only_and_unbounded_entries_rejected_before_network) ... ok
check	Compile and run offline checks	2026-10-03T03:23:56.9344857Z test_rate_limit_cooldown_prevents_poll_storm (test_binance_writer.WriterTests.test_rate_limit_cooldown_prevents_poll_storm) ... ok
check	Compile and run offline checks	2026-10-03T03:23:56.9348561Z test_signed_order_is_sent_once_without_account_setting_capability (test_binance_writer.WriterTests.test_signed_order_is_sent_once_without_account_setting_capability) ... ok
check	Compile and run offline checks	2026-10-03T03:23:56.9350741Z test_transport_timeout_is_unknown_and_never_retried (test_binance_writer.WriterTests.test_transport_timeout_is_unknown_and_never_retried) ... ok
check	Compile and run offline checks	2026-10-03T03:23:56.9356999Z test_checkpoint_of_another_version_blocks (test_campaign.CampaignTests.test_checkpoint_of_another_version_blocks) ... ok
check	Compile and run offline checks	2026-10-03T03:23:56.9359307Z test_consumption_and_unknown_position (test_campaign.CampaignTests.test_consumption_and_unknown_position) ... ok
check	Compile and run offline checks	2026-10-03T03:23:57.0038954Z test_every_prefix_survives_serialized_restart (test_campaign.CampaignTests.test_every_prefix_survives_serialized_restart) ... ok
check	Compile and run offline checks	2026-10-03T03:23:57.0136991Z test_interrupted_bootstrap_resumes_only_verified_page (test_campaign.CampaignTests.test_interrupted_bootstrap_resumes_only_verified_page) ... ok
check	Compile and run offline checks	2026-10-03T03:23:57.0141615Z test_macro_cold_start_does_not_infer_old_unseen_campaign (test_campaign.CampaignTests.test_macro_cold_start_does_not_infer_old_unseen_campaign) ... ok
check	Compile and run offline checks	2026-10-03T03:23:57.0143593Z test_missing_history_and_corrupt_checkpoint_block (test_campaign.CampaignTests.test_missing_history_and_corrupt_checkpoint_block) ... ok
check	Compile and run offline checks	2026-10-03T03:23:57.0152540Z test_promoted_macro_priority_consumption_and_restart (test_campaign.CampaignTests.test_promoted_macro_priority_consumption_and_restart) ... ok
check	Compile and run offline checks	2026-10-03T03:23:57.0238359Z test_read_only_resume_and_unknown_ownership (test_campaign.CampaignTests.test_read_only_resume_and_unknown_ownership) ... ok
check	Compile and run offline checks	2026-10-03T03:23:57.0240202Z test_closed_account_matches_fills_costs_and_full_cash_ledger (test_comparison_report.AccountAuditTests.test_closed_account_matches_fills_costs_and_full_cash_ledger) ... ok
check	Compile and run offline checks	2026-10-03T03:23:57.0242992Z test_missing_fill_wrong_wallet_and_external_flow_invalidate_account (test_comparison_report.AccountAuditTests.test_missing_fill_wrong_wallet_and_external_flow_invalidate_account) ... ok
check	Compile and run offline checks	2026-10-03T03:23:57.0251066Z test_budget_initial_peak_includes_only_conversion_cost (test_complete_perp.CompletePerpTests.test_budget_initial_peak_includes_only_conversion_cost) ... ok
check	Compile and run offline checks	2026-10-03T03:23:57.0281431Z test_checkpoint_daily_state_and_candidate_identity (test_complete_perp.CompletePerpTests.test_checkpoint_daily_state_and_candidate_identity) ... ok
check	Compile and run offline checks	2026-10-03T03:23:57.0309416Z test_conditional_short_requires_decline_and_one_way_ownership (test_complete_perp.CompletePerpTests.test_conditional_short_requires_decline_and_one_way_ownership) ... ok
check	Compile and run offline checks	2026-10-03T03:23:57.0313759Z test_features_ignore_future_and_expire (test_complete_perp.CompletePerpTests.test_features_ignore_future_and_expire) ... ok
check	Compile and run offline checks	2026-10-03T03:23:57.0341154Z test_filters_only_block_new_longs_not_hold_or_reduction (test_complete_perp.CompletePerpTests.test_filters_only_block_new_longs_not_hold_or_reduction) ... ok
check	Compile and run offline checks	2026-10-03T03:23:57.0344532Z test_initial_fx_precedes_metric_and_daily_boundary_uses_boundary_fx (test_complete_perp.CompletePerpTests.test_initial_fx_precedes_metric_and_daily_boundary_uses_boundary_fx) ... ok
check	Compile and run offline checks	2026-10-03T03:23:57.1755129Z test_public_restore_includes_september_funding_without_price_extension (test_complete_perp.CompletePerpTests.test_public_restore_includes_september_funding_without_price_extension) ... ok
check	Compile and run offline checks	2026-10-03T03:23:57.1760893Z test_research_terminal_excludes_only_end_funding_and_never_executes (test_complete_perp.CompletePerpTests.test_research_terminal_excludes_only_end_funding_and_never_executes) ... ok
check	Compile and run offline checks	2026-10-03T03:23:57.1787776Z test_slow_trend_primary_priority_owned_stop_and_break (test_complete_perp.CompletePerpTests.test_slow_trend_primary_priority_owned_stop_and_break) ... ok
check	Compile and run offline checks	2026-10-03T03:23:57.1789541Z test_tail_recent_shock_reduces_fraction_without_other_knobs (test_complete_perp.CompletePerpTests.test_tail_recent_shock_reduces_fraction_without_other_knobs) ... ok
check	Compile and run offline checks	2026-10-03T03:23:57.1795349Z test_terminal_derivation_preserves_history_and_reconstructs_cash (test_complete_perp.CompletePerpTests.test_terminal_derivation_preserves_history_and_reconstructs_cash) ... ok
check	Compile and run offline checks	2026-10-03T03:23:57.2138783Z test_official_sparse_vintages_are_reconstructed_only_as_of_call (test_dfii10.DFII10Tests.test_official_sparse_vintages_are_reconstructed_only_as_of_call) ... ok
check	Compile and run offline checks	2026-10-03T03:23:57.2153937Z test_raw_response_is_stored_atomically_verified_and_repaired (test_dfii10.RawStoreTests.test_raw_response_is_stored_atomically_verified_and_repaired) ... ok
check	Compile and run offline checks	2026-10-03T03:23:57.2181002Z test_changed_columns_or_non_zip_answers_are_unknown_not_a_stale_value (test_dfii10.SourceFailureTests.test_changed_columns_or_non_zip_answers_are_unknown_not_a_stale_value) ... ok
check	Compile and run offline checks	2026-10-03T03:23:57.2248871Z test_failure_defers_retries_and_success_is_reused_for_fifteen_minutes (test_dfii10.SourceFailureTests.test_failure_defers_retries_and_success_is_reused_for_fifteen_minutes) ... ok
check	Compile and run offline checks	2026-10-03T03:23:57.2256198Z test_basis_before_at_and_current_utc_availability_date (test_edge_features.FeatureTests.test_basis_before_at_and_current_utc_availability_date) ... ok
check	Compile and run offline checks	2026-10-03T03:23:57.2272682Z test_coverage_is_recomputed_and_tracks_exact_jitter_gap (test_edge_features.FeatureTests.test_coverage_is_recomputed_and_tracks_exact_jitter_gap) ... ok
check	Compile and run offline checks	2026-10-03T03:23:57.2286813Z test_duplicate_json_keys_and_nonfinite_json_numbers_reject (test_edge_features.FeatureTests.test_duplicate_json_keys_and_nonfinite_json_numbers_reject) ... ok
check	Compile and run offline checks	2026-10-03T03:23:57.2292407Z test_empty_features_are_missing_never_zero (test_edge_features.FeatureTests.test_empty_features_are_missing_never_zero) ... ok
check	Compile and run offline checks	2026-10-03T03:23:57.2327844Z test_file_content_and_source_identity_checks (test_edge_features.FeatureTests.test_file_content_and_source_identity_checks) ... ok
check	Compile and run offline checks	2026-10-03T03:23:57.2334403Z test_frozen_window_blocks_valid_tail_and_before_window (test_edge_features.FeatureTests.test_frozen_window_blocks_valid_tail_and_before_window) ... ok
check	Compile and run offline checks	2026-10-03T03:23:57.2340541Z test_funding_before_at_and_exact_expiry_with_negative_rate (test_edge_features.FeatureTests.test_funding_before_at_and_exact_expiry_with_negative_rate) ... ok
check	Compile and run offline checks	2026-10-03T03:23:57.2353673Z test_future_tail_perturbation_cannot_change_prior_decisions (test_edge_features.FeatureTests.test_future_tail_perturbation_cannot_change_prior_decisions) ... ok
check	Compile and run offline checks	2026-10-03T03:23:57.2388602Z test_invalid_and_nonfinite_decimal_values (test_edge_features.FeatureTests.test_invalid_and_nonfinite_decimal_values) ... ok
check	Compile and run offline checks	2026-10-03T03:23:57.2407752Z test_invalid_container_shapes_reject (test_edge_features.FeatureTests.test_invalid_container_shapes_reject) ... ok
check	Compile and run offline checks	2026-10-03T03:23:57.2414190Z test_invalid_lookup_names_and_times_reject (test_edge_features.FeatureTests.test_invalid_lookup_names_and_times_reject) ... ok
check	Compile and run offline checks	2026-10-03T03:23:57.2489276Z test_invalid_time_lag_boundary_and_order_records (test_edge_features.FeatureTests.test_invalid_time_lag_boundary_and_order_records) ... ok
check	Compile and run offline checks	2026-10-03T03:23:57.2496103Z test_lookup_journal_binds_input_sources_and_missing_cause (test_edge_features.FeatureTests.test_lookup_journal_binds_input_sources_and_missing_cause) ... ok
check	Compile and run offline checks	2026-10-03T03:23:57.2502284Z test_missing_day_is_explicit_and_cannot_carry_yesterdays_basis (test_edge_features.FeatureTests.test_missing_day_is_explicit_and_cannot_carry_yesterdays_basis) ... ok
check	Compile and run offline checks	2026-10-03T03:23:57.2524018Z test_null_requires_cause_and_known_value_cannot_have_one (test_edge_features.FeatureTests.test_null_requires_cause_and_known_value_cannot_have_one) ... ok
check	Compile and run offline checks	2026-10-03T03:23:57.2528512Z test_registered_rules_are_finite_and_project_bound (test_edge_features.FeatureTests.test_registered_rules_are_finite_and_project_bound) ... ok
check	Compile and run offline checks	2026-10-03T03:23:57.2534979Z test_settlement_jitter_is_not_repaired_or_tolerated (test_edge_features.FeatureTests.test_settlement_jitter_is_not_repaired_or_tolerated) ... ok
check	Compile and run offline checks	2026-10-03T03:23:57.2745039Z test_checkpoint_rejects_extension_tampering_and_source_mismatch (test_edge_perp.EdgeTests.test_checkpoint_rejects_extension_tampering_and_source_mismatch) ... ok
check	Compile and run offline checks	2026-10-03T03:23:57.2755660Z test_cli_rejects_nonregistered_or_overwrite_before_measure (test_edge_perp.EdgeTests.test_cli_rejects_nonregistered_or_overwrite_before_measure) ... usage: python -m unittest [-h] [--market MARKET] [--prints PRINTS] [--fx FX]
check	Compile and run offline checks	2026-10-03T03:23:57.2757234Z                           --features FEATURES --out OUT [--limit LIMIT]
check	Compile and run offline checks	2026-10-03T03:23:57.2757899Z                           [--candidate {incumbent,quality-budget,cost-horizon,crowding-interaction}]
check	Compile and run offline checks	2026-10-03T03:23:57.2758533Z                           [--scenario {base,fees-x1.5,read-400ms,trigger-slip}]
check	Compile and run offline checks	2026-10-03T03:23:57.2758968Z                           [--combo COMBO]
check	Compile and run offline checks	2026-10-03T03:23:57.2759521Z                           [--risk-calibration RISK_CALIBRATION]
check	Compile and run offline checks	2026-10-03T03:23:57.2760049Z                           [--initial-cny INITIAL_CNY]
check	Compile and run offline checks	2026-10-03T03:23:57.2760495Z                           [--start-offset-ms {-60000,0,60000}]
check	Compile and run offline checks	2026-10-03T03:23:57.2760863Z                           [--restore-prints]
check	Compile and run offline checks	2026-10-03T03:23:57.2761374Z python -m unittest: error: incomplete smoke limit must be 1..795 and output under /tmp
check	Compile and run offline checks	2026-10-03T03:23:57.2762568Z usage: python -m unittest [-h] [--market MARKET] [--prints PRINTS] [--fx FX]
check	Compile and run offline checks	2026-10-03T03:23:57.2763170Z                           --features FEATURES --out OUT [--limit LIMIT]
check	Compile and run offline checks	2026-10-03T03:23:57.2763778Z                           [--candidate {incumbent,quality-budget,cost-horizon,crowding-interaction}]
check	Compile and run offline checks	2026-10-03T03:23:57.2764416Z                           [--scenario {base,fees-x1.5,read-400ms,trigger-slip}]
check	Compile and run offline checks	2026-10-03T03:23:57.2764839Z                           [--combo COMBO]
check	Compile and run offline checks	2026-10-03T03:23:57.2765201Z                           [--risk-calibration RISK_CALIBRATION]
check	Compile and run offline checks	2026-10-03T03:23:57.2765594Z                           [--initial-cny INITIAL_CNY]
check	Compile and run offline checks	2026-10-03T03:23:57.2765964Z                           [--start-offset-ms {-60000,0,60000}]
check	Compile and run offline checks	2026-10-03T03:23:57.2766332Z                           [--restore-prints]
check	Compile and run offline checks	2026-10-03T03:23:57.2766819Z python -m unittest: error: initial CNY must be registered 2500, 5000, 7500 or 10000
check	Compile and run offline checks	2026-10-03T03:23:57.2770023Z usage: python -m unittest [-h] [--market MARKET] [--prints PRINTS] [--fx FX]
check	Compile and run offline checks	2026-10-03T03:23:57.2770631Z                           --features FEATURES --out OUT [--limit LIMIT]
check	Compile and run offline checks	2026-10-03T03:23:57.2771154Z                           [--candidate {incumbent,quality-budget,cost-horizon,crowding-interaction}]
check	Compile and run offline checks	2026-10-03T03:23:57.2771690Z                           [--scenario {base,fees-x1.5,read-400ms,trigger-slip}]
check	Compile and run offline checks	2026-10-03T03:23:57.2772292Z                           [--combo COMBO]
check	Compile and run offline checks	2026-10-03T03:23:57.2772605Z                           [--risk-calibration RISK_CALIBRATION]
check	Compile and run offline checks	2026-10-03T03:23:57.2772933Z                           [--initial-cny INITIAL_CNY]
check	Compile and run offline checks	2026-10-03T03:23:57.2773249Z                           [--start-offset-ms {-60000,0,60000}]
check	Compile and run offline checks	2026-10-03T03:23:57.2773560Z                           [--restore-prints]
check	Compile and run offline checks	2026-10-03T03:23:57.2773999Z python -m unittest: error: capital/start diagnostics require one fixed candidate and base
check	Compile and run offline checks	2026-10-03T03:23:57.2777659Z usage: python -m unittest [-h] [--market MARKET] [--prints PRINTS] [--fx FX]
check	Compile and run offline checks	2026-10-03T03:23:57.2778438Z                           --features FEATURES --out OUT [--limit LIMIT]
check	Compile and run offline checks	2026-10-03T03:23:57.2779195Z                           [--candidate {incumbent,quality-budget,cost-horizon,crowding-interaction}]
check	Compile and run offline checks	2026-10-03T03:23:57.2779909Z                           [--scenario {base,fees-x1.5,read-400ms,trigger-slip}]
check	Compile and run offline checks	2026-10-03T03:23:57.2780263Z                           [--combo COMBO]
check	Compile and run offline checks	2026-10-03T03:23:57.2780561Z                           [--risk-calibration RISK_CALIBRATION]
check	Compile and run offline checks	2026-10-03T03:23:57.2780884Z                           [--initial-cny INITIAL_CNY]
check	Compile and run offline checks	2026-10-03T03:23:57.2781201Z                           [--start-offset-ms {-60000,0,60000}]
check	Compile and run offline checks	2026-10-03T03:23:57.2781502Z                           [--restore-prints]
check	Compile and run offline checks	2026-10-03T03:23:57.2781837Z python -m unittest: error: choose candidate or fixed combo
check	Compile and run offline checks	2026-10-03T03:23:57.2786153Z usage: python -m unittest [-h] [--market MARKET] [--prints PRINTS] [--fx FX]
check	Compile and run offline checks	2026-10-03T03:23:57.2786729Z                           --features FEATURES --out OUT [--limit LIMIT]
check	Compile and run offline checks	2026-10-03T03:23:57.2787227Z                           [--candidate {incumbent,quality-budget,cost-horizon,crowding-interaction}]
check	Compile and run offline checks	2026-10-03T03:23:57.2787753Z                           [--scenario {base,fees-x1.5,read-400ms,trigger-slip}]
check	Compile and run offline checks	2026-10-03T03:23:57.2788327Z                           [--combo COMBO]
check	Compile and run offline checks	2026-10-03T03:23:57.2788635Z                           [--risk-calibration RISK_CALIBRATION]
check	Compile and run offline checks	2026-10-03T03:23:57.2788960Z                           [--initial-cny INITIAL_CNY]
check	Compile and run offline checks	2026-10-03T03:23:57.2789273Z                           [--start-offset-ms {-60000,0,60000}]
check	Compile and run offline checks	2026-10-03T03:23:57.2789738Z                           [--restore-prints]
check	Compile and run offline checks	2026-10-03T03:23:57.2790098Z python -m unittest: error: never overwrite results or progress
check	Compile and run offline checks	2026-10-03T03:23:57.2790428Z ok
check	Compile and run offline checks	2026-10-03T03:23:57.2825041Z test_combo_reductions_multiply_and_components_reject_duplicates (test_edge_perp.EdgeTests.test_combo_reductions_multiply_and_components_reject_duplicates) ... ok
check	Compile and run offline checks	2026-10-03T03:23:57.2890394Z test_cost_exit_requires_actual_legal_decision_original_exits_win (test_edge_perp.EdgeTests.test_cost_exit_requires_actual_legal_decision_original_exits_win) ... ok
check	Compile and run offline checks	2026-10-03T03:23:57.2926674Z test_crowding_conjunction_equality_missing_and_independence (test_edge_perp.EdgeTests.test_crowding_conjunction_equality_missing_and_independence) ... ok
check	Compile and run offline checks	2026-10-03T03:23:57.2979628Z test_exact_project_calibration_schema (test_edge_perp.EdgeTests.test_exact_project_calibration_schema) ... ok
check	Compile and run offline checks	2026-10-03T03:23:57.3116809Z test_extension_crossed_bar_keeps_original_hold_and_roundtrips (test_edge_perp.EdgeTests.test_extension_crossed_bar_keeps_original_hold_and_roundtrips) ... ok
check	Compile and run offline checks	2026-10-03T03:23:57.3230643Z test_extension_only_actual_five_to_seven_days_once_and_protection_unchanged (test_edge_perp.EdgeTests.test_extension_only_actual_five_to_seven_days_once_and_protection_unchanged) ... ok
check	Compile and run offline checks	2026-10-03T03:23:57.5214295Z test_extension_session_is_registered_offset_bound_and_rejects_before_recovery (test_edge_perp.EdgeTests.test_extension_session_is_registered_offset_bound_and_rejects_before_recovery) ... ok
check	Compile and run offline checks	2026-10-03T03:23:57.5220655Z test_fixed_feature_artifact_pin_rejects_before_account_meter (test_edge_perp.EdgeTests.test_fixed_feature_artifact_pin_rejects_before_account_meter) ... ok
check	Compile and run offline checks	2026-10-03T03:23:57.5458453Z test_history_catchup_expired_and_stopped_cannot_extend (test_edge_perp.EdgeTests.test_history_catchup_expired_and_stopped_cannot_extend) ... ok
check	Compile and run offline checks	2026-10-03T03:23:57.5517500Z test_hooks_restore_on_exception (test_edge_perp.EdgeTests.test_hooks_restore_on_exception) ... ok
check	Compile and run offline checks	2026-10-03T03:23:57.7393893Z test_identity_and_checkpoint_reject_before_recovery_or_cleanup (test_edge_perp.EdgeTests.test_identity_and_checkpoint_reject_before_recovery_or_cleanup) ... ok
check	Compile and run offline checks	2026-10-03T03:23:58.2396775Z test_incumbent_retains_original_report_calls_clock_cash_and_checkpoint (test_edge_perp.EdgeTests.test_incumbent_retains_original_report_calls_clock_cash_and_checkpoint) ... ok
check	Compile and run offline checks	2026-10-03T03:23:58.2459489Z test_macro_cost_exit_has_no_primary_extension (test_edge_perp.EdgeTests.test_macro_cost_exit_has_no_primary_extension) ... ok
check	Compile and run offline checks	2026-10-03T03:23:58.2495938Z test_missing_quality_inputs_macro_and_short_are_unchanged (test_edge_perp.EdgeTests.test_missing_quality_inputs_macro_and_short_are_unchanged) ... ok
check	Compile and run offline checks	2026-10-03T03:23:58.2530563Z test_momentum_is_six_completed_intervals_and_trend_twenty_bars (test_edge_perp.EdgeTests.test_momentum_is_six_completed_intervals_and_trend_twenty_bars) ... ok
check	Compile and run offline checks	2026-10-03T03:23:58.5154484Z test_new_risk_scale_cutoff_zero_and_held_committed_topup (test_edge_perp.EdgeTests.test_new_risk_scale_cutoff_zero_and_held_committed_topup) ... ok
check	Compile and run offline checks	2026-10-03T03:23:58.7149908Z test_owned_cost_exit_runs_through_real_lifecycle_with_protection (test_edge_perp.EdgeTests.test_owned_cost_exit_runs_through_real_lifecycle_with_protection) ... ok
check	Compile and run offline checks	2026-10-03T03:23:58.7188399Z test_quality_immutable_trigger_mark_and_completed_history_boundaries (test_edge_perp.EdgeTests.test_quality_immutable_trigger_mark_and_completed_history_boundaries) ... ok
check	Compile and run offline checks	2026-10-03T03:23:58.9006374Z test_real_decision_journal_has_distinct_completion_clocks (test_edge_perp.EdgeTests.test_real_decision_journal_has_distinct_completion_clocks) ... ok
check	Compile and run offline checks	2026-10-03T03:23:58.9027972Z test_corrupt_vault_and_orphan_destination_fail_without_overwrite (test_edge_perp.PrintTests.test_corrupt_vault_and_orphan_destination_fail_without_overwrite) ... ok
check	Compile and run offline checks	2026-10-03T03:23:58.9043738Z test_foreign_packed_price_and_unknown_directory_are_rejected_untouched (test_edge_perp.PrintTests.test_foreign_packed_price_and_unknown_directory_are_rejected_untouched) ... ok
check	Compile and run offline checks	2026-10-03T03:23:58.9123437Z test_missing_day_eviction_preserves_owned_cache_and_vault (test_edge_perp.PrintTests.test_missing_day_eviction_preserves_owned_cache_and_vault) ... ok
check	Compile and run offline checks	2026-10-03T03:23:58.9166810Z test_owned_binary_is_verified_before_reuse_and_unknown_files_preserved (test_edge_perp.PrintTests.test_owned_binary_is_verified_before_reuse_and_unknown_files_preserved) ... ok
check	Compile and run offline checks	2026-10-03T03:23:58.9193759Z test_verified_vault_hash_receipt_and_eviction_leave_originals_unchanged (test_edge_perp.PrintTests.test_verified_vault_hash_receipt_and_eviction_leave_originals_unchanged) ... ok
check	Compile and run offline checks	2026-10-03T03:23:58.9196195Z test_capital_limit_must_be_a_positive_decimal_string (test_environment.EnvironmentTests.test_capital_limit_must_be_a_positive_decimal_string) ... ok
check	Compile and run offline checks	2026-10-03T03:23:58.9228826Z test_controlled_demo_writes_use_the_same_session_and_adapter (test_environment.EnvironmentTests.test_controlled_demo_writes_use_the_same_session_and_adapter) ... ok
check	Compile and run offline checks	2026-10-03T03:23:58.9242674Z test_demo_execute_without_trial_flags_stays_blocked_before_credentials (test_environment.EnvironmentTests.test_demo_execute_without_trial_flags_stays_blocked_before_credentials) ... ok
check	Compile and run offline checks	2026-10-03T03:23:58.9245507Z test_demo_reads_only_demo_hosts (test_environment.EnvironmentTests.test_demo_reads_only_demo_hosts) ... ok
check	Compile and run offline checks	2026-10-03T03:23:58.9394354Z test_demo_uses_its_own_credentials_and_state_scope (test_environment.EnvironmentTests.test_demo_uses_its_own_credentials_and_state_scope) ... ok
check	Compile and run offline checks	2026-10-03T03:23:58.9483591Z test_live_state_directory_refuses_a_demo_configuration (test_environment.EnvironmentTests.test_live_state_directory_refuses_a_demo_configuration) ... ok
check	Compile and run offline checks	2026-10-03T03:23:58.9517415Z test_live_trial_needs_reviewed_matching_demo_evidence (test_environment.EnvironmentTests.test_live_trial_needs_reviewed_matching_demo_evidence) ... ok
check	Compile and run offline checks	2026-10-03T03:23:58.9879458Z test_session_refuses_an_adapter_for_another_environment_or_limit (test_environment.EnvironmentTests.test_session_refuses_an_adapter_for_another_environment_or_limit) ... ok
check	Compile and run offline checks	2026-10-03T03:23:59.1113025Z test_an_absent_add_is_retired_only_while_the_position_is_unchanged (test_full_review.AbsentOrderRetirement.test_an_absent_add_is_retired_only_while_the_position_is_unchanged) ... ok
check	Compile and run offline checks	2026-10-03T03:23:59.2371364Z test_an_absent_entry_needs_a_flat_account (test_full_review.AbsentOrderRetirement.test_an_absent_entry_needs_a_flat_account) ... ok
check	Compile and run offline checks	2026-10-03T03:23:59.3575087Z test_an_absent_reduction_is_retired_even_with_a_position_and_never_reduces_more (test_full_review.AbsentOrderRetirement.test_an_absent_reduction_is_retired_even_with_a_position_and_never_reduces_more) ... ok
check	Compile and run offline checks	2026-10-03T03:23:59.3578048Z test_a_write_without_time_to_read_the_answer_is_never_sent (test_full_review.AdapterEdges.test_a_write_without_time_to_read_the_answer_is_never_sent) ... ok
check	Compile and run offline checks	2026-10-03T03:23:59.3581140Z test_algo_cancel_reply_with_string_code_200_is_accepted (test_full_review.AdapterEdges.test_algo_cancel_reply_with_string_code_200_is_accepted) ... ok
check	Compile and run offline checks	2026-10-03T03:23:59.3583463Z test_order_cancel_and_reduction_shapes_are_restricted_to_owned_market_reductions (test_full_review.AdapterEdges.test_order_cancel_and_reduction_shapes_are_restricted_to_owned_market_reductions) ... ok
check	Compile and run offline checks	2026-10-03T03:23:59.3587437Z test_slow_time_sample_does_not_set_the_offset_and_rate_limit_cools_down (test_full_review.AdapterEdges.test_slow_time_sample_does_not_set_the_offset_and_rate_limit_cools_down) ... ok
check	Compile and run offline checks	2026-10-03T03:23:59.3594149Z test_truncated_or_malformed_http_is_unknown_never_a_raw_exception (test_full_review.AdapterEdges.test_truncated_or_malformed_http_is_unknown_never_a_raw_exception) ... ok
check	Compile and run offline checks	2026-10-03T03:23:59.4778859Z test_failed_clock_sample_at_cleanup_does_not_skip_verification (test_full_review.CleanupBudgets.test_failed_clock_sample_at_cleanup_does_not_skip_verification) ... ok
check	Compile and run offline checks	2026-10-03T03:23:59.6007697Z test_recovery_fallback_reductions_reserve_their_own_observation_budget (test_full_review.CleanupBudgets.test_recovery_fallback_reductions_reserve_their_own_observation_budget) ... ok
check	Compile and run offline checks	2026-10-03T03:23:59.7187926Z test_signal_landing_inside_the_final_cleanup_is_retried_once (test_full_review.CleanupBudgets.test_signal_landing_inside_the_final_cleanup_is_retried_once) ... ok
check	Compile and run offline checks	2026-10-03T03:23:59.7189842Z test_relative_state_directory_is_refused (test_full_review.ConfigPath.test_relative_state_directory_is_refused) ... ok
check	Compile and run offline checks	2026-10-03T03:23:59.7885000Z test_interrupted_cold_start_still_consumes_the_macro_state (test_macro_input.MacroInputTests.test_interrupted_cold_start_still_consumes_the_macro_state) ... ok
check	Compile and run offline checks	2026-10-03T03:23:59.9064913Z test_macro_position_keeps_protection_without_dfii10 (test_macro_input.MacroInputTests.test_macro_position_keeps_protection_without_dfii10) ... ok
check	Compile and run offline checks	2026-10-03T03:24:00.0431629Z test_primary_exit_does_not_wait_for_dfii10 (test_macro_input.MacroInputTests.test_primary_exit_does_not_wait_for_dfii10) ... ok
check	Compile and run offline checks	2026-10-03T03:24:00.1421504Z test_missing_time_zone_data_fails_with_an_actionable_error (test_macro_input.SourceBudgetTests.test_missing_time_zone_data_fails_with_an_actionable_error) ... ok
check	Compile and run offline checks	2026-10-03T03:24:00.1426769Z test_reads_share_the_budget_and_failures_are_not_repeated_each_poll (test_macro_input.SourceBudgetTests.test_reads_share_the_budget_and_failures_are_not_repeated_each_poll) ... ok
check	Compile and run offline checks	2026-10-03T03:24:00.1716090Z test_a_distant_earlier_transfer_does_not_make_history_ambiguous (test_margin_intents.MarginIntentTests.test_a_distant_earlier_transfer_does_not_make_history_ambiguous) ... ok
check	Compile and run offline checks	2026-10-03T03:24:00.2024955Z test_a_margin_row_without_preparation_time_is_bounded_by_its_last_update (test_margin_intents.MarginIntentTests.test_a_margin_row_without_preparation_time_is_bounded_by_its_last_update) ... ok
check	Compile and run offline checks	2026-10-03T03:24:00.2287815Z test_absent_history_never_proves_the_transfer_failed (test_margin_intents.MarginIntentTests.test_absent_history_never_proves_the_transfer_failed) ... ok
check	Compile and run offline checks	2026-10-03T03:24:00.2561401Z test_acknowledged_transfer_survives_a_failed_readback (test_margin_intents.MarginIntentTests.test_acknowledged_transfer_survives_a_failed_readback) ... ok
check	Compile and run offline checks	2026-10-03T03:24:00.2827869Z test_ambiguous_history_stays_unknown (test_margin_intents.MarginIntentTests.test_ambiguous_history_stays_unknown) ... ok
check	Compile and run offline checks	2026-10-03T03:24:00.3095848Z test_amount_is_rounded_up_to_native_settlement_precision (test_margin_intents.MarginIntentTests.test_amount_is_rounded_up_to_native_settlement_precision) ... ok
check	Compile and run offline checks	2026-10-03T03:24:00.3379244Z test_an_earlier_equal_add_is_never_attributed_to_a_lost_one (test_margin_intents.MarginIntentTests.test_an_earlier_equal_add_is_never_attributed_to_a_lost_one) ... ok
check	Compile and run offline checks	2026-10-03T03:24:00.3657182Z test_lost_answer_is_settled_from_margin_history_only (test_margin_intents.MarginIntentTests.test_lost_answer_is_settled_from_margin_history_only) ... ok
check	Compile and run offline checks	2026-10-03T03:24:00.3906680Z test_documented_503_failures_are_terminal_and_other_503s_stay_unknown (test_margin_intents.WriteClassificationTests.test_documented_503_failures_are_terminal_and_other_503s_stay_unknown) ... ok
check	Compile and run offline checks	2026-10-03T03:24:00.3989979Z test_documented_native_rejection_is_terminal (test_margin_intents.WriteClassificationTests.test_documented_native_rejection_is_terminal) ... ok
check	Compile and run offline checks	2026-10-03T03:24:00.4087863Z test_expired_deadline_is_recorded_as_never_sent (test_margin_intents.WriteClassificationTests.test_expired_deadline_is_recorded_as_never_sent) ... ok
check	Compile and run offline checks	2026-10-03T03:24:00.4393261Z test_lost_add_cannot_be_declared_rejected_from_age_and_missing_query (test_margin_intents.WriteClassificationTests.test_lost_add_cannot_be_declared_rejected_from_age_and_missing_query) ... ok
check	Compile and run offline checks	2026-10-03T03:24:00.4662288Z test_margin_rejection_blocks_without_pending (test_margin_intents.WriteClassificationTests.test_margin_rejection_blocks_without_pending) ... ok
check	Compile and run offline checks	2026-10-03T03:24:00.4753758Z test_missing_order_without_a_preparation_time_or_past_retention_stays_unknown (test_margin_intents.WriteClassificationTests.test_missing_order_without_a_preparation_time_or_past_retention_stays_unknown) ... ok
check	Compile and run offline checks	2026-10-03T03:24:00.4825226Z test_numeric_margin_amount_is_parsed_exactly (test_margin_intents.WriteClassificationTests.test_numeric_margin_amount_is_parsed_exactly) ... ok
check	Compile and run offline checks	2026-10-03T03:24:00.5120605Z test_overloaded_add_does_not_block_the_exit_of_the_existing_position (test_margin_intents.WriteClassificationTests.test_overloaded_add_does_not_block_the_exit_of_the_existing_position) ... ok
check	Compile and run offline checks	2026-10-03T03:24:00.5215461Z test_read_rejections_remain_unknown (test_margin_intents.WriteClassificationTests.test_read_rejections_remain_unknown) ... ok
check	Compile and run offline checks	2026-10-03T03:24:00.5366118Z test_unknown_execution_codes_and_server_errors_stay_pending (test_margin_intents.WriteClassificationTests.test_unknown_execution_codes_and_server_errors_stay_pending) ... ok
check	Compile and run offline checks	2026-10-03T03:24:00.5368364Z test_flat_cash_drawdown_between_session_starts_is_recorded (test_meter_review.FlatValuationTests.test_flat_cash_drawdown_between_session_starts_is_recorded) ... ok
check	Compile and run offline checks	2026-10-03T03:24:00.5370697Z test_hold_across_a_missing_rate_loses_the_known_path (test_meter_review.FundingCoverageTests.test_hold_across_a_missing_rate_loses_the_known_path) ... ok
check	Compile and run offline checks	2026-10-03T03:24:00.5372917Z test_uncovered_settlement_time_is_a_gap_anywhere (test_meter_review.FundingCoverageTests.test_uncovered_settlement_time_is_a_gap_anywhere) ... ok
check	Compile and run offline checks	2026-10-03T03:24:00.5374843Z test_position_held_through_the_boundary_pays_it (test_meter_review.FundingOrderTests.test_position_held_through_the_boundary_pays_it) ... ok
check	Compile and run offline checks	2026-10-03T03:24:00.5376956Z test_stop_inside_the_minute_is_not_charged_the_boundary_settlement (test_meter_review.FundingOrderTests.test_stop_inside_the_minute_is_not_charged_the_boundary_settlement) ... ok
check	Compile and run offline checks	2026-10-03T03:24:00.5952741Z test_complete_run_writes_the_official_name (test_meter_review.TrialHygieneTests.test_complete_run_writes_the_official_name) ... ok
check	Compile and run offline checks	2026-10-03T03:24:00.6331131Z test_partial_run_never_writes_the_official_name (test_meter_review.TrialHygieneTests.test_partial_run_never_writes_the_official_name) ... ok
check	Compile and run offline checks	2026-10-03T03:24:00.6873622Z test_research_knobs_are_restored (test_meter_review.TrialHygieneTests.test_research_knobs_are_restored) ... ok
check	Compile and run offline checks	2026-10-03T03:24:00.6897465Z test_capital_limit_sizes_from_the_trial_capital_only (test_native_preview.NativePreviewTests.test_capital_limit_sizes_from_the_trial_capital_only) ... ok
check	Compile and run offline checks	2026-10-03T03:24:00.6899506Z test_liquidation_uses_supplied_closing_fee (test_native_preview.NativePreviewTests.test_liquidation_uses_supplied_closing_fee) ... ok
check	Compile and run offline checks	2026-10-03T03:24:00.6904705Z test_macro_parent_quantity_respects_three_percent_stop_budget (test_native_preview.NativePreviewTests.test_macro_parent_quantity_respects_three_percent_stop_budget) ... ok
check	Compile and run offline checks	2026-10-03T03:24:00.6919640Z test_native_inputs_use_identical_funding_function_without_consumption (test_native_preview.NativePreviewTests.test_native_inputs_use_identical_funding_function_without_consumption) ... ok
check	Compile and run offline checks	2026-10-03T03:24:00.6929201Z test_top_up_keeps_whole_position_inside_the_stop_budget (test_native_preview.NativePreviewTests.test_top_up_keeps_whole_position_inside_the_stop_budget) ... ok
check	Compile and run offline checks	2026-10-03T03:24:00.6941737Z test_unknown_collateral_book_or_account_blocks (test_native_preview.NativePreviewTests.test_unknown_collateral_book_or_account_blocks) ... ok
check	Compile and run offline checks	2026-10-03T03:24:00.6943640Z test_downward_impulse_is_symmetric (test_opportunities.OpportunityTests.test_downward_impulse_is_symmetric) ... ok
check	Compile and run offline checks	2026-10-03T03:24:00.6945266Z test_impulse_uses_prior_volatility_and_midpoint_stop (test_opportunities.OpportunityTests.test_impulse_uses_prior_volatility_and_midpoint_stop) ... ok
check	Compile and run offline checks	2026-10-03T03:24:00.6946903Z test_missing_bar_fails_closed (test_opportunities.OpportunityTests.test_missing_bar_fails_closed) ... ok
check	Compile and run offline checks	2026-10-03T03:24:00.6950330Z test_prefix_cannot_depend_on_future_or_rewrite_objects (test_opportunities.OpportunityTests.test_prefix_cannot_depend_on_future_or_rewrite_objects) ... ok
check	Compile and run offline checks	2026-10-03T03:24:00.6954467Z test_stop_and_expiry_retire_the_campaign (test_opportunities.OpportunityTests.test_stop_and_expiry_retire_the_campaign) ... ok
check	Compile and run offline checks	2026-10-03T03:24:00.7127607Z test_definitive_absence_reconciles_flat_but_legacy_absence_does_not (test_ownership.AbsentEntryOwnership.test_definitive_absence_reconciles_flat_but_legacy_absence_does_not) ... ok
check	Compile and run offline checks	2026-10-03T03:24:00.7207432Z test_late_fill_after_definitive_absence_fails_closed (test_ownership.AbsentEntryOwnership.test_late_fill_after_definitive_absence_fails_closed) ... ok
check	Compile and run offline checks	2026-10-03T03:24:00.7290891Z test_cumulative_fill_cannot_regress (test_ownership.OwnershipTests.test_cumulative_fill_cannot_regress) ... ok
check	Compile and run offline checks	2026-10-03T03:24:00.7468307Z test_external_fill_or_position_mismatch_never_guesses_owner (test_ownership.OwnershipTests.test_external_fill_or_position_mismatch_never_guesses_owner) ... ok
check	Compile and run offline checks	2026-10-03T03:24:00.7573227Z test_history_older_than_three_months_is_not_inferred (test_ownership.OwnershipTests.test_history_older_than_three_months_is_not_inferred) ... ok
check	Compile and run offline checks	2026-10-03T03:24:00.7684068Z test_late_partial_fill_binds_once_and_exposes_unprotected_remainder (test_ownership.OwnershipTests.test_late_partial_fill_binds_once_and_exposes_unprotected_remainder) ... ok
check	Compile and run offline checks	2026-10-03T03:24:00.7748949Z test_lost_journal_cannot_assign_an_existing_position (test_ownership.OwnershipTests.test_lost_journal_cannot_assign_an_existing_position) ... ok
check	Compile and run offline checks	2026-10-03T03:24:00.7874652Z test_protective_fill_preserves_consumption_after_flat_recovery (test_ownership.OwnershipTests.test_protective_fill_preserves_consumption_after_flat_recovery) ... ok
check	Compile and run offline checks	2026-10-03T03:24:00.7980385Z test_rejected_reduction_has_no_native_order_to_query (test_ownership.OwnershipTests.test_rejected_reduction_has_no_native_order_to_query) ... ok
check	Compile and run offline checks	2026-10-03T03:24:00.7983126Z test_mismatched_source_input_and_undeclared_risk_are_rejected (test_path_analysis.PathAnalysisTests.test_mismatched_source_input_and_undeclared_risk_are_rejected) ... ok
check	Compile and run offline checks	2026-10-03T03:24:00.7985274Z test_more_fees_cannot_improve_the_fixed_fill_attribution (test_path_analysis.PathAnalysisTests.test_more_fees_cannot_improve_the_fixed_fill_attribution) ... ok
check	Compile and run offline checks	2026-10-03T03:24:00.8087402Z test_archive_does_not_hide_unobserved_retention_gap (test_pr43.HistoryArchiveTests.test_archive_does_not_hide_unobserved_retention_gap) ... ok
check	Compile and run offline checks	2026-10-03T03:24:00.8183339Z test_changed_archived_fill_blocks_and_keeps_prior_coverage (test_pr43.HistoryArchiveTests.test_changed_archived_fill_blocks_and_keeps_prior_coverage) ... ok
check	Compile and run offline checks	2026-10-03T03:24:00.8191660Z test_nonadvancing_id_page_is_not_accepted_as_complete (test_pr43.HistoryArchiveTests.test_nonadvancing_id_page_is_not_accepted_as_complete) ... ok
check	Compile and run offline checks	2026-10-03T03:24:00.8198892Z test_truncated_id_history_cannot_hide_full_time_page (test_pr43.HistoryArchiveTests.test_truncated_id_history_cannot_hide_full_time_page) ... ok
check	Compile and run offline checks	2026-10-03T03:24:00.8340678Z test_verified_archive_recovers_old_entry_without_expired_native_order (test_pr43.HistoryArchiveTests.test_verified_archive_recovers_old_entry_without_expired_native_order) ... ok
check	Compile and run offline checks	2026-10-03T03:24:00.8550229Z test_income_pagination_and_duplicate_page_fail_closed (test_pr43.IncomeAuditTests.test_income_pagination_and_duplicate_page_fail_closed) ... ok
check	Compile and run offline checks	2026-10-03T03:24:00.8626408Z test_missing_income_coverage_is_not_filled_with_zero_cashflows (test_pr43.IncomeAuditTests.test_missing_income_coverage_is_not_filled_with_zero_cashflows) ... ok
check	Compile and run offline checks	2026-10-03T03:24:00.8710031Z test_native_signed_funding_fees_and_same_id_types_are_retained (test_pr43.IncomeAuditTests.test_native_signed_funding_fees_and_same_id_types_are_retained) ... ok
check	Compile and run offline checks	2026-10-03T03:24:01.0267189Z test_cashflow_audit_outage_blocks_entry_but_not_verified_exit (test_pr43.ReviewRegressions.test_cashflow_audit_outage_blocks_entry_but_not_verified_exit) ... ok
check	Compile and run offline checks	2026-10-03T03:24:01.1351052Z test_changed_owned_protection_does_not_pass_aggregate_geometry (test_pr43.ReviewRegressions.test_changed_owned_protection_does_not_pass_aggregate_geometry) ... ok
check	Compile and run offline checks	2026-10-03T03:24:01.2313571Z test_disconnect_during_final_wait_clears_previous_observation (test_pr43.ReviewRegressions.test_disconnect_during_final_wait_clears_previous_observation) ... ok
check	Compile and run offline checks	2026-10-03T03:24:01.3386922Z test_external_protection_cannot_make_cleanup_verified (test_pr43.ReviewRegressions.test_external_protection_cannot_make_cleanup_verified) ... ok
check	Compile and run offline checks	2026-10-03T03:24:01.3699946Z test_full_recent_window_is_a_cursor_not_complete_history (test_pr43.ReviewRegressions.test_full_recent_window_is_a_cursor_not_complete_history) ... ok
check	Compile and run offline checks	2026-10-03T03:24:01.6776269Z test_more_than_1000_same_millisecond_fills_reconcile_and_protect (test_pr43.ReviewRegressions.test_more_than_1000_same_millisecond_fills_reconcile_and_protect) ... ok
check	Compile and run offline checks	2026-10-03T03:24:01.8487606Z test_restart_finishes_interrupted_owned_protection_replacement (test_pr43.ReviewRegressions.test_restart_finishes_interrupted_owned_protection_replacement) ... ok
check	Compile and run offline checks	2026-10-03T03:24:01.9632415Z test_unknown_observations_are_retained_without_stale_equity (test_pr43.ReviewRegressions.test_unknown_observations_are_retained_without_stale_equity) ... ok
check	Compile and run offline checks	2026-10-03T03:24:02.0277516Z test_external_close_and_equal_manual_reopen_is_never_touched (test_reaudit.ReauditTests.test_external_close_and_equal_manual_reopen_is_never_touched) ... ok
check	Compile and run offline checks	2026-10-03T03:24:02.0862691Z test_external_reopen_is_not_adopted_on_the_trade_id_proof (test_reaudit.ReauditTests.test_external_reopen_is_not_adopted_on_the_trade_id_proof) ... ok
check	Compile and run offline checks	2026-10-03T03:24:02.1484592Z test_failed_protection_never_reduces_a_manual_fill_that_arrived_between_legs (test_reaudit.ReauditTests.test_failed_protection_never_reduces_a_manual_fill_that_arrived_between_legs) ... ok
check	Compile and run offline checks	2026-10-03T03:24:02.3102257Z test_fill_proof_after_a_week_without_trades_uses_the_flat_time_boundary (test_reaudit.ReauditTests.test_fill_proof_after_a_week_without_trades_uses_the_flat_time_boundary) ... ok
check	Compile and run offline checks	2026-10-03T03:24:02.3748316Z test_manual_position_after_restart_is_not_adopted_during_a_history_outage (test_reaudit.ReauditTests.test_manual_position_after_restart_is_not_adopted_during_a_history_outage) ... ok
check	Compile and run offline checks	2026-10-03T03:24:03.4209695Z test_owned_fill_is_protected_or_reduced_within_the_reserved_budget_under_latency (test_reaudit.ReauditTests.test_owned_fill_is_protected_or_reduced_within_the_reserved_budget_under_latency) ... ok
check	Compile and run offline checks	2026-10-03T03:24:03.5519652Z test_unknown_protection_does_not_block_a_later_safe_reduction (test_reaudit.ReauditTests.test_unknown_protection_does_not_block_a_later_safe_reduction) ... ok
check	Compile and run offline checks	2026-10-03T03:24:03.6068622Z test_interrupted_publication_leaves_no_partial_result_named_current (test_rebuild_safety.EvidenceProtection.test_interrupted_publication_leaves_no_partial_result_named_current) ... ok
check	Compile and run offline checks	2026-10-03T03:24:03.6173663Z test_partial_results_never_enter_the_evidence_directory (test_rebuild_safety.EvidenceProtection.test_partial_results_never_enter_the_evidence_directory) ... ok
check	Compile and run offline checks	2026-10-03T03:24:03.6549823Z test_refusal_happens_before_the_meter_runs (test_rebuild_safety.EvidenceProtection.test_refusal_happens_before_the_meter_runs) ... ok
check	Compile and run offline checks	2026-10-03T03:24:03.7205310Z test_same_name_needs_explicit_overwrite_and_keeps_the_original (test_rebuild_safety.EvidenceProtection.test_same_name_needs_explicit_overwrite_and_keeps_the_original) ... ok
check	Compile and run offline checks	2026-10-03T03:24:03.7469658Z test_unresolved_count_uses_the_session_report_field (test_rebuild_safety.EvidenceProtection.test_unresolved_count_uses_the_session_report_field) ... ok
check	Compile and run offline checks	2026-10-03T03:24:03.7471607Z test_default_state_is_unique_per_run (test_rebuild_safety.StateOwnership.test_default_state_is_unique_per_run) ... ok
check	Compile and run offline checks	2026-10-03T03:24:03.7478897Z test_invalid_name_with_explicit_state_removes_nothing (test_rebuild_safety.StateOwnership.test_invalid_name_with_explicit_state_removes_nothing) ... ok
check	Compile and run offline checks	2026-10-03T03:24:03.7952935Z test_own_stale_directory_is_replaced_but_a_live_owner_is_not (test_rebuild_safety.StateOwnership.test_own_stale_directory_is_replaced_but_a_live_owner_is_not) ... ok
check	Compile and run offline checks	2026-10-03T03:24:03.8170097Z test_symbolic_links_are_refused (test_rebuild_safety.StateOwnership.test_symbolic_links_are_refused) ... ok
check	Compile and run offline checks	2026-10-03T03:24:03.8389877Z test_unmarked_directories_are_refused_and_left_untouched (test_rebuild_safety.StateOwnership.test_unmarked_directories_are_refused_and_left_untouched) ... ok
check	Compile and run offline checks	2026-10-03T03:24:03.9334990Z test_history_outage_after_owned_fill_still_installs_protection (test_recovery_gaps.RecoveryGapTests.test_history_outage_after_owned_fill_still_installs_protection) ... ok
check	Compile and run offline checks	2026-10-03T03:24:04.0613003Z test_late_query_missing_does_not_orphan_filled_add (test_recovery_gaps.RecoveryGapTests.test_late_query_missing_does_not_orphan_filled_add) ... ok
check	Compile and run offline checks	2026-10-03T03:24:04.1930369Z test_protection_lost_during_margin_transfer_blocks_the_add (test_recovery_gaps.RecoveryGapTests.test_protection_lost_during_margin_transfer_blocks_the_add) ... ok
check	Compile and run offline checks	2026-10-03T03:24:04.2224836Z test_locally_refused_protection_is_retried_under_the_same_identity (test_rejected_intents.RejectedIntentTests.test_locally_refused_protection_is_retried_under_the_same_identity) ... ok
check	Compile and run offline checks	2026-10-03T03:24:04.2492457Z test_refused_cancel_is_left_to_the_target_state (test_rejected_intents.RejectedIntentTests.test_refused_cancel_is_left_to_the_target_state) ... ok
check	Compile and run offline checks	2026-10-03T03:24:04.2752913Z test_rejected_entry_is_never_prepared_again (test_rejected_intents.RejectedIntentTests.test_rejected_entry_is_never_prepared_again) ... ok
check	Compile and run offline checks	2026-10-03T03:24:04.3015252Z test_unknown_protection_is_never_resent (test_rejected_intents.RejectedIntentTests.test_unknown_protection_is_never_resent) ... ok
check	Compile and run offline checks	2026-10-03T03:24:04.3278287Z test_ambiguous_initial_wallet_boundary_blocks_risk (test_review_followup.ReviewFollowup.test_ambiguous_initial_wallet_boundary_blocks_risk) ... ok
check	Compile and run offline checks	2026-10-03T03:24:04.5190728Z test_failed_amendment_preserves_old_pair_but_does_not_block_owned_exit (test_review_followup.ReviewFollowup.test_failed_amendment_preserves_old_pair_but_does_not_block_owned_exit) ... ok
check	Compile and run offline checks	2026-10-03T03:24:04.5275428Z test_foreign_live_writer_refusal_does_not_change_state (test_review_followup.ReviewFollowup.test_foreign_live_writer_refusal_does_not_change_state) ... ok
check	Compile and run offline checks	2026-10-03T03:24:04.5584337Z test_preanchor_late_income_is_not_new_income (test_review_followup.ReviewFollowup.test_preanchor_late_income_is_not_new_income) ... ok
check	Compile and run offline checks	2026-10-03T03:24:04.6427164Z test_session_backup_rotates_and_failure_keeps_original (test_review_followup.ReviewFollowup.test_session_backup_rotates_and_failure_keeps_original) ... ok
check	Compile and run offline checks	2026-10-03T03:24:04.6432548Z test_adoption_needs_both_splits_and_a_real_margin (test_robustness.AnalysisTests.test_adoption_needs_both_splits_and_a_real_margin) ... ok
check	Compile and run offline checks	2026-10-03T03:24:04.6436093Z test_deflated_sharpe_falls_with_more_trials (test_robustness.AnalysisTests.test_deflated_sharpe_falls_with_more_trials) ... ok
check	Compile and run offline checks	2026-10-03T03:24:04.6437450Z test_growth_is_the_geometric_mean_of_block_growth (test_robustness.AnalysisTests.test_growth_is_the_geometric_mean_of_block_growth) ... ok
check	Compile and run offline checks	2026-10-03T03:24:04.6948171Z test_a_block_uses_only_its_frozen_sessions_and_never_the_official_name (test_robustness.BlockTests.test_a_block_uses_only_its_frozen_sessions_and_never_the_official_name) ... /opt/hostedtoolcache/Python/3.13.15/x64/lib/python3.13/_strptime.py:521: ResourceWarning: unclosed database in <sqlite3.Connection object at 0x7f14a0b6a6b0>
check	Compile and run offline checks	2026-10-03T03:24:04.6950548Z   for index, arg in enumerate([data_string, format]):
check	Compile and run offline checks	2026-10-03T03:24:04.6951185Z ResourceWarning: Enable tracemalloc to get the object allocation traceback
check	Compile and run offline checks	2026-10-03T03:24:04.6952797Z /opt/hostedtoolcache/Python/3.13.15/x64/lib/python3.13/_strptime.py:521: ResourceWarning: unclosed database in <sqlite3.Connection object at 0x7f14a072d030>
check	Compile and run offline checks	2026-10-03T03:24:04.6953864Z   for index, arg in enumerate([data_string, format]):
check	Compile and run offline checks	2026-10-03T03:24:04.6954470Z ResourceWarning: Enable tracemalloc to get the object allocation traceback
check	Compile and run offline checks	2026-10-03T03:24:04.7139592Z ok
check	Compile and run offline checks	2026-10-03T03:24:04.7248625Z test_a_window_outside_the_frozen_range_is_refused (test_robustness.BlockTests.test_a_window_outside_the_frozen_range_is_refused) ... ok
check	Compile and run offline checks	2026-10-03T03:24:04.7618310Z test_knobs_apply_and_are_restored (test_robustness.BlockTests.test_knobs_apply_and_are_restored) ... ok
check	Compile and run offline checks	2026-10-03T03:24:04.7620260Z test_missing_prints_fall_back_to_the_official_mark_minute (test_robustness.FinalMarkTests.test_missing_prints_fall_back_to_the_official_mark_minute) ... ok
check	Compile and run offline checks	2026-10-03T03:24:04.7623386Z test_atr_window_and_impulse_threshold (test_robustness.KnobTests.test_atr_window_and_impulse_threshold) ... ok
check	Compile and run offline checks	2026-10-03T03:24:04.7625174Z test_defaults_are_the_frozen_model (test_robustness.KnobTests.test_defaults_are_the_frozen_model) ... ok
check	Compile and run offline checks	2026-10-03T03:24:04.7626294Z test_life_bars (test_robustness.KnobTests.test_life_bars) ... ok
check	Compile and run offline checks	2026-10-03T03:24:04.7627689Z test_retrace_moves_the_stop (test_robustness.KnobTests.test_retrace_moves_the_stop) ... ok
check	Compile and run offline checks	2026-10-03T03:24:04.7632783Z test_a_failing_stress_vetoes_the_chosen_value_but_missing_stress_does_not (test_robustness.RiskSelectionTests.test_a_failing_stress_vetoes_the_chosen_value_but_missing_stress_does_not) ... ok
check	Compile and run offline checks	2026-10-03T03:24:04.7635271Z test_isolated_point_is_a_spike_and_nothing_qualifying_keeps_six (test_robustness.RiskSelectionTests.test_isolated_point_is_a_spike_and_nothing_qualifying_keeps_six) ... ok
check	Compile and run offline checks	2026-10-03T03:24:04.7637144Z test_plateau_and_buffer_decide (test_robustness.RiskSelectionTests.test_plateau_and_buffer_decide) ... ok
check	Compile and run offline checks	2026-10-03T03:24:04.7638806Z test_update_time_moves_only_when_the_account_changes (test_robustness.UpdateTimeTests.test_update_time_moves_only_when_the_account_changes) ... ok
check	Compile and run offline checks	2026-10-03T03:24:04.8195461Z test_cancel_timeout_does_not_get_new_identity_on_each_poll (test_session.SessionTests.test_cancel_timeout_does_not_get_new_identity_on_each_poll) ... ok
check	Compile and run offline checks	2026-10-03T03:24:05.2463888Z test_complete_native_tape_replays_identical_requests_and_decisions (test_session.SessionTests.test_complete_native_tape_replays_identical_requests_and_decisions) ... ok
check	Compile and run offline checks	2026-10-03T03:24:05.2755176Z test_config_has_one_schema_and_bounded_time (test_session.SessionTests.test_config_has_one_schema_and_bounded_time) ... ok
check	Compile and run offline checks	2026-10-03T03:24:05.3205811Z test_deadline_during_preflight_prevents_new_entry (test_session.SessionTests.test_deadline_during_preflight_prevents_new_entry) ... ok
check	Compile and run offline checks	2026-10-03T03:24:05.4185232Z test_disconnection_never_infers_flat_or_successful_cleanup (test_session.SessionTests.test_disconnection_never_infers_flat_or_successful_cleanup) ... ok
check	Compile and run offline checks	2026-10-03T03:24:05.5271908Z test_external_fill_prevents_strategy_or_cleanup_position_changes (test_session.SessionTests.test_external_fill_prevents_strategy_or_cleanup_position_changes) ... ok
check	Compile and run offline checks	2026-10-03T03:24:05.5892414Z test_failed_protection_attempts_reduce_only_and_reports_unknown (test_session.SessionTests.test_failed_protection_attempts_reduce_only_and_reports_unknown) ... ok
check	Compile and run offline checks	2026-10-03T03:24:05.7023226Z test_finite_long_entry_hold_and_offline_protection (test_session.SessionTests.test_finite_long_entry_hold_and_offline_protection) ... ok
check	Compile and run offline checks	2026-10-03T03:24:05.7967273Z test_keyboard_interrupt_finishes_owned_protection (test_session.SessionTests.test_keyboard_interrupt_finishes_owned_protection) ... ok
check	Compile and run offline checks	2026-10-03T03:24:05.9276534Z test_later_session_never_tops_up_an_earlier_entry (test_session.SessionTests.test_later_session_never_tops_up_an_earlier_entry) ... ok
check	Compile and run offline checks	2026-10-03T03:24:06.0460334Z test_lost_active_stop_readback_resumes_missing_take_after_restart (test_session.SessionTests.test_lost_active_stop_readback_resumes_missing_take_after_restart) ... ok
check	Compile and run offline checks	2026-10-03T03:24:06.2088001Z test_macro_entry_restart_and_false_state_reduce_same_owned_position (test_session.SessionTests.test_macro_entry_restart_and_false_state_reduce_same_owned_position) ... ok
check	Compile and run offline checks	2026-10-03T03:24:06.3047389Z test_margin_transfer_past_the_deadline_sends_no_add (test_session.SessionTests.test_margin_transfer_past_the_deadline_sends_no_add) ... ok
check	Compile and run offline checks	2026-10-03T03:24:06.3779546Z test_negative_impulse_does_not_enter_in_promoted_long_only_model (test_session.SessionTests.test_negative_impulse_does_not_enter_in_promoted_long_only_model) ... ok
check	Compile and run offline checks	2026-10-03T03:24:06.5172822Z test_partial_fill_protects_actual_size_then_tops_up_under_same_protection (test_session.SessionTests.test_partial_fill_protects_actual_size_then_tops_up_under_same_protection) ... ok
check	Compile and run offline checks	2026-10-03T03:24:06.6669447Z test_protection_amendment_keeps_old_until_new_pair_confirmed (test_session.SessionTests.test_protection_amendment_keeps_old_until_new_pair_confirmed) ... ok
check	Compile and run offline checks	2026-10-03T03:24:06.7266554Z test_read_only_runs_repeatedly_without_orders (test_session.SessionTests.test_read_only_runs_repeatedly_without_orders) ... ok
check	Compile and run offline checks	2026-10-03T03:24:06.8524344Z test_real_transport_and_budget_complete_entry_protection_and_cleanup (test_session.SessionTests.test_real_transport_and_budget_complete_entry_protection_and_cleanup) ... ok
check	Compile and run offline checks	2026-10-03T03:24:06.9798664Z test_restart_retains_position_and_does_not_reenter (test_session.SessionTests.test_restart_retains_position_and_does_not_reenter) ... ok
check	Compile and run offline checks	2026-10-03T03:24:07.1632877Z test_retired_protection_history_can_expire_without_blocking_position (test_session.SessionTests.test_retired_protection_history_can_expire_without_blocking_position) ... ok
check	Compile and run offline checks	2026-10-03T03:24:07.3063208Z test_signal_expiry_closes_without_same_cycle_reversal (test_session.SessionTests.test_signal_expiry_closes_without_same_cycle_reversal) ... ok
check	Compile and run offline checks	2026-10-03T03:24:07.5254247Z test_stale_mark_time_cannot_mix_previous_exit_with_new_entry (test_session.SessionTests.test_stale_mark_time_cannot_mix_previous_exit_with_new_entry) ... ok
check	Compile and run offline checks	2026-10-03T03:24:07.6713441Z test_terminal_partial_exit_reduces_only_remaining_on_next_cycle (test_session.SessionTests.test_terminal_partial_exit_reduces_only_remaining_on_next_cycle) ... ok
check	Compile and run offline checks	2026-10-03T03:24:07.7928459Z test_timeout_after_fill_recovers_without_duplicate (test_session.SessionTests.test_timeout_after_fill_recovers_without_duplicate) ... ok
check	Compile and run offline checks	2026-10-03T03:24:07.8989475Z test_unavailable_cashflow_audit_blocks_top_up_before_it_is_sent (test_session.SessionTests.test_unavailable_cashflow_audit_blocks_top_up_before_it_is_sent) ... ok
check	Compile and run offline checks	2026-10-03T03:24:07.9616243Z test_unknown_entry_never_resends_even_after_restart (test_session.SessionTests.test_unknown_entry_never_resends_even_after_restart) ... ok
check	Compile and run offline checks	2026-10-03T03:24:08.0785882Z test_unsent_exit_can_shrink_after_native_protection_reduction (test_session.SessionTests.test_unsent_exit_can_shrink_after_native_protection_reduction) ... ok
check	Compile and run offline checks	2026-10-03T03:24:08.2263233Z test_verified_flat_finalizes_abandoned_replacement_journal (test_session.SessionTests.test_verified_flat_finalizes_abandoned_replacement_journal) ... ok
check	Compile and run offline checks	2026-10-03T03:24:08.4009906Z test_zero_fill_retries_archive_terminal_entries (test_session.SessionTests.test_zero_fill_retries_archive_terminal_entries) ... ok
check	Compile and run offline checks	2026-10-03T03:24:08.4012868Z test_intraminute_high_before_a_fall_is_a_peak (test_session_history.EnvelopePeakTests.test_intraminute_high_before_a_fall_is_a_peak) ... ok
check	Compile and run offline checks	2026-10-03T03:24:08.4016611Z test_missing_mark_minute_forfeits_the_isolated_wallet_or_flags_hindsight (test_session_history.EnvelopePeakTests.test_missing_mark_minute_forfeits_the_isolated_wallet_or_flags_hindsight) ... ok
check	Compile and run offline checks	2026-10-03T03:24:08.4027988Z test_fill_after_funding_settlement_pays_no_funding (test_session_history.IntraminuteEventTests.test_fill_after_funding_settlement_pays_no_funding) ... ok
check	Compile and run offline checks	2026-10-03T03:24:08.4035623Z test_funding_without_its_official_mark_is_unknown_not_the_entry_price (test_session_history.IntraminuteEventTests.test_funding_without_its_official_mark_is_unknown_not_the_entry_price) ... ok
check	Compile and run offline checks	2026-10-03T03:24:08.4046073Z test_overlapping_replacement_stops_fire_the_more_protective_leg (test_session_history.IntraminuteEventTests.test_overlapping_replacement_stops_fire_the_more_protective_leg) ... ok
check	Compile and run offline checks	2026-10-03T03:24:08.4083379Z test_print_path_drawdown_does_not_depend_on_polling_steps (test_session_history.IntraminuteEventTests.test_print_path_drawdown_does_not_depend_on_polling_steps) ... ok
check	Compile and run offline checks	2026-10-03T03:24:08.4093688Z test_print_path_peak_counts_before_the_stop (test_session_history.IntraminuteEventTests.test_print_path_peak_counts_before_the_stop) ... ok
check	Compile and run offline checks	2026-10-03T03:24:08.4105562Z test_protection_that_would_trigger_immediately_and_bad_margin_are_refused_natively (test_session_history.IntraminuteEventTests.test_protection_that_would_trigger_immediately_and_bad_margin_are_refused_natively) ... ok
check	Compile and run offline checks	2026-10-03T03:24:08.4115508Z test_stop_found_while_settling_an_add_drops_the_rest (test_session_history.IntraminuteEventTests.test_stop_found_while_settling_an_add_drops_the_rest) ... ok
check	Compile and run offline checks	2026-10-03T03:24:08.4125781Z test_stop_inside_the_minute_precedes_a_later_client_close (test_session_history.IntraminuteEventTests.test_stop_inside_the_minute_precedes_a_later_client_close) ... ok
check	Compile and run offline checks	2026-10-03T03:24:08.4128961Z test_unordered_official_minute_applies_the_adverse_stop_before_a_close (test_session_history.IntraminuteEventTests.test_unordered_official_minute_applies_the_adverse_stop_before_a_close) ... ok
check	Compile and run offline checks	2026-10-03T03:24:08.5331836Z test_cold_start_consumes_the_already_active_impulse (test_session_history.SessionHistoryTests.test_cold_start_consumes_the_already_active_impulse) ... ok
check	Compile and run offline checks	2026-10-03T03:24:08.6944551Z test_exchange_stop_between_sessions_is_not_a_client_order (test_session_history.SessionHistoryTests.test_exchange_stop_between_sessions_is_not_a_client_order) ... ok
check	Compile and run offline checks	2026-10-03T03:24:08.6959102Z test_ioc_fill_is_booked_at_its_print_and_answered_after_the_window (test_session_history.SessionHistoryTests.test_ioc_fill_is_booked_at_its_print_and_answered_after_the_window) ... ok
check	Compile and run offline checks	2026-10-03T03:24:08.7132797Z test_missing_prints_block_observation_before_any_order (test_session_history.SessionHistoryTests.test_missing_prints_block_observation_before_any_order) ... ok
check	Compile and run offline checks	2026-10-03T03:24:08.7135187Z test_schedule_module_does_not_hand_future_starts_to_the_exchange (test_session_history.SessionHistoryTests.test_schedule_module_does_not_hand_future_starts_to_the_exchange) ... ok
check	Compile and run offline checks	2026-10-03T03:24:08.7213991Z test_trade_print_window_fills_at_the_limit (test_session_history.SessionHistoryTests.test_trade_print_window_fills_at_the_limit) ... ok
check	Compile and run offline checks	2026-10-03T03:24:08.8151881Z test_unresolved_ioc_retries_without_a_fill (test_session_history.SessionHistoryTests.test_unresolved_ioc_retries_without_a_fill) ... ok
check	Compile and run offline checks	2026-10-03T03:24:08.8179293Z test_warmup_hours_make_aligned_four_hour_bars (test_session_history.SessionHistoryTests.test_warmup_hours_make_aligned_four_hour_bars) ... ok
check	Compile and run offline checks	2026-10-03T03:24:08.8181474Z test_crossed_long_liquidation_price_is_not_a_positive_buffer (test_snapshot_export.SnapshotExportTests.test_crossed_long_liquidation_price_is_not_a_positive_buffer) ... ok
check	Compile and run offline checks	2026-10-03T03:24:08.8184220Z test_flat_account_has_no_liquidation_buffer_or_extra_collateral (test_snapshot_export.SnapshotExportTests.test_flat_account_has_no_liquidation_buffer_or_extra_collateral) ... ok
check	Compile and run offline checks	2026-10-03T03:24:08.8186304Z test_reversed_collection_clock_is_unknown (test_snapshot_export.SnapshotExportTests.test_reversed_collection_clock_is_unknown) ... ok
check	Compile and run offline checks	2026-10-03T03:24:08.8188201Z test_short_export_includes_unrealized_pnl_once (test_snapshot_export.SnapshotExportTests.test_short_export_includes_unrealized_pnl_once) ... ok
check	Compile and run offline checks	2026-10-03T03:24:08.8190240Z test_uid_stale_mark_and_slow_collection_are_unknown (test_snapshot_export.SnapshotExportTests.test_uid_stale_mark_and_slow_collection_are_unknown) ... ok
check	Compile and run offline checks	2026-10-03T03:24:08.8193164Z test_contract_stop_does_not_use_mark_trigger_and_survives_stopped_process (test_star_session.SharedPeerTests.test_contract_stop_does_not_use_mark_trigger_and_survives_stopped_process) ... ok
check	Compile and run offline checks	2026-10-03T03:24:08.8198604Z test_peer_transport_preserves_market_and_contract_price_shapes (test_star_session.SharedPeerTests.test_peer_transport_preserves_market_and_contract_price_shapes) ... ok
check	Compile and run offline checks	2026-10-03T03:24:08.8201338Z test_short_partial_market_fill_and_add_keep_cash_identity (test_star_session.SharedPeerTests.test_short_partial_market_fill_and_add_keep_cash_identity) ... ok
check	Compile and run offline checks	2026-10-03T03:24:08.8289562Z test_atomic_report (test_state.StateTests.test_atomic_report) ... ok
check	Compile and run offline checks	2026-10-03T03:24:08.8397675Z test_crash_recovery_does_not_duplicate_or_overwrite_intents (test_state.StateTests.test_crash_recovery_does_not_duplicate_or_overwrite_intents) ... ok
check	Compile and run offline checks	2026-10-03T03:24:08.8399305Z test_deterministic_id_scope (test_state.StateTests.test_deterministic_id_scope) ... ok
check	Compile and run offline checks	2026-10-03T03:24:08.8486925Z test_exclusion_survives_database_commits (test_state.StateTests.test_exclusion_survives_database_commits) ... ok
check	Compile and run offline checks	2026-10-03T03:24:08.8566344Z test_state_directory_keeps_its_identity (test_state.StateTests.test_state_directory_keeps_its_identity) ... ok
check	Compile and run offline checks	2026-10-03T03:24:08.8642928Z test_damaged_database_blocks_instead_of_starting_empty (test_state.StateUpgradeAndRetention.test_damaged_database_blocks_instead_of_starting_empty) ... ok
check	Compile and run offline checks	2026-10-03T03:24:08.8721539Z test_fresh_directory_needs_no_backup_and_newer_state_blocks (test_state.StateUpgradeAndRetention.test_fresh_directory_needs_no_backup_and_newer_state_blocks) ... ok
check	Compile and run offline checks	2026-10-03T03:24:08.8859623Z test_legacy_directory_is_backed_up_once_before_it_is_versioned (test_state.StateUpgradeAndRetention.test_legacy_directory_is_backed_up_once_before_it_is_versioned) ... ok
check	Compile and run offline checks	2026-10-03T03:24:08.9208280Z test_old_observations_move_to_an_archive_before_deletion (test_state.StateUpgradeAndRetention.test_old_observations_move_to_an_archive_before_deletion) ... ok
check	Compile and run offline checks	2026-10-03T03:24:09.0406973Z test_entry_budget_uses_the_venue_clock (test_virtual_clock.VirtualClockTests.test_entry_budget_uses_the_venue_clock) ... ok
check	Compile and run offline checks	2026-10-03T03:24:09.0408666Z test_injected_monotonic_is_not_the_wall_clock (test_virtual_clock.VirtualClockTests.test_injected_monotonic_is_not_the_wall_clock) ... ok
check	Compile and run offline checks	2026-10-03T03:24:09.0776111Z test_positive_submillisecond_wait_advances_virtual_venues (test_virtual_clock.VirtualClockTests.test_positive_submillisecond_wait_advances_virtual_venues) ... ok
check	Compile and run offline checks	2026-10-03T03:24:09.0779725Z test_rate_limit_cooldown_stays_on_the_injected_clock (test_virtual_clock.VirtualClockTests.test_rate_limit_cooldown_stays_on_the_injected_clock) ... ok
check	Compile and run offline checks	2026-10-03T03:24:09.0780746Z 
check	Compile and run offline checks	2026-10-03T03:24:09.0780943Z ----------------------------------------------------------------------
check	Compile and run offline checks	2026-10-03T03:24:09.0781367Z Ran 402 tests in 19.553s
check	Compile and run offline checks	2026-10-03T03:24:09.0781551Z 
check	Compile and run offline checks	2026-10-03T03:24:09.0781674Z OK
check	Post Run actions/setup-python@ece7cb06caefa5fff74198d8649806c4678c61a1	﻿2026-10-03T03:24:09.1569599Z Post job cleanup.
check	Post Run actions/checkout@fbc6f3992d24b796d5a048ff273f7fcc4a7b6c09	﻿2026-10-03T03:24:09.3039989Z Post job cleanup.
check	Post Run actions/checkout@fbc6f3992d24b796d5a048ff273f7fcc4a7b6c09	2026-10-03T03:24:09.3963523Z [command]/usr/bin/git version
check	Post Run actions/checkout@fbc6f3992d24b796d5a048ff273f7fcc4a7b6c09	2026-10-03T03:24:09.4003621Z git version 2.55.0
check	Post Run actions/checkout@fbc6f3992d24b796d5a048ff273f7fcc4a7b6c09	2026-10-03T03:24:09.4047031Z Temporarily overriding HOME='/home/runner/work/_temp/301f4330-8dce-42ef-8fb3-7be1089eed47' before making global git config changes
check	Post Run actions/checkout@fbc6f3992d24b796d5a048ff273f7fcc4a7b6c09	2026-10-03T03:24:09.4048531Z Adding repository directory to the temporary git global config as a safe directory
check	Post Run actions/checkout@fbc6f3992d24b796d5a048ff273f7fcc4a7b6c09	2026-10-03T03:24:09.4053076Z [command]/usr/bin/git config --global --add safe.directory /home/runner/work/coinquant/coinquant
check	Post Run actions/checkout@fbc6f3992d24b796d5a048ff273f7fcc4a7b6c09	2026-10-03T03:24:09.4100690Z [command]/usr/bin/git config --local --name-only --get-regexp core\.sshCommand
check	Post Run actions/checkout@fbc6f3992d24b796d5a048ff273f7fcc4a7b6c09	2026-10-03T03:24:09.4139055Z [command]/usr/bin/git submodule foreach --recursive sh -c "git config --local --name-only --get-regexp 'core\.sshCommand' && git config --local --unset-all 'core.sshCommand' || :"
check	Post Run actions/checkout@fbc6f3992d24b796d5a048ff273f7fcc4a7b6c09	2026-10-03T03:24:09.4414287Z [command]/usr/bin/git config --local --name-only --get-regexp http\.https\:\/\/github\.com\/\.extraheader
check	Post Run actions/checkout@fbc6f3992d24b796d5a048ff273f7fcc4a7b6c09	2026-10-03T03:24:09.4447862Z [command]/usr/bin/git submodule foreach --recursive sh -c "git config --local --name-only --get-regexp 'http\.https\:\/\/github\.com\/\.extraheader' && git config --local --unset-all 'http.https://github.com/.extraheader' || :"
check	Post Run actions/checkout@fbc6f3992d24b796d5a048ff273f7fcc4a7b6c09	2026-10-03T03:24:09.4717628Z [command]/usr/bin/git config --local --name-only --get-regexp ^includeIf\.gitdir:
check	Post Run actions/checkout@fbc6f3992d24b796d5a048ff273f7fcc4a7b6c09	2026-10-03T03:24:09.4793378Z [command]/usr/bin/git submodule foreach --recursive git config --local --show-origin --name-only --get-regexp remote.origin.url
check	Complete job	﻿2026-10-03T03:24:09.5223324Z Cleaning up orphan processes
