check	Set up job	﻿2026-10-03T05:35:42.5613140Z Current runner version: '2.337.0'
check	Set up job	2026-10-03T05:35:42.5638699Z ##[group]Runner Image Provisioner
check	Set up job	2026-10-03T05:35:42.5639699Z Hosted Compute Agent
check	Set up job	2026-10-03T05:35:42.5640368Z Version: 20260901.588
check	Set up job	2026-10-03T05:35:42.5640983Z Commit: f88ec8081b781fac6c440065ac7ff9e710ce3d0b
check	Set up job	2026-10-03T05:35:42.5641794Z Build Date: 2026-09-01T19:56:44Z
check	Set up job	2026-10-03T05:35:42.5642461Z Worker ID: {c5739f76-4540-40df-b14a-78cec8b9784f}
check	Set up job	2026-10-03T05:35:42.5643516Z Azure Region: westcentralus
check	Set up job	2026-10-03T05:35:42.5644228Z ##[endgroup]
check	Set up job	2026-10-03T05:35:42.5645729Z ##[group]Operating System
check	Set up job	2026-10-03T05:35:42.5646387Z Ubuntu
check	Set up job	2026-10-03T05:35:42.5646910Z 24.04.5
check	Set up job	2026-10-03T05:35:42.5647409Z LTS
check	Set up job	2026-10-03T05:35:42.5647932Z ##[endgroup]
check	Set up job	2026-10-03T05:35:42.5648474Z ##[group]Runner Image
check	Set up job	2026-10-03T05:35:42.5649120Z Image: ubuntu-24.04
check	Set up job	2026-10-03T05:35:42.5649679Z Version: 20260927.320.1
check	Set up job	2026-10-03T05:35:42.5650696Z Included Software: https://github.com/actions/runner-images/blob/ubuntu24/20260927.320/images/ubuntu/Ubuntu2404-Readme.md
check	Set up job	2026-10-03T05:35:42.5652453Z Image Release: https://github.com/actions/runner-images/releases/tag/ubuntu24%2F20260927.320
check	Set up job	2026-10-03T05:35:42.5653641Z ##[endgroup]
check	Set up job	2026-10-03T05:35:42.5654714Z ##[group]GITHUB_TOKEN Permissions
check	Set up job	2026-10-03T05:35:42.5656826Z Contents: read
check	Set up job	2026-10-03T05:35:42.5657408Z Metadata: read
check	Set up job	2026-10-03T05:35:42.5657982Z ##[endgroup]
check	Set up job	2026-10-03T05:35:42.5660003Z Secret source: Actions
check	Set up job	2026-10-03T05:35:42.5660899Z Cache mode: write
check	Set up job	2026-10-03T05:35:42.5661639Z Prepare workflow directory
check	Set up job	2026-10-03T05:35:42.6036233Z Prepare all required actions
check	Set up job	2026-10-03T05:35:42.6086751Z Getting action download info
check	Set up job	2026-10-03T05:35:42.9211481Z Download action repository 'actions/checkout@fbc6f3992d24b796d5a048ff273f7fcc4a7b6c09' (SHA:fbc6f3992d24b796d5a048ff273f7fcc4a7b6c09)
check	Set up job	2026-10-03T05:35:43.0420321Z Download action repository 'actions/setup-python@ece7cb06caefa5fff74198d8649806c4678c61a1' (SHA:ece7cb06caefa5fff74198d8649806c4678c61a1)
check	Set up job	2026-10-03T05:35:43.2481752Z Complete job name: check
check	Run actions/checkout@fbc6f3992d24b796d5a048ff273f7fcc4a7b6c09	﻿2026-10-03T05:35:43.3187113Z ##[group]Run actions/checkout@fbc6f3992d24b796d5a048ff273f7fcc4a7b6c09
check	Run actions/checkout@fbc6f3992d24b796d5a048ff273f7fcc4a7b6c09	2026-10-03T05:35:43.3188189Z with:
check	Run actions/checkout@fbc6f3992d24b796d5a048ff273f7fcc4a7b6c09	2026-10-03T05:35:43.3188811Z   ref: f653ba22f014e4a36f21eb39ecb647f28578c654
check	Run actions/checkout@fbc6f3992d24b796d5a048ff273f7fcc4a7b6c09	2026-10-03T05:35:43.3189492Z   persist-credentials: false
check	Run actions/checkout@fbc6f3992d24b796d5a048ff273f7fcc4a7b6c09	2026-10-03T05:35:43.3190141Z   repository: geniusgrok/coinquant
check	Run actions/checkout@fbc6f3992d24b796d5a048ff273f7fcc4a7b6c09	2026-10-03T05:35:43.3194360Z   token: ***
check	Run actions/checkout@fbc6f3992d24b796d5a048ff273f7fcc4a7b6c09	2026-10-03T05:35:43.3194882Z   ssh-strict: true
check	Run actions/checkout@fbc6f3992d24b796d5a048ff273f7fcc4a7b6c09	2026-10-03T05:35:43.3195414Z   ssh-user: git
check	Run actions/checkout@fbc6f3992d24b796d5a048ff273f7fcc4a7b6c09	2026-10-03T05:35:43.3195918Z   clean: true
check	Run actions/checkout@fbc6f3992d24b796d5a048ff273f7fcc4a7b6c09	2026-10-03T05:35:43.3196423Z   sparse-checkout-cone-mode: true
check	Run actions/checkout@fbc6f3992d24b796d5a048ff273f7fcc4a7b6c09	2026-10-03T05:35:43.3197130Z   fetch-depth: 1
check	Run actions/checkout@fbc6f3992d24b796d5a048ff273f7fcc4a7b6c09	2026-10-03T05:35:43.3197635Z   fetch-tags: false
check	Run actions/checkout@fbc6f3992d24b796d5a048ff273f7fcc4a7b6c09	2026-10-03T05:35:43.3198169Z   show-progress: true
check	Run actions/checkout@fbc6f3992d24b796d5a048ff273f7fcc4a7b6c09	2026-10-03T05:35:43.3198686Z   lfs: false
check	Run actions/checkout@fbc6f3992d24b796d5a048ff273f7fcc4a7b6c09	2026-10-03T05:35:43.3199159Z   submodules: false
check	Run actions/checkout@fbc6f3992d24b796d5a048ff273f7fcc4a7b6c09	2026-10-03T05:35:43.3199728Z   set-safe-directory: true
check	Run actions/checkout@fbc6f3992d24b796d5a048ff273f7fcc4a7b6c09	2026-10-03T05:35:43.3200310Z   allow-unsafe-pr-checkout: false
check	Run actions/checkout@fbc6f3992d24b796d5a048ff273f7fcc4a7b6c09	2026-10-03T05:35:43.3201076Z ##[endgroup]
check	Run actions/checkout@fbc6f3992d24b796d5a048ff273f7fcc4a7b6c09	2026-10-03T05:35:43.4283986Z Syncing repository: geniusgrok/coinquant
check	Run actions/checkout@fbc6f3992d24b796d5a048ff273f7fcc4a7b6c09	2026-10-03T05:35:43.4286315Z ##[group]Getting Git version info
check	Run actions/checkout@fbc6f3992d24b796d5a048ff273f7fcc4a7b6c09	2026-10-03T05:35:43.4287110Z Working directory is '/home/runner/work/coinquant/coinquant'
check	Run actions/checkout@fbc6f3992d24b796d5a048ff273f7fcc4a7b6c09	2026-10-03T05:35:43.4288308Z [command]/usr/bin/git version
check	Run actions/checkout@fbc6f3992d24b796d5a048ff273f7fcc4a7b6c09	2026-10-03T05:35:43.4351509Z git version 2.55.0
check	Run actions/checkout@fbc6f3992d24b796d5a048ff273f7fcc4a7b6c09	2026-10-03T05:35:43.4371977Z ##[endgroup]
check	Run actions/checkout@fbc6f3992d24b796d5a048ff273f7fcc4a7b6c09	2026-10-03T05:35:43.4387401Z Temporarily overriding HOME='/home/runner/work/_temp/72be12dd-11cf-4ea9-846b-2d320200e466' before making global git config changes
check	Run actions/checkout@fbc6f3992d24b796d5a048ff273f7fcc4a7b6c09	2026-10-03T05:35:43.4389885Z Adding repository directory to the temporary git global config as a safe directory
check	Run actions/checkout@fbc6f3992d24b796d5a048ff273f7fcc4a7b6c09	2026-10-03T05:35:43.4399982Z [command]/usr/bin/git config --global --add safe.directory /home/runner/work/coinquant/coinquant
check	Run actions/checkout@fbc6f3992d24b796d5a048ff273f7fcc4a7b6c09	2026-10-03T05:35:43.4472831Z Deleting the contents of '/home/runner/work/coinquant/coinquant'
check	Run actions/checkout@fbc6f3992d24b796d5a048ff273f7fcc4a7b6c09	2026-10-03T05:35:43.4479449Z ##[group]Initializing the repository
check	Run actions/checkout@fbc6f3992d24b796d5a048ff273f7fcc4a7b6c09	2026-10-03T05:35:43.4484429Z [command]/usr/bin/git init /home/runner/work/coinquant/coinquant
check	Run actions/checkout@fbc6f3992d24b796d5a048ff273f7fcc4a7b6c09	2026-10-03T05:35:43.4589297Z hint: Using 'master' as the name for the initial branch. This default branch name
check	Run actions/checkout@fbc6f3992d24b796d5a048ff273f7fcc4a7b6c09	2026-10-03T05:35:43.4591027Z hint: will change to "main" in Git 3.0. To configure the initial branch name
check	Run actions/checkout@fbc6f3992d24b796d5a048ff273f7fcc4a7b6c09	2026-10-03T05:35:43.4592083Z hint: to use in all of your new repositories, which will suppress this warning,
check	Run actions/checkout@fbc6f3992d24b796d5a048ff273f7fcc4a7b6c09	2026-10-03T05:35:43.4593056Z hint: call:
check	Run actions/checkout@fbc6f3992d24b796d5a048ff273f7fcc4a7b6c09	2026-10-03T05:35:43.4593662Z hint:
check	Run actions/checkout@fbc6f3992d24b796d5a048ff273f7fcc4a7b6c09	2026-10-03T05:35:43.4594258Z hint: 	git config --global init.defaultBranch <name>
check	Run actions/checkout@fbc6f3992d24b796d5a048ff273f7fcc4a7b6c09	2026-10-03T05:35:43.4594939Z hint:
check	Run actions/checkout@fbc6f3992d24b796d5a048ff273f7fcc4a7b6c09	2026-10-03T05:35:43.4595555Z hint: Names commonly chosen instead of 'master' are 'main', 'trunk' and
check	Run actions/checkout@fbc6f3992d24b796d5a048ff273f7fcc4a7b6c09	2026-10-03T05:35:43.4596513Z hint: 'development'. The just-created branch can be renamed via this command:
check	Run actions/checkout@fbc6f3992d24b796d5a048ff273f7fcc4a7b6c09	2026-10-03T05:35:43.4597285Z hint:
check	Run actions/checkout@fbc6f3992d24b796d5a048ff273f7fcc4a7b6c09	2026-10-03T05:35:43.4597800Z hint: 	git branch -m <name>
check	Run actions/checkout@fbc6f3992d24b796d5a048ff273f7fcc4a7b6c09	2026-10-03T05:35:43.4598357Z hint:
check	Run actions/checkout@fbc6f3992d24b796d5a048ff273f7fcc4a7b6c09	2026-10-03T05:35:43.4599007Z hint: Disable this message with "git config set advice.defaultBranchName false"
check	Run actions/checkout@fbc6f3992d24b796d5a048ff273f7fcc4a7b6c09	2026-10-03T05:35:43.4605687Z Initialized empty Git repository in /home/runner/work/coinquant/coinquant/.git/
check	Run actions/checkout@fbc6f3992d24b796d5a048ff273f7fcc4a7b6c09	2026-10-03T05:35:43.4617301Z [command]/usr/bin/git remote add origin https://github.com/geniusgrok/coinquant
check	Run actions/checkout@fbc6f3992d24b796d5a048ff273f7fcc4a7b6c09	2026-10-03T05:35:43.4671885Z ##[endgroup]
check	Run actions/checkout@fbc6f3992d24b796d5a048ff273f7fcc4a7b6c09	2026-10-03T05:35:43.4673845Z ##[group]Disabling automatic garbage collection
check	Run actions/checkout@fbc6f3992d24b796d5a048ff273f7fcc4a7b6c09	2026-10-03T05:35:43.4675370Z [command]/usr/bin/git config --local gc.auto 0
check	Run actions/checkout@fbc6f3992d24b796d5a048ff273f7fcc4a7b6c09	2026-10-03T05:35:43.4710696Z ##[endgroup]
check	Run actions/checkout@fbc6f3992d24b796d5a048ff273f7fcc4a7b6c09	2026-10-03T05:35:43.4712558Z ##[group]Setting up auth
check	Run actions/checkout@fbc6f3992d24b796d5a048ff273f7fcc4a7b6c09	2026-10-03T05:35:43.4718228Z [command]/usr/bin/git config --local --name-only --get-regexp core\.sshCommand
check	Run actions/checkout@fbc6f3992d24b796d5a048ff273f7fcc4a7b6c09	2026-10-03T05:35:43.4751746Z [command]/usr/bin/git submodule foreach --recursive sh -c "git config --local --name-only --get-regexp 'core\.sshCommand' && git config --local --unset-all 'core.sshCommand' || :"
check	Run actions/checkout@fbc6f3992d24b796d5a048ff273f7fcc4a7b6c09	2026-10-03T05:35:43.5115155Z [command]/usr/bin/git config --local --name-only --get-regexp http\.https\:\/\/github\.com\/\.extraheader
check	Run actions/checkout@fbc6f3992d24b796d5a048ff273f7fcc4a7b6c09	2026-10-03T05:35:43.5154613Z [command]/usr/bin/git submodule foreach --recursive sh -c "git config --local --name-only --get-regexp 'http\.https\:\/\/github\.com\/\.extraheader' && git config --local --unset-all 'http.https://github.com/.extraheader' || :"
check	Run actions/checkout@fbc6f3992d24b796d5a048ff273f7fcc4a7b6c09	2026-10-03T05:35:43.5389525Z [command]/usr/bin/git config --local --name-only --get-regexp ^includeIf\.gitdir:
check	Run actions/checkout@fbc6f3992d24b796d5a048ff273f7fcc4a7b6c09	2026-10-03T05:35:43.5421915Z [command]/usr/bin/git submodule foreach --recursive git config --local --show-origin --name-only --get-regexp remote.origin.url
check	Run actions/checkout@fbc6f3992d24b796d5a048ff273f7fcc4a7b6c09	2026-10-03T05:35:43.5623882Z [command]/usr/bin/git config --local http.https://github.com/.extraheader AUTHORIZATION: basic ***
check	Run actions/checkout@fbc6f3992d24b796d5a048ff273f7fcc4a7b6c09	2026-10-03T05:35:43.5666879Z ##[endgroup]
check	Run actions/checkout@fbc6f3992d24b796d5a048ff273f7fcc4a7b6c09	2026-10-03T05:35:43.5668085Z ##[group]Fetching the repository
check	Run actions/checkout@fbc6f3992d24b796d5a048ff273f7fcc4a7b6c09	2026-10-03T05:35:43.5676993Z [command]/usr/bin/git -c protocol.version=2 fetch --no-tags --prune --no-recurse-submodules --depth=1 origin f653ba22f014e4a36f21eb39ecb647f28578c654
check	Run actions/checkout@fbc6f3992d24b796d5a048ff273f7fcc4a7b6c09	2026-10-03T05:35:47.6828634Z From https://github.com/geniusgrok/coinquant
check	Run actions/checkout@fbc6f3992d24b796d5a048ff273f7fcc4a7b6c09	2026-10-03T05:35:47.6830581Z  * branch            f653ba22f014e4a36f21eb39ecb647f28578c654 -> FETCH_HEAD
check	Run actions/checkout@fbc6f3992d24b796d5a048ff273f7fcc4a7b6c09	2026-10-03T05:35:47.6836014Z ##[endgroup]
check	Run actions/checkout@fbc6f3992d24b796d5a048ff273f7fcc4a7b6c09	2026-10-03T05:35:47.6837924Z ##[group]Determining the checkout info
check	Run actions/checkout@fbc6f3992d24b796d5a048ff273f7fcc4a7b6c09	2026-10-03T05:35:47.6840115Z ##[endgroup]
check	Run actions/checkout@fbc6f3992d24b796d5a048ff273f7fcc4a7b6c09	2026-10-03T05:35:47.6845288Z [command]/usr/bin/git sparse-checkout disable
check	Run actions/checkout@fbc6f3992d24b796d5a048ff273f7fcc4a7b6c09	2026-10-03T05:35:47.6899345Z [command]/usr/bin/git config --local --unset-all extensions.worktreeConfig
check	Run actions/checkout@fbc6f3992d24b796d5a048ff273f7fcc4a7b6c09	2026-10-03T05:35:47.6938933Z ##[group]Checking out the ref
check	Run actions/checkout@fbc6f3992d24b796d5a048ff273f7fcc4a7b6c09	2026-10-03T05:35:47.6940939Z [command]/usr/bin/git checkout --progress --force f653ba22f014e4a36f21eb39ecb647f28578c654
check	Run actions/checkout@fbc6f3992d24b796d5a048ff273f7fcc4a7b6c09	2026-10-03T05:35:48.7396795Z Updating files:  83% (1298/1561)
check	Run actions/checkout@fbc6f3992d24b796d5a048ff273f7fcc4a7b6c09	2026-10-03T05:35:48.7687232Z Updating files:  84% (1312/1561)
check	Run actions/checkout@fbc6f3992d24b796d5a048ff273f7fcc4a7b6c09	2026-10-03T05:35:48.7799780Z Updating files:  85% (1327/1561)
check	Run actions/checkout@fbc6f3992d24b796d5a048ff273f7fcc4a7b6c09	2026-10-03T05:35:48.7881661Z Updating files:  86% (1343/1561)
check	Run actions/checkout@fbc6f3992d24b796d5a048ff273f7fcc4a7b6c09	2026-10-03T05:35:48.7920147Z Updating files:  87% (1359/1561)
check	Run actions/checkout@fbc6f3992d24b796d5a048ff273f7fcc4a7b6c09	2026-10-03T05:35:48.8066662Z Updating files:  88% (1374/1561)
check	Run actions/checkout@fbc6f3992d24b796d5a048ff273f7fcc4a7b6c09	2026-10-03T05:35:48.8092444Z Updating files:  89% (1390/1561)
check	Run actions/checkout@fbc6f3992d24b796d5a048ff273f7fcc4a7b6c09	2026-10-03T05:35:48.8182136Z Updating files:  90% (1405/1561)
check	Run actions/checkout@fbc6f3992d24b796d5a048ff273f7fcc4a7b6c09	2026-10-03T05:35:48.8277363Z Updating files:  91% (1421/1561)
check	Run actions/checkout@fbc6f3992d24b796d5a048ff273f7fcc4a7b6c09	2026-10-03T05:35:48.8314954Z Updating files:  92% (1437/1561)
check	Run actions/checkout@fbc6f3992d24b796d5a048ff273f7fcc4a7b6c09	2026-10-03T05:35:48.8379179Z Updating files:  93% (1452/1561)
check	Run actions/checkout@fbc6f3992d24b796d5a048ff273f7fcc4a7b6c09	2026-10-03T05:35:48.8608711Z Updating files:  94% (1468/1561)
check	Run actions/checkout@fbc6f3992d24b796d5a048ff273f7fcc4a7b6c09	2026-10-03T05:35:48.8621940Z Updating files:  95% (1483/1561)
check	Run actions/checkout@fbc6f3992d24b796d5a048ff273f7fcc4a7b6c09	2026-10-03T05:35:48.8636095Z Updating files:  96% (1499/1561)
check	Run actions/checkout@fbc6f3992d24b796d5a048ff273f7fcc4a7b6c09	2026-10-03T05:35:48.8645374Z Updating files:  97% (1515/1561)
check	Run actions/checkout@fbc6f3992d24b796d5a048ff273f7fcc4a7b6c09	2026-10-03T05:35:48.8655210Z Updating files:  98% (1530/1561)
check	Run actions/checkout@fbc6f3992d24b796d5a048ff273f7fcc4a7b6c09	2026-10-03T05:35:48.8663162Z Updating files:  99% (1546/1561)
check	Run actions/checkout@fbc6f3992d24b796d5a048ff273f7fcc4a7b6c09	2026-10-03T05:35:48.8663721Z Updating files: 100% (1561/1561)
check	Run actions/checkout@fbc6f3992d24b796d5a048ff273f7fcc4a7b6c09	2026-10-03T05:35:48.8664272Z Updating files: 100% (1561/1561), done.
check	Run actions/checkout@fbc6f3992d24b796d5a048ff273f7fcc4a7b6c09	2026-10-03T05:35:48.8686981Z Note: switching to 'f653ba22f014e4a36f21eb39ecb647f28578c654'.
check	Run actions/checkout@fbc6f3992d24b796d5a048ff273f7fcc4a7b6c09	2026-10-03T05:35:48.8687506Z 
check	Run actions/checkout@fbc6f3992d24b796d5a048ff273f7fcc4a7b6c09	2026-10-03T05:35:48.8687991Z You are in 'detached HEAD' state. You can look around, make experimental
check	Run actions/checkout@fbc6f3992d24b796d5a048ff273f7fcc4a7b6c09	2026-10-03T05:35:48.8688748Z changes and commit them, and you can discard any commits you make in this
check	Run actions/checkout@fbc6f3992d24b796d5a048ff273f7fcc4a7b6c09	2026-10-03T05:35:48.8689370Z state without impacting any branches by switching back to a branch.
check	Run actions/checkout@fbc6f3992d24b796d5a048ff273f7fcc4a7b6c09	2026-10-03T05:35:48.8689825Z 
check	Run actions/checkout@fbc6f3992d24b796d5a048ff273f7fcc4a7b6c09	2026-10-03T05:35:48.8690118Z If you want to create a new branch to retain commits you create, you may
check	Run actions/checkout@fbc6f3992d24b796d5a048ff273f7fcc4a7b6c09	2026-10-03T05:35:48.8690711Z do so (now or later) by using -c with the switch command. Example:
check	Run actions/checkout@fbc6f3992d24b796d5a048ff273f7fcc4a7b6c09	2026-10-03T05:35:48.8691047Z 
check	Run actions/checkout@fbc6f3992d24b796d5a048ff273f7fcc4a7b6c09	2026-10-03T05:35:48.8691268Z   git switch -c <new-branch-name>
check	Run actions/checkout@fbc6f3992d24b796d5a048ff273f7fcc4a7b6c09	2026-10-03T05:35:48.8691535Z 
check	Run actions/checkout@fbc6f3992d24b796d5a048ff273f7fcc4a7b6c09	2026-10-03T05:35:48.8691741Z Or undo this operation with:
check	Run actions/checkout@fbc6f3992d24b796d5a048ff273f7fcc4a7b6c09	2026-10-03T05:35:48.8691953Z 
check	Run actions/checkout@fbc6f3992d24b796d5a048ff273f7fcc4a7b6c09	2026-10-03T05:35:48.8692139Z   git switch -
check	Run actions/checkout@fbc6f3992d24b796d5a048ff273f7fcc4a7b6c09	2026-10-03T05:35:48.8692303Z 
check	Run actions/checkout@fbc6f3992d24b796d5a048ff273f7fcc4a7b6c09	2026-10-03T05:35:48.8692673Z Turn off this advice by setting config variable advice.detachedHead to false
check	Run actions/checkout@fbc6f3992d24b796d5a048ff273f7fcc4a7b6c09	2026-10-03T05:35:48.8693170Z 
check	Run actions/checkout@fbc6f3992d24b796d5a048ff273f7fcc4a7b6c09	2026-10-03T05:35:48.8693577Z HEAD is now at f653ba2 Merge 37061a7f588f97cc16852551cab6cd2e51acb920 into c363a582a064bd36d633f6439803f4c570d52333
check	Run actions/checkout@fbc6f3992d24b796d5a048ff273f7fcc4a7b6c09	2026-10-03T05:35:48.8713095Z ##[endgroup]
check	Run actions/checkout@fbc6f3992d24b796d5a048ff273f7fcc4a7b6c09	2026-10-03T05:35:48.8756298Z [command]/usr/bin/git log -1 --format=%H
check	Run actions/checkout@fbc6f3992d24b796d5a048ff273f7fcc4a7b6c09	2026-10-03T05:35:48.8779267Z f653ba22f014e4a36f21eb39ecb647f28578c654
check	Run actions/checkout@fbc6f3992d24b796d5a048ff273f7fcc4a7b6c09	2026-10-03T05:35:48.8794009Z ##[group]Removing auth
check	Run actions/checkout@fbc6f3992d24b796d5a048ff273f7fcc4a7b6c09	2026-10-03T05:35:48.8794978Z [command]/usr/bin/git config --local --name-only --get-regexp core\.sshCommand
check	Run actions/checkout@fbc6f3992d24b796d5a048ff273f7fcc4a7b6c09	2026-10-03T05:35:48.8825188Z [command]/usr/bin/git submodule foreach --recursive sh -c "git config --local --name-only --get-regexp 'core\.sshCommand' && git config --local --unset-all 'core.sshCommand' || :"
check	Run actions/checkout@fbc6f3992d24b796d5a048ff273f7fcc4a7b6c09	2026-10-03T05:35:48.9020958Z [command]/usr/bin/git config --local --name-only --get-regexp http\.https\:\/\/github\.com\/\.extraheader
check	Run actions/checkout@fbc6f3992d24b796d5a048ff273f7fcc4a7b6c09	2026-10-03T05:35:48.9046184Z http.https://github.com/.extraheader
check	Run actions/checkout@fbc6f3992d24b796d5a048ff273f7fcc4a7b6c09	2026-10-03T05:35:48.9052368Z [command]/usr/bin/git config --local --unset-all http.https://github.com/.extraheader
check	Run actions/checkout@fbc6f3992d24b796d5a048ff273f7fcc4a7b6c09	2026-10-03T05:35:48.9087254Z [command]/usr/bin/git submodule foreach --recursive sh -c "git config --local --name-only --get-regexp 'http\.https\:\/\/github\.com\/\.extraheader' && git config --local --unset-all 'http.https://github.com/.extraheader' || :"
check	Run actions/checkout@fbc6f3992d24b796d5a048ff273f7fcc4a7b6c09	2026-10-03T05:35:48.9284392Z [command]/usr/bin/git config --local --name-only --get-regexp ^includeIf\.gitdir:
check	Run actions/checkout@fbc6f3992d24b796d5a048ff273f7fcc4a7b6c09	2026-10-03T05:35:48.9313125Z [command]/usr/bin/git submodule foreach --recursive git config --local --show-origin --name-only --get-regexp remote.origin.url
check	Run actions/checkout@fbc6f3992d24b796d5a048ff273f7fcc4a7b6c09	2026-10-03T05:35:48.9500468Z ##[endgroup]
check	Run actions/setup-python@ece7cb06caefa5fff74198d8649806c4678c61a1	﻿2026-10-03T05:35:48.9757096Z ##[group]Run actions/setup-python@ece7cb06caefa5fff74198d8649806c4678c61a1
check	Run actions/setup-python@ece7cb06caefa5fff74198d8649806c4678c61a1	2026-10-03T05:35:48.9757788Z with:
check	Run actions/setup-python@ece7cb06caefa5fff74198d8649806c4678c61a1	2026-10-03T05:35:48.9758138Z   python-version: 3.13
check	Run actions/setup-python@ece7cb06caefa5fff74198d8649806c4678c61a1	2026-10-03T05:35:48.9758557Z   check-latest: false
check	Run actions/setup-python@ece7cb06caefa5fff74198d8649806c4678c61a1	2026-10-03T05:35:48.9761303Z   token: ***
check	Run actions/setup-python@ece7cb06caefa5fff74198d8649806c4678c61a1	2026-10-03T05:35:48.9761686Z   update-environment: true
check	Run actions/setup-python@ece7cb06caefa5fff74198d8649806c4678c61a1	2026-10-03T05:35:48.9762134Z   allow-prereleases: false
check	Run actions/setup-python@ece7cb06caefa5fff74198d8649806c4678c61a1	2026-10-03T05:35:48.9762505Z   freethreaded: false
check	Run actions/setup-python@ece7cb06caefa5fff74198d8649806c4678c61a1	2026-10-03T05:35:48.9763063Z ##[endgroup]
check	Run actions/setup-python@ece7cb06caefa5fff74198d8649806c4678c61a1	2026-10-03T05:35:49.1041887Z ##[group]Installed versions
check	Run actions/setup-python@ece7cb06caefa5fff74198d8649806c4678c61a1	2026-10-03T05:35:49.1134474Z Successfully set up CPython (3.13.15)
check	Run actions/setup-python@ece7cb06caefa5fff74198d8649806c4678c61a1	2026-10-03T05:35:49.1135596Z ##[endgroup]
check	Compile and run offline checks	﻿2026-10-03T05:35:49.1266087Z ##[group]Run python -m compileall -q coinquant research tests
check	Compile and run offline checks	2026-10-03T05:35:49.1266908Z [36;1mpython -m compileall -q coinquant research tests[0m
check	Compile and run offline checks	2026-10-03T05:35:49.1267426Z [36;1mpython -m unittest discover -s tests -v[0m
check	Compile and run offline checks	2026-10-03T05:35:49.1512835Z shell: /usr/bin/bash -e {0}
check	Compile and run offline checks	2026-10-03T05:35:49.1513728Z env:
check	Compile and run offline checks	2026-10-03T05:35:49.1514371Z   pythonLocation: /opt/hostedtoolcache/Python/3.13.15/x64
check	Compile and run offline checks	2026-10-03T05:35:49.1515166Z   PKG_CONFIG_PATH: /opt/hostedtoolcache/Python/3.13.15/x64/lib/pkgconfig
check	Compile and run offline checks	2026-10-03T05:35:49.1515926Z   Python_ROOT_DIR: /opt/hostedtoolcache/Python/3.13.15/x64
check	Compile and run offline checks	2026-10-03T05:35:49.1516638Z   Python2_ROOT_DIR: /opt/hostedtoolcache/Python/3.13.15/x64
check	Compile and run offline checks	2026-10-03T05:35:49.1517316Z   Python3_ROOT_DIR: /opt/hostedtoolcache/Python/3.13.15/x64
check	Compile and run offline checks	2026-10-03T05:35:49.1518007Z   LD_LIBRARY_PATH: /opt/hostedtoolcache/Python/3.13.15/x64/lib
check	Compile and run offline checks	2026-10-03T05:35:49.1518607Z ##[endgroup]
check	Compile and run offline checks	2026-10-03T05:35:51.6114158Z test_contract_identity_and_gates (test_acceptance.AcceptanceTests.test_contract_identity_and_gates) ... ok
check	Compile and run offline checks	2026-10-03T05:35:51.6116073Z test_exact_target_boundaries (test_acceptance.AcceptanceTests.test_exact_target_boundaries) ... ok
check	Compile and run offline checks	2026-10-03T05:35:51.6229906Z test_recorded_default_and_evidence_identity (test_acceptance.AcceptanceTests.test_recorded_default_and_evidence_identity) ... ok
check	Compile and run offline checks	2026-10-03T05:35:51.6766775Z test_recorded_numbers_are_the_ones_in_their_evidence_files (test_acceptance.AcceptanceTests.test_recorded_numbers_are_the_ones_in_their_evidence_files) ... ok
check	Compile and run offline checks	2026-10-03T05:35:51.6804672Z test_calibration_binding_rejects_future_mismatch_nonfinite_and_scales_only_new_sizing (test_alpha_perp.AlphaTests.test_calibration_binding_rejects_future_mismatch_nonfinite_and_scales_only_new_sizing) ... ok
check	Compile and run offline checks	2026-10-03T05:35:51.6820216Z test_checkpoint_roundtrip_identity_digest_and_provenance (test_alpha_perp.AlphaTests.test_checkpoint_roundtrip_identity_digest_and_provenance) ... ok
check	Compile and run offline checks	2026-10-03T05:35:51.6835196Z test_compression_uses_prior_high_atr_and_median_with_original_priority (test_alpha_perp.AlphaTests.test_compression_uses_prior_high_atr_and_median_with_original_priority) ... ok
check	Compile and run offline checks	2026-10-03T05:35:51.8945399Z test_cycle_failures_are_distinct_once_and_keep_actual_chronology (test_alpha_perp.AlphaTests.test_cycle_failures_are_distinct_once_and_keep_actual_chronology) ... ok
check	Compile and run offline checks	2026-10-03T05:35:51.8952567Z test_fresh_entry_age_chase_boundaries_owned_and_macro_unchanged (test_alpha_perp.AlphaTests.test_fresh_entry_age_chase_boundaries_owned_and_macro_unchanged) ... ok
check	Compile and run offline checks	2026-10-03T05:35:51.8954939Z test_hooks_restore_on_exception (test_alpha_perp.AlphaTests.test_hooks_restore_on_exception) ... ok
check	Compile and run offline checks	2026-10-03T05:35:52.5330009Z test_incumbent_noop_preserves_calls_clock_cash_fills_and_requests (test_alpha_perp.AlphaTests.test_incumbent_noop_preserves_calls_clock_cash_fills_and_requests) ... ok
check	Compile and run offline checks	2026-10-03T05:35:52.8279857Z test_macro_creation_provenance_survives_polls_checkpoint_and_owned_decisions (test_alpha_perp.AlphaTests.test_macro_creation_provenance_survives_polls_checkpoint_and_owned_decisions) ... ok
check	Compile and run offline checks	2026-10-03T05:35:53.7064941Z test_macro_diagnostic_closes_are_attached_only_after_execution (test_alpha_perp.AlphaTests.test_macro_diagnostic_closes_are_attached_only_after_execution) ... ok
check	Compile and run offline checks	2026-10-03T05:35:54.3399806Z test_real_lifecycle_trail_tightens_and_through_mark_reduces_without_macro_change (test_alpha_perp.AlphaTests.test_real_lifecycle_trail_tightens_and_through_mark_reduces_without_macro_change) ... ok
check	Compile and run offline checks	2026-10-03T05:35:54.9976506Z test_single_topup_partial_and_unknown_fills_recover_once_and_keep_protection (test_alpha_perp.AlphaTests.test_single_topup_partial_and_unknown_fills_recover_once_and_keep_protection) ... ok
check	Compile and run offline checks	2026-10-03T05:35:54.9984650Z test_trail_bar_state_excludes_entry_bar_and_makes_no_unattended_stop_change (test_alpha_perp.AlphaTests.test_trail_bar_state_excludes_entry_bar_and_makes_no_unattended_stop_change) ... ok
check	Compile and run offline checks	2026-10-03T05:35:55.2161089Z test_unknown_unaccepted_topup_is_not_resent (test_alpha_perp.AlphaTests.test_unknown_unaccepted_topup_is_not_resent) ... ok
check	Compile and run offline checks	2026-10-03T05:35:55.2466582Z test_explicit_missing_inside_retention_is_terminal_and_stays_terminal (test_audit_20260929.AbsentOrderTests.test_explicit_missing_inside_retention_is_terminal_and_stays_terminal) ... ok
check	Compile and run offline checks	2026-10-03T05:35:55.2761173Z test_missing_before_expiry_or_after_retention_stays_unknown (test_audit_20260929.AbsentOrderTests.test_missing_before_expiry_or_after_retention_stays_unknown) ... ok
check	Compile and run offline checks	2026-10-03T05:35:55.2863710Z test_same_account_in_two_directories_cannot_both_write (test_audit_20260929.AccountLockTests.test_same_account_in_two_directories_cannot_both_write) ... ok
check	Compile and run offline checks	2026-10-03T05:35:55.3348954Z test_close_sends_the_market_cap_then_the_remainder (test_audit_20260929.ExitSliceTests.test_close_sends_the_market_cap_then_the_remainder) ... ok
check	Compile and run offline checks	2026-10-03T05:35:55.3350905Z test_limit_entry_does_not_use_the_market_lot_cap (test_audit_20260929.QuantityRuleTests.test_limit_entry_does_not_use_the_market_lot_cap) ... ok
check	Compile and run offline checks	2026-10-03T05:35:55.3586568Z test_duplicate_client_id_and_triggering_stop_stay_unknown (test_audit_20260929.RejectCodeTests.test_duplicate_client_id_and_triggering_stop_stay_unknown) ... ok
check	Compile and run offline checks	2026-10-03T05:35:55.3701990Z test_lost_send_records_only_the_error_type (test_audit_20260929.RejectCodeTests.test_lost_send_records_only_the_error_type) ... ok
check	Compile and run offline checks	2026-10-03T05:35:55.3818707Z test_plain_parameter_rejection_is_still_terminal (test_audit_20260929.RejectCodeTests.test_plain_parameter_rejection_is_still_terminal) ... ok
check	Compile and run offline checks	2026-10-03T05:35:55.3822597Z test_names_and_output_roots_are_bounded (test_audit_20260929.TrialPathTests.test_names_and_output_roots_are_bounded) ... ok
check	Compile and run offline checks	2026-10-03T05:35:55.3953740Z test_a_fresh_gap_waits_and_an_old_gap_blocks (test_audit_20260929.WalletGapTests.test_a_fresh_gap_waits_and_an_old_gap_blocks) ... ok
check	Compile and run offline checks	2026-10-03T05:35:55.4311994Z test_documented_503_failures_are_terminal_and_other_503s_stay_unknown (tests.test_margin_intents.WriteClassificationTests.test_documented_503_failures_are_terminal_and_other_503s_stay_unknown) ... ok
check	Compile and run offline checks	2026-10-03T05:35:55.4439965Z test_documented_native_rejection_is_terminal (tests.test_margin_intents.WriteClassificationTests.test_documented_native_rejection_is_terminal) ... ok
check	Compile and run offline checks	2026-10-03T05:35:55.4564835Z test_expired_deadline_is_recorded_as_never_sent (tests.test_margin_intents.WriteClassificationTests.test_expired_deadline_is_recorded_as_never_sent) ... ok
check	Compile and run offline checks	2026-10-03T05:35:55.4927106Z test_lost_add_cannot_be_declared_rejected_from_age_and_missing_query (tests.test_margin_intents.WriteClassificationTests.test_lost_add_cannot_be_declared_rejected_from_age_and_missing_query) ... ok
check	Compile and run offline checks	2026-10-03T05:35:55.5243504Z test_margin_rejection_blocks_without_pending (tests.test_margin_intents.WriteClassificationTests.test_margin_rejection_blocks_without_pending) ... ok
check	Compile and run offline checks	2026-10-03T05:35:55.5368938Z test_missing_order_without_a_preparation_time_or_past_retention_stays_unknown (tests.test_margin_intents.WriteClassificationTests.test_missing_order_without_a_preparation_time_or_past_retention_stays_unknown) ... ok
check	Compile and run offline checks	2026-10-03T05:35:55.5521575Z test_numeric_margin_amount_is_parsed_exactly (tests.test_margin_intents.WriteClassificationTests.test_numeric_margin_amount_is_parsed_exactly) ... ok
check	Compile and run offline checks	2026-10-03T05:35:55.5863377Z test_overloaded_add_does_not_block_the_exit_of_the_existing_position (tests.test_margin_intents.WriteClassificationTests.test_overloaded_add_does_not_block_the_exit_of_the_existing_position) ... ok
check	Compile and run offline checks	2026-10-03T05:35:55.5970390Z test_read_rejections_remain_unknown (tests.test_margin_intents.WriteClassificationTests.test_read_rejections_remain_unknown) ... ok
check	Compile and run offline checks	2026-10-03T05:35:55.6186967Z test_unknown_execution_codes_and_server_errors_stay_pending (tests.test_margin_intents.WriteClassificationTests.test_unknown_execution_codes_and_server_errors_stay_pending) ... ok
check	Compile and run offline checks	2026-10-03T05:35:55.6325434Z test_a_live_writer_on_another_machine_blocks_the_next_open (test_audit_20260929.WriterHostTests.test_a_live_writer_on_another_machine_blocks_the_next_open) ... ok
check	Compile and run offline checks	2026-10-03T05:35:55.6343984Z test_execute_needs_trial_and_uid_before_credentials (test_audit_fixes.CliSmoke.test_execute_needs_trial_and_uid_before_credentials) ... blocked: write trial requires --trial and --authorize-uid
check	Compile and run offline checks	2026-10-03T05:35:55.6345670Z ok
check	Compile and run offline checks	2026-10-03T05:35:56.6769480Z test_run_defaults_to_observation_and_sends_no_write (test_audit_fixes.CliSmoke.test_run_defaults_to_observation_and_sends_no_write) ... read_only: 
check	Compile and run offline checks	2026-10-03T05:35:56.6785548Z ok
check	Compile and run offline checks	2026-10-03T05:35:56.6802694Z test_trial_options_without_execute_are_refused (test_audit_fixes.CliSmoke.test_trial_options_without_execute_are_refused) ... blocked: trial options require --execute
check	Compile and run offline checks	2026-10-03T05:35:56.6804314Z ok
check	Compile and run offline checks	2026-10-03T05:35:56.8327606Z test_cleanup_budget_never_passes_the_hard_deadline (test_audit_fixes.ExitPaths.test_cleanup_budget_never_passes_the_hard_deadline) ... ok
check	Compile and run offline checks	2026-10-03T05:35:56.9026936Z test_deadline_with_pending_intent_is_execution_unresolved (test_audit_fixes.ExitPaths.test_deadline_with_pending_intent_is_execution_unresolved) ... ok
check	Compile and run offline checks	2026-10-03T05:35:56.9715083Z test_interrupt_and_clock_failure_are_reported_with_phase (test_audit_fixes.ExitPaths.test_interrupt_and_clock_failure_are_reported_with_phase) ... ok
check	Compile and run offline checks	2026-10-03T05:35:57.1244381Z test_verified_session_is_not_unresolved (test_audit_fixes.ExitPaths.test_verified_session_is_not_unresolved) ... ok
check	Compile and run offline checks	2026-10-03T05:35:57.2747455Z test_entry_reply_lost_after_fill_is_found_by_identity_and_protected (test_audit_fixes.FirstFillToProtection.test_entry_reply_lost_after_fill_is_found_by_identity_and_protected) ... ok
check	Compile and run offline checks	2026-10-03T05:35:57.3823197Z test_stop_accepted_take_rejected_never_leaves_a_one_leg_position (test_audit_fixes.FirstFillToProtection.test_stop_accepted_take_rejected_never_leaves_a_one_leg_position) ... ok
check	Compile and run offline checks	2026-10-03T05:35:57.4975634Z test_unknown_margin_transfer_is_not_resent_and_position_stays_protected (test_audit_fixes.FirstFillToProtection.test_unknown_margin_transfer_is_not_resent_and_position_stays_protected) ... ok
check	Compile and run offline checks	2026-10-03T05:35:57.7026384Z test_audit_failure_does_not_stop_signal_exit (test_audit_fixes.FundsAuditGate.test_audit_failure_does_not_stop_signal_exit) ... ok
check	Compile and run offline checks	2026-10-03T05:35:57.7158110Z test_cache_is_bound_to_the_wallet_value_and_wallet_less_reads_do_not_settle (test_audit_fixes.FundsAuditGate.test_cache_is_bound_to_the_wallet_value_and_wallet_less_reads_do_not_settle) ... ok
check	Compile and run offline checks	2026-10-03T05:35:57.7822818Z test_final_income_audit_failure_is_reported_not_success (test_audit_fixes.FundsAuditGate.test_final_income_audit_failure_is_reported_not_success) ... ok
check	Compile and run offline checks	2026-10-03T05:35:57.7968595Z test_gap_that_income_never_explains_becomes_unexplained (test_audit_fixes.FundsAuditGate.test_gap_that_income_never_explains_becomes_unexplained) ... ok
check	Compile and run offline checks	2026-10-03T05:35:57.9361754Z test_unexplained_wallet_stops_top_up_but_keeps_protection (test_audit_fixes.FundsAuditGate.test_unexplained_wallet_stops_top_up_but_keeps_protection) ... ok
check	Compile and run offline checks	2026-10-03T05:35:57.9515963Z test_wallet_drop_without_income_never_opens_risk_and_late_income_clears_it (test_audit_fixes.FundsAuditGate.test_wallet_drop_without_income_never_opens_risk_and_late_income_clears_it) ... ok
check	Compile and run offline checks	2026-10-03T05:35:58.1258241Z test_outage_does_not_touch_a_primary_position_or_its_protection (test_audit_fixes.MacroFailurePolicy.test_outage_does_not_touch_a_primary_position_or_its_protection) ... ok
check	Compile and run offline checks	2026-10-03T05:35:58.1883733Z test_outage_on_a_flat_account_stops_new_risk_without_hiding_the_reason (test_audit_fixes.MacroFailurePolicy.test_outage_on_a_flat_account_stops_new_risk_without_hiding_the_reason) ... ok
check	Compile and run offline checks	2026-10-03T05:35:58.2105934Z test_sub_unit_residue_is_arithmetic_but_one_native_unit_is_a_gap (test_audit_fixes.NativePrecision.test_sub_unit_residue_is_arithmetic_but_one_native_unit_is_a_gap) ... ok
check	Compile and run offline checks	2026-10-03T05:35:58.3753779Z test_a_healthy_native_leg_keeps_the_block_without_reducing (test_audit_fixes.ReplacementFallback.test_a_healthy_native_leg_keeps_the_block_without_reducing) ... ok
check	Compile and run offline checks	2026-10-03T05:35:58.5598048Z test_unprotected_position_with_a_failing_replacement_is_reduced_not_left_open (test_audit_fixes.ReplacementFallback.test_unprotected_position_with_a_failing_replacement_is_reduced_not_left_open) ... ok
check	Compile and run offline checks	2026-10-03T05:35:58.5601206Z test_documented_rejection_is_terminal_and_transport_loss_is_not (test_audit_fixes.RestErrors.test_documented_rejection_is_terminal_and_transport_loss_is_not) ... ok
check	Compile and run offline checks	2026-10-03T05:35:58.5608905Z test_rate_limits_and_server_errors_stay_unknown_with_native_evidence (test_audit_fixes.RestErrors.test_rate_limits_and_server_errors_stay_unknown_with_native_evidence) ... ok
check	Compile and run offline checks	2026-10-03T05:35:58.5735449Z test_unknown_status_is_recorded_on_the_intent_and_never_terminal (test_audit_fixes.RestErrors.test_unknown_status_is_recorded_on_the_intent_and_never_terminal) ... ok
check	Compile and run offline checks	2026-10-03T05:35:58.5736997Z test_first_signal_interrupts_later_ones_are_ignored_and_handlers_restore (test_audit_fixes.Signals.test_first_signal_interrupts_later_ones_are_ignored_and_handlers_restore) ... ok
check	Compile and run offline checks	2026-10-03T05:35:58.5747803Z test_interrupt_before_the_session_is_an_explicit_unknown_report (test_audit_fixes.Signals.test_interrupt_before_the_session_is_an_explicit_unknown_report) ... unknown: Interrupted before or outside the bounded session; reconcile before any new action
check	Compile and run offline checks	2026-10-03T05:35:58.5748824Z ok
check	Compile and run offline checks	2026-10-03T05:35:58.7117761Z test_entry_records_its_sizing_capital_and_top_up_reports_current_capital (test_audit_fixes.SmallFundBoundaries.test_entry_records_its_sizing_capital_and_top_up_reports_current_capital) ... ok
check	Compile and run offline checks	2026-10-03T05:35:58.8409778Z test_lowered_capital_never_grows_the_position_back_to_the_old_target (test_audit_fixes.SmallFundBoundaries.test_lowered_capital_never_grows_the_position_back_to_the_old_target) ... ok
check	Compile and run offline checks	2026-10-03T05:35:58.9805169Z test_session_reports_exchange_leverage_apart_from_account_notional (test_audit_fixes.SmallFundBoundaries.test_session_reports_exchange_leverage_apart_from_account_notional) ... ok
check	Compile and run offline checks	2026-10-03T05:35:58.9812442Z test_failed_time_read_sends_no_signed_request (test_audit_fixes.StatusClock.test_failed_time_read_sends_no_signed_request) ... ok
check	Compile and run offline checks	2026-10-03T05:35:58.9825286Z test_main_reports_the_failure_and_exits_nonzero (test_audit_fixes.StatusClock.test_main_reports_the_failure_and_exits_nonzero) ... unknown: Binance server time unavailable; clock not aligned
check	Compile and run offline checks	2026-10-03T05:35:58.9826382Z ok
check	Compile and run offline checks	2026-10-03T05:35:58.9956548Z test_status_aligns_the_clock_before_the_first_signed_read (test_audit_fixes.StatusClock.test_status_aligns_the_clock_before_the_first_signed_read) ... ok
check	Compile and run offline checks	2026-10-03T05:35:58.9958789Z test_execution_blocked_before_credentials_or_network (test_binance_cli.BinanceCLI.test_execution_blocked_before_credentials_or_network) ... ok
check	Compile and run offline checks	2026-10-03T05:35:59.0150350Z test_incomplete_replacement_is_visible_without_pending_order (test_binance_cli.BinanceCLI.test_incomplete_replacement_is_visible_without_pending_order) ... ok
check	Compile and run offline checks	2026-10-03T05:35:59.0162830Z test_missing_named_credentials_blocks_before_network (test_binance_cli.BinanceCLI.test_missing_named_credentials_blocks_before_network) ... ok
check	Compile and run offline checks	2026-10-03T05:35:59.0317602Z test_observation_saves_bound_account_report_without_decision (test_binance_cli.BinanceCLI.test_observation_saves_bound_account_report_without_decision) ... ok
check	Compile and run offline checks	2026-10-03T05:35:59.0609702Z test_pending_recovery_refreshes_account_and_keeps_unknown_blocked (test_binance_cli.BinanceCLI.test_pending_recovery_refreshes_account_and_keeps_unknown_blocked) ... ok
check	Compile and run offline checks	2026-10-03T05:35:59.0612111Z test_unknown_configuration_fields_are_rejected (test_binance_cli.BinanceCLI.test_unknown_configuration_fields_are_rejected) ... ok
check	Compile and run offline checks	2026-10-03T05:35:59.0796424Z test_canceled_parent_still_queries_partially_filled_child (test_binance_intent_read.IntentRead.test_canceled_parent_still_queries_partially_filled_child) ... ok
check	Compile and run offline checks	2026-10-03T05:35:59.0974991Z test_missing_history_never_becomes_retry_permission (test_binance_intent_read.IntentRead.test_missing_history_never_becomes_retry_permission) ... ok
check	Compile and run offline checks	2026-10-03T05:35:59.1236808Z test_checkpoint_pages_without_truncation (test_binance_market.NativeMarket.test_checkpoint_pages_without_truncation) ... ok
check	Compile and run offline checks	2026-10-03T05:35:59.1424841Z test_completed_boundary_and_missing_or_forming_candle (test_binance_market.NativeMarket.test_completed_boundary_and_missing_or_forming_candle) ... ok
check	Compile and run offline checks	2026-10-03T05:35:59.1427631Z test_common_increment_and_incomplete_filters (test_binance_quantity.QuantityTests.test_common_increment_and_incomplete_filters) ... ok
check	Compile and run offline checks	2026-10-03T05:35:59.1429660Z test_preserves_risk_budget_and_applies_minimum_and_market_cap (test_binance_quantity.QuantityTests.test_preserves_risk_budget_and_applies_minimum_and_market_cap) ... ok
check	Compile and run offline checks	2026-10-03T05:35:59.1957043Z test_bounded_snapshot_does_not_turn_racing_wallet_into_stable_state (test_binance_readonly.BinanceReadTests.test_bounded_snapshot_does_not_turn_racing_wallet_into_stable_state) ... ok
check	Compile and run offline checks	2026-10-03T05:35:59.1958698Z test_missing_or_wrong_account_mode_blocks (test_binance_readonly.BinanceReadTests.test_missing_or_wrong_account_mode_blocks) ... ok
check	Compile and run offline checks	2026-10-03T05:35:59.1959719Z test_out_of_scope_request_and_redirect_blocked (test_binance_readonly.BinanceReadTests.test_out_of_scope_request_and_redirect_blocked) ... ok
check	Compile and run offline checks	2026-10-03T05:35:59.1960992Z test_public_get_never_sends_key_or_signature (test_binance_readonly.BinanceReadTests.test_public_get_never_sends_key_or_signature) ... ok
check	Compile and run offline checks	2026-10-03T05:35:59.1962230Z test_signs_exact_query_and_returns_only_uid (test_binance_readonly.BinanceReadTests.test_signs_exact_query_and_returns_only_uid) ... ok
check	Compile and run offline checks	2026-10-03T05:35:59.1963650Z test_unavailable_is_unknown_and_error_does_not_leak_secrets (test_binance_readonly.BinanceReadTests.test_unavailable_is_unknown_and_error_does_not_leak_secrets) ... ok
check	Compile and run offline checks	2026-10-03T05:35:59.1966086Z test_usdt_equity_full_protection_and_remainder_are_distinct (test_binance_readonly.BinanceReadTests.test_usdt_equity_full_protection_and_remainder_are_distinct) ... ok
check	Compile and run offline checks	2026-10-03T05:35:59.2287030Z test_canceled_parent_cannot_hide_working_child (test_binance_recovery.RecoveryTests.test_canceled_parent_cannot_hide_working_child) ... ok
check	Compile and run offline checks	2026-10-03T05:35:59.2600623Z test_late_missing_order_stays_unknown_then_original_fill_recovers (test_binance_recovery.RecoveryTests.test_late_missing_order_stays_unknown_then_original_fill_recovers) ... ok
check	Compile and run offline checks	2026-10-03T05:35:59.2935816Z test_old_false_rejection_reopens_without_resending_or_claiming_external_fill (test_binance_recovery.RecoveryTests.test_old_false_rejection_reopens_without_resending_or_claiming_external_fill) ... ok
check	Compile and run offline checks	2026-10-03T05:35:59.3280884Z test_payload_mismatch_and_unknown_intent_kind_stay_unknown (test_binance_recovery.RecoveryTests.test_payload_mismatch_and_unknown_intent_kind_stay_unknown) ... ok
check	Compile and run offline checks	2026-10-03T05:35:59.3606270Z test_readonly_recovers_algo_cancel_only_after_child_terminal (test_binance_recovery.RecoveryTests.test_readonly_recovers_algo_cancel_only_after_child_terminal) ... ok
check	Compile and run offline checks	2026-10-03T05:35:59.3926715Z test_terminal_partial_fill_and_unknown_are_independent (test_binance_recovery.RecoveryTests.test_terminal_partial_fill_and_unknown_are_independent) ... ok
check	Compile and run offline checks	2026-10-03T05:35:59.4438059Z test_child_still_working_stays_unknown (test_binance_replace.PartialFillReplacementTests.test_child_still_working_stays_unknown) ... ok
check	Compile and run offline checks	2026-10-03T05:35:59.4989896Z test_flat_after_partial_fill_cleans_up_without_reopening (test_binance_replace.PartialFillReplacementTests.test_flat_after_partial_fill_cleans_up_without_reopening) ... ok
check	Compile and run offline checks	2026-10-03T05:35:59.5570797Z test_old_leg_filled_keeps_healthy_new_pair_and_finishes (test_binance_replace.PartialFillReplacementTests.test_old_leg_filled_keeps_healthy_new_pair_and_finishes) ... ok
check	Compile and run offline checks	2026-10-03T05:35:59.6226543Z test_spent_new_leg_rotates_to_fresh_generation_without_reusing_spent_id (test_binance_replace.PartialFillReplacementTests.test_spent_new_leg_rotates_to_fresh_generation_without_reusing_spent_id) ... ok
check	Compile and run offline checks	2026-10-03T05:35:59.6683657Z test_unexplained_or_oversized_change_stays_unknown (test_binance_replace.PartialFillReplacementTests.test_unexplained_or_oversized_change_stays_unknown) ... ok
check	Compile and run offline checks	2026-10-03T05:35:59.7152579Z test_authorized_reduce_remains_available_with_unknown_owned_cancel (test_binance_replace.ReplacementTests.test_authorized_reduce_remains_available_with_unknown_owned_cancel) ... ok
check	Compile and run offline checks	2026-10-03T05:35:59.7699589Z test_cancel_timeout_after_acceptance_settles_by_query (test_binance_replace.ReplacementTests.test_cancel_timeout_after_acceptance_settles_by_query) ... ok
check	Compile and run offline checks	2026-10-03T05:35:59.8111067Z test_canceled_parent_working_child_blocks (test_binance_replace.ReplacementTests.test_canceled_parent_working_child_blocks) ... ok
check	Compile and run offline checks	2026-10-03T05:35:59.8481706Z test_changed_replacement_request_cannot_bypass_pending_operation (test_binance_replace.ReplacementTests.test_changed_replacement_request_cannot_bypass_pending_operation) ... ok
check	Compile and run offline checks	2026-10-03T05:35:59.9048020Z test_flat_after_cancel_cleanup_does_not_reopen (test_binance_replace.ReplacementTests.test_flat_after_cancel_cleanup_does_not_reopen) ... ok
check	Compile and run offline checks	2026-10-03T05:35:59.9393696Z test_lost_ownership_blocks_without_writes (test_binance_replace.ReplacementTests.test_lost_ownership_blocks_without_writes) ... ok
check	Compile and run offline checks	2026-10-03T05:36:00.0014947Z test_new_pair_before_old_cancel_and_restart_no_writes (test_binance_replace.ReplacementTests.test_new_pair_before_old_cancel_and_restart_no_writes) ... ok
check	Compile and run offline checks	2026-10-03T05:36:00.0388567Z test_new_rejection_retains_old_and_never_retries (test_binance_replace.ReplacementTests.test_new_rejection_retains_old_and_never_retries) ... ok
check	Compile and run offline checks	2026-10-03T05:36:00.0837214Z test_partial_exposure_restart_keeps_existing_protections (test_binance_replace.ReplacementTests.test_partial_exposure_restart_keeps_existing_protections) ... ok
check	Compile and run offline checks	2026-10-03T05:36:00.1189834Z test_price_already_through_new_stop_keeps_old_protection (test_binance_replace.ReplacementTests.test_price_already_through_new_stop_keeps_old_protection) ... ok
check	Compile and run offline checks	2026-10-03T05:36:00.1517588Z test_replacement_default_read_only (test_binance_replace.ReplacementTests.test_replacement_default_read_only) ... ok
check	Compile and run offline checks	2026-10-03T05:36:00.2189438Z test_restart_resumes_accepted_cancel_without_resend (test_binance_replace.ReplacementTests.test_restart_resumes_accepted_cancel_without_resend) ... ok
check	Compile and run offline checks	2026-10-03T05:36:00.2770159Z test_short_replacement_uses_buy_close_all_without_quantity (test_binance_replace.ReplacementTests.test_short_replacement_uses_buy_close_all_without_quantity) ... ok
check	Compile and run offline checks	2026-10-03T05:36:00.3441775Z test_unknown_cancel_is_not_repeated (test_binance_replace.ReplacementTests.test_unknown_cancel_is_not_repeated) ... ok
check	Compile and run offline checks	2026-10-03T05:36:00.3799715Z test_cancel_fill_race_returns_real_exposure (test_binance_safety.SafetyTests.test_cancel_fill_race_returns_real_exposure) ... ok
check	Compile and run offline checks	2026-10-03T05:36:00.4102168Z test_default_does_not_write (test_binance_safety.SafetyTests.test_default_does_not_write) ... ok
check	Compile and run offline checks	2026-10-03T05:36:00.4418558Z test_model_margin_target_readback (test_binance_safety.SafetyTests.test_model_margin_target_readback) ... ok
check	Compile and run offline checks	2026-10-03T05:36:00.4733498Z test_new_entry_remainder_between_legs_stops_writes (test_binance_safety.SafetyTests.test_new_entry_remainder_between_legs_stops_writes) ... ok
check	Compile and run offline checks	2026-10-03T05:36:00.5035672Z test_no_open_order_is_not_proof_unknown_entry_cannot_arrive (test_binance_safety.SafetyTests.test_no_open_order_is_not_proof_unknown_entry_cannot_arrive) ... ok
check	Compile and run offline checks	2026-10-03T05:36:00.5403377Z test_partial_exposure_close_all_and_idempotent_recovery (test_binance_safety.SafetyTests.test_partial_exposure_close_all_and_idempotent_recovery) ... ok
check	Compile and run offline checks	2026-10-03T05:36:00.5724451Z test_reduce_only_below_entry_min_notional_can_close (test_binance_safety.SafetyTests.test_reduce_only_below_entry_min_notional_can_close) ... ok
check	Compile and run offline checks	2026-10-03T05:36:00.6047058Z test_reduce_only_never_reverses (test_binance_safety.SafetyTests.test_reduce_only_never_reverses) ... ok
check	Compile and run offline checks	2026-10-03T05:36:00.6324890Z test_remainder_blocks_protection (test_binance_safety.SafetyTests.test_remainder_blocks_protection) ... ok
check	Compile and run offline checks	2026-10-03T05:36:00.6630633Z test_stop_fill_between_legs_prevents_stale_take_write (test_binance_safety.SafetyTests.test_stop_fill_between_legs_prevents_stale_take_write) ... ok
check	Compile and run offline checks	2026-10-03T05:36:00.6991044Z test_timeout_after_acceptance_is_queried (test_binance_safety.SafetyTests.test_timeout_after_acceptance_is_queried) ... ok
check	Compile and run offline checks	2026-10-03T05:36:00.7299062Z test_unknown_margin_blocks_different_epoch (test_binance_safety.SafetyTests.test_unknown_margin_blocks_different_epoch) ... ok
check	Compile and run offline checks	2026-10-03T05:36:00.7617721Z test_unknown_missing_never_retries (test_binance_safety.SafetyTests.test_unknown_missing_never_retries) ... ok
check	Compile and run offline checks	2026-10-03T05:36:00.7625968Z test_candle_weight_tracks_page_size_and_reserves_before_request (test_binance_writer.WriterTests.test_candle_weight_tracks_page_size_and_reserves_before_request) ... ok
check	Compile and run offline checks	2026-10-03T05:36:00.7627741Z test_default_read_only_and_unbounded_entries_rejected_before_network (test_binance_writer.WriterTests.test_default_read_only_and_unbounded_entries_rejected_before_network) ... ok
check	Compile and run offline checks	2026-10-03T05:36:00.7630385Z test_rate_limit_cooldown_prevents_poll_storm (test_binance_writer.WriterTests.test_rate_limit_cooldown_prevents_poll_storm) ... ok
check	Compile and run offline checks	2026-10-03T05:36:00.7633750Z test_signed_order_is_sent_once_without_account_setting_capability (test_binance_writer.WriterTests.test_signed_order_is_sent_once_without_account_setting_capability) ... ok
check	Compile and run offline checks	2026-10-03T05:36:00.7636205Z test_transport_timeout_is_unknown_and_never_retried (test_binance_writer.WriterTests.test_transport_timeout_is_unknown_and_never_retried) ... ok
check	Compile and run offline checks	2026-10-03T05:36:00.7641503Z test_checkpoint_of_another_version_blocks (test_campaign.CampaignTests.test_checkpoint_of_another_version_blocks) ... ok
check	Compile and run offline checks	2026-10-03T05:36:00.7644100Z test_consumption_and_unknown_position (test_campaign.CampaignTests.test_consumption_and_unknown_position) ... ok
check	Compile and run offline checks	2026-10-03T05:36:00.8249830Z test_every_prefix_survives_serialized_restart (test_campaign.CampaignTests.test_every_prefix_survives_serialized_restart) ... ok
check	Compile and run offline checks	2026-10-03T05:36:00.8406876Z test_interrupted_bootstrap_resumes_only_verified_page (test_campaign.CampaignTests.test_interrupted_bootstrap_resumes_only_verified_page) ... ok
check	Compile and run offline checks	2026-10-03T05:36:00.8409914Z test_macro_cold_start_does_not_infer_old_unseen_campaign (test_campaign.CampaignTests.test_macro_cold_start_does_not_infer_old_unseen_campaign) ... ok
check	Compile and run offline checks	2026-10-03T05:36:00.8411119Z test_missing_history_and_corrupt_checkpoint_block (test_campaign.CampaignTests.test_missing_history_and_corrupt_checkpoint_block) ... ok
check	Compile and run offline checks	2026-10-03T05:36:00.8419774Z test_promoted_macro_priority_consumption_and_restart (test_campaign.CampaignTests.test_promoted_macro_priority_consumption_and_restart) ... ok
check	Compile and run offline checks	2026-10-03T05:36:00.8605866Z test_read_only_resume_and_unknown_ownership (test_campaign.CampaignTests.test_read_only_resume_and_unknown_ownership) ... ok
check	Compile and run offline checks	2026-10-03T05:36:00.8608509Z test_closed_account_matches_fills_costs_and_full_cash_ledger (test_comparison_report.AccountAuditTests.test_closed_account_matches_fills_costs_and_full_cash_ledger) ... ok
check	Compile and run offline checks	2026-10-03T05:36:00.8610741Z test_missing_fill_wrong_wallet_and_external_flow_invalidate_account (test_comparison_report.AccountAuditTests.test_missing_fill_wrong_wallet_and_external_flow_invalidate_account) ... ok
check	Compile and run offline checks	2026-10-03T05:36:00.8619622Z test_budget_initial_peak_includes_only_conversion_cost (test_complete_perp.CompletePerpTests.test_budget_initial_peak_includes_only_conversion_cost) ... ok
check	Compile and run offline checks	2026-10-03T05:36:00.8653329Z test_checkpoint_daily_state_and_candidate_identity (test_complete_perp.CompletePerpTests.test_checkpoint_daily_state_and_candidate_identity) ... ok
check	Compile and run offline checks	2026-10-03T05:36:00.8680270Z test_conditional_short_requires_decline_and_one_way_ownership (test_complete_perp.CompletePerpTests.test_conditional_short_requires_decline_and_one_way_ownership) ... ok
check	Compile and run offline checks	2026-10-03T05:36:00.8685297Z test_features_ignore_future_and_expire (test_complete_perp.CompletePerpTests.test_features_ignore_future_and_expire) ... ok
check	Compile and run offline checks	2026-10-03T05:36:00.8712524Z test_filters_only_block_new_longs_not_hold_or_reduction (test_complete_perp.CompletePerpTests.test_filters_only_block_new_longs_not_hold_or_reduction) ... ok
check	Compile and run offline checks	2026-10-03T05:36:00.8716153Z test_initial_fx_precedes_metric_and_daily_boundary_uses_boundary_fx (test_complete_perp.CompletePerpTests.test_initial_fx_precedes_metric_and_daily_boundary_uses_boundary_fx) ... ok
check	Compile and run offline checks	2026-10-03T05:36:00.9674415Z test_public_restore_includes_september_funding_without_price_extension (test_complete_perp.CompletePerpTests.test_public_restore_includes_september_funding_without_price_extension) ... ok
check	Compile and run offline checks	2026-10-03T05:36:00.9679847Z test_research_terminal_excludes_only_end_funding_and_never_executes (test_complete_perp.CompletePerpTests.test_research_terminal_excludes_only_end_funding_and_never_executes) ... ok
check	Compile and run offline checks	2026-10-03T05:36:00.9704279Z test_slow_trend_primary_priority_owned_stop_and_break (test_complete_perp.CompletePerpTests.test_slow_trend_primary_priority_owned_stop_and_break) ... ok
check	Compile and run offline checks	2026-10-03T05:36:00.9705703Z test_tail_recent_shock_reduces_fraction_without_other_knobs (test_complete_perp.CompletePerpTests.test_tail_recent_shock_reduces_fraction_without_other_knobs) ... ok
check	Compile and run offline checks	2026-10-03T05:36:00.9711471Z test_terminal_derivation_preserves_history_and_reconstructs_cash (test_complete_perp.CompletePerpTests.test_terminal_derivation_preserves_history_and_reconstructs_cash) ... ok
check	Compile and run offline checks	2026-10-03T05:36:01.0069163Z test_official_sparse_vintages_are_reconstructed_only_as_of_call (test_dfii10.DFII10Tests.test_official_sparse_vintages_are_reconstructed_only_as_of_call) ... ok
check	Compile and run offline checks	2026-10-03T05:36:01.0094221Z test_raw_response_is_stored_atomically_verified_and_repaired (test_dfii10.RawStoreTests.test_raw_response_is_stored_atomically_verified_and_repaired) ... ok
check	Compile and run offline checks	2026-10-03T05:36:01.0123343Z test_changed_columns_or_non_zip_answers_are_unknown_not_a_stale_value (test_dfii10.SourceFailureTests.test_changed_columns_or_non_zip_answers_are_unknown_not_a_stale_value) ... ok
check	Compile and run offline checks	2026-10-03T05:36:01.0194509Z test_failure_defers_retries_and_success_is_reused_for_fifteen_minutes (test_dfii10.SourceFailureTests.test_failure_defers_retries_and_success_is_reused_for_fifteen_minutes) ... ok
check	Compile and run offline checks	2026-10-03T05:36:01.0202140Z test_basis_before_at_and_current_utc_availability_date (test_edge_features.FeatureTests.test_basis_before_at_and_current_utc_availability_date) ... ok
check	Compile and run offline checks	2026-10-03T05:36:01.0221107Z test_coverage_is_recomputed_and_tracks_exact_jitter_gap (test_edge_features.FeatureTests.test_coverage_is_recomputed_and_tracks_exact_jitter_gap) ... ok
check	Compile and run offline checks	2026-10-03T05:36:01.0241110Z test_duplicate_json_keys_and_nonfinite_json_numbers_reject (test_edge_features.FeatureTests.test_duplicate_json_keys_and_nonfinite_json_numbers_reject) ... ok
check	Compile and run offline checks	2026-10-03T05:36:01.0246791Z test_empty_features_are_missing_never_zero (test_edge_features.FeatureTests.test_empty_features_are_missing_never_zero) ... ok
check	Compile and run offline checks	2026-10-03T05:36:01.0287686Z test_file_content_and_source_identity_checks (test_edge_features.FeatureTests.test_file_content_and_source_identity_checks) ... ok
check	Compile and run offline checks	2026-10-03T05:36:01.0294284Z test_frozen_window_blocks_valid_tail_and_before_window (test_edge_features.FeatureTests.test_frozen_window_blocks_valid_tail_and_before_window) ... ok
check	Compile and run offline checks	2026-10-03T05:36:01.0299711Z test_funding_before_at_and_exact_expiry_with_negative_rate (test_edge_features.FeatureTests.test_funding_before_at_and_exact_expiry_with_negative_rate) ... ok
check	Compile and run offline checks	2026-10-03T05:36:01.0314061Z test_future_tail_perturbation_cannot_change_prior_decisions (test_edge_features.FeatureTests.test_future_tail_perturbation_cannot_change_prior_decisions) ... ok
check	Compile and run offline checks	2026-10-03T05:36:01.0352501Z test_invalid_and_nonfinite_decimal_values (test_edge_features.FeatureTests.test_invalid_and_nonfinite_decimal_values) ... ok
check	Compile and run offline checks	2026-10-03T05:36:01.0373124Z test_invalid_container_shapes_reject (test_edge_features.FeatureTests.test_invalid_container_shapes_reject) ... ok
check	Compile and run offline checks	2026-10-03T05:36:01.0379449Z test_invalid_lookup_names_and_times_reject (test_edge_features.FeatureTests.test_invalid_lookup_names_and_times_reject) ... ok
check	Compile and run offline checks	2026-10-03T05:36:01.0460661Z test_invalid_time_lag_boundary_and_order_records (test_edge_features.FeatureTests.test_invalid_time_lag_boundary_and_order_records) ... ok
check	Compile and run offline checks	2026-10-03T05:36:01.0466841Z test_lookup_journal_binds_input_sources_and_missing_cause (test_edge_features.FeatureTests.test_lookup_journal_binds_input_sources_and_missing_cause) ... ok
check	Compile and run offline checks	2026-10-03T05:36:01.0473092Z test_missing_day_is_explicit_and_cannot_carry_yesterdays_basis (test_edge_features.FeatureTests.test_missing_day_is_explicit_and_cannot_carry_yesterdays_basis) ... ok
check	Compile and run offline checks	2026-10-03T05:36:01.0496586Z test_null_requires_cause_and_known_value_cannot_have_one (test_edge_features.FeatureTests.test_null_requires_cause_and_known_value_cannot_have_one) ... ok
check	Compile and run offline checks	2026-10-03T05:36:01.0501231Z test_registered_rules_are_finite_and_project_bound (test_edge_features.FeatureTests.test_registered_rules_are_finite_and_project_bound) ... ok
check	Compile and run offline checks	2026-10-03T05:36:01.0507750Z test_settlement_jitter_is_not_repaired_or_tolerated (test_edge_features.FeatureTests.test_settlement_jitter_is_not_repaired_or_tolerated) ... ok
check	Compile and run offline checks	2026-10-03T05:36:01.0534561Z test_actual_acquisition_stamps_retained_bytes_and_rejects_redirect (test_edge_forward.ForwardTests.test_actual_acquisition_stamps_retained_bytes_and_rejects_redirect) ... ok
check	Compile and run offline checks	2026-10-03T05:36:01.0772759Z test_atomic_failure_preserves_original_and_source_change_blocks (test_edge_forward.ForwardTests.test_atomic_failure_preserves_original_and_source_change_blocks) ... ok
check	Compile and run offline checks	2026-10-03T05:36:01.1255655Z test_backfill_duplicate_future_and_gap_rejections_leave_bytes_unchanged (test_edge_forward.ForwardTests.test_backfill_duplicate_future_and_gap_rejections_leave_bytes_unchanged) ... ok
check	Compile and run offline checks	2026-10-03T05:36:01.1258411Z test_bearish_ordinary_full_exit_restores_then_requires_fresh_cross (test_edge_forward.ForwardTests.test_bearish_ordinary_full_exit_restores_then_requires_fresh_cross) ... skipped 'Spot native full/partial ownership close'
check	Compile and run offline checks	2026-10-03T05:36:01.1709303Z test_coin_unplaceable_protection_rejects_model_size (test_edge_forward.ForwardTests.test_coin_unplaceable_protection_rejects_model_size) ... ok
check	Compile and run offline checks	2026-10-03T05:36:01.1710596Z test_complete_public_print_path_models_protection_with_exact_source (test_edge_forward.ForwardTests.test_complete_public_print_path_models_protection_with_exact_source) ... skipped 'trade-triggered spot stops only'
check	Compile and run offline checks	2026-10-03T05:36:01.2686192Z test_deferred_first_observation_is_only_warmup_then_native_fresh_cross (test_edge_forward.ForwardTests.test_deferred_first_observation_is_only_warmup_then_native_fresh_cross) ... ok
check	Compile and run offline checks	2026-10-03T05:36:01.2735726Z test_deferred_init_is_empty_source_bound_paper_cash (test_edge_forward.ForwardTests.test_deferred_init_is_empty_source_bound_paper_cash) ... ok
check	Compile and run offline checks	2026-10-03T05:36:01.2929817Z test_deferred_readiness_is_reconstructed_not_trusted (test_edge_forward.ForwardTests.test_deferred_readiness_is_reconstructed_not_trusted) ... ok
check	Compile and run offline checks	2026-10-03T05:36:01.3128474Z test_delayed_first_warmup_records_gap_without_past_decisions (test_edge_forward.ForwardTests.test_delayed_first_warmup_records_gap_without_past_decisions) ... ok
check	Compile and run offline checks	2026-10-03T05:36:01.3129671Z test_entry_day_prefill_wick_does_not_tighten_owned_stop (test_edge_forward.ForwardTests.test_entry_day_prefill_wick_does_not_tighten_owned_stop) ... skipped 'Spot fill-time-aware ownership'
check	Compile and run offline checks	2026-10-03T05:36:01.3140461Z test_funding_sign_no_past_cashflows_and_missing_is_not_zero (test_edge_forward.ForwardTests.test_funding_sign_no_past_cashflows_and_missing_is_not_zero) ... ok
check	Compile and run offline checks	2026-10-03T05:36:01.3217074Z test_fx_bad_publication_identity_latest_value_and_gaps_reject (test_edge_forward.ForwardTests.test_fx_bad_publication_identity_latest_value_and_gaps_reject) ... ok
check	Compile and run offline checks	2026-10-03T05:36:01.3231035Z test_fx_correct_csv_endpoint_and_html_metadata_only (test_edge_forward.ForwardTests.test_fx_correct_csv_endpoint_and_html_metadata_only) ... ok
check	Compile and run offline checks	2026-10-03T05:36:01.3270629Z test_fx_nested_raw_clock_url_tamper_and_paired_actual_fetch (test_edge_forward.ForwardTests.test_fx_nested_raw_clock_url_tamper_and_paired_actual_fetch) ... ok
check	Compile and run offline checks	2026-10-03T05:36:01.3291284Z test_fx_publication_freshness_exact_week_and_prior_date_rule (test_edge_forward.ForwardTests.test_fx_publication_freshness_exact_week_and_prior_date_rule) ... ok
check	Compile and run offline checks	2026-10-03T05:36:01.3424655Z test_initialization_is_actual_cold_start_and_exclusive (test_edge_forward.ForwardTests.test_initialization_is_actual_cold_start_and_exclusive) ... ok
check	Compile and run offline checks	2026-10-03T05:36:01.3606918Z test_invalid_paired_fx_keeps_init_and_append_unchanged (test_edge_forward.ForwardTests.test_invalid_paired_fx_keeps_init_and_append_unchanged) ... ok
check	Compile and run offline checks	2026-10-03T05:36:01.4160109Z test_macro_bootstrap_flag_and_checkpoint_tamper_reject_immutably (test_edge_forward.ForwardTests.test_macro_bootstrap_flag_and_checkpoint_tamper_reject_immutably) ... ok
check	Compile and run offline checks	2026-10-03T05:36:01.7468514Z test_macro_bootstrap_missing_then_preexisting_consumed_and_fresh_reeligible (test_edge_forward.ForwardTests.test_macro_bootstrap_missing_then_preexisting_consumed_and_fresh_reeligible) ... ok
check	Compile and run offline checks	2026-10-03T05:36:01.8426841Z test_macro_bootstrap_persists_on_missing_book_and_selection_failure_is_atomic (test_edge_forward.ForwardTests.test_macro_bootstrap_persists_on_missing_book_and_selection_failure_is_atomic) ... ok
check	Compile and run offline checks	2026-10-03T05:36:01.8694806Z test_macro_cap_binds_executable_entry_and_keeps_original_target (test_edge_forward.ForwardTests.test_macro_cap_binds_executable_entry_and_keeps_original_target) ... ok
check	Compile and run offline checks	2026-10-03T05:36:01.8974715Z test_macro_depth_and_minimum_limits_do_not_relabel_target (test_edge_forward.ForwardTests.test_macro_depth_and_minimum_limits_do_not_relabel_target) ... ok
check	Compile and run offline checks	2026-10-03T05:36:01.9242023Z test_macro_volatility_target_uses_higher_mark_not_entry_price (test_edge_forward.ForwardTests.test_macro_volatility_target_uses_higher_mark_not_entry_price) ... ok
check	Compile and run offline checks	2026-10-03T05:36:01.9466826Z test_missing_executable_depth_blocks_new_risk (test_edge_forward.ForwardTests.test_missing_executable_depth_blocks_new_risk) ... ok
check	Compile and run offline checks	2026-10-03T05:36:01.9468185Z test_partial_ordinary_exit_and_later_passive_exit_restore (test_edge_forward.ForwardTests.test_partial_ordinary_exit_and_later_passive_exit_restore) ... skipped 'Spot partial ownership and passive checkpoint'
check	Compile and run offline checks	2026-10-03T05:36:01.9772097Z test_pending_bad_history_source_and_atomic_failure_preserve_bytes (test_edge_forward.ForwardTests.test_pending_bad_history_source_and_atomic_failure_preserve_bytes) ... ok
check	Compile and run offline checks	2026-10-03T05:36:02.2712009Z test_pending_macro_bootstrap_reconsumes_primary_until_successful_selection (test_edge_forward.ForwardTests.test_pending_macro_bootstrap_reconsumes_primary_until_successful_selection) ... ok
check	Compile and run offline checks	2026-10-03T05:36:02.2988584Z test_primary_target_unchanged_and_fee_margin_limited_fill (test_edge_forward.ForwardTests.test_primary_target_unchanged_and_fee_margin_limited_fill) ... ok
check	Compile and run offline checks	2026-10-03T05:36:02.2991002Z test_prior_unresolved_span_blocks_later_local_passive_fill (test_edge_forward.ForwardTests.test_prior_unresolved_span_blocks_later_local_passive_fill) ... skipped 'Spot unresolved survival regression'
check	Compile and run offline checks	2026-10-03T05:36:02.3638357Z test_proposal_modeled_fill_fee_net_conservation_and_checkpoint (test_edge_forward.ForwardTests.test_proposal_modeled_fill_fee_net_conservation_and_checkpoint) ... ok
check	Compile and run offline checks	2026-10-03T05:36:02.4457927Z test_protective_ohlc_is_unknown_not_a_fabricated_stop_fill (test_edge_forward.ForwardTests.test_protective_ohlc_is_unknown_not_a_fabricated_stop_fill) ... ok
check	Compile and run offline checks	2026-10-03T05:36:02.4480721Z test_raw_alfred_vintage_parsing_and_future_rejection (test_edge_forward.ForwardTests.test_raw_alfred_vintage_parsing_and_future_rejection) ... ok
check	Compile and run offline checks	2026-10-03T05:36:02.4496321Z test_receipt_url_future_boundary_and_raw_tamper (test_edge_forward.ForwardTests.test_receipt_url_future_boundary_and_raw_tamper) ... ok
check	Compile and run offline checks	2026-10-03T05:36:02.4598542Z test_recomputed_checkpoint_tamper_and_missing_raw_are_rejected (test_edge_forward.ForwardTests.test_recomputed_checkpoint_tamper_and_missing_raw_are_rejected) ... ok
check	Compile and run offline checks	2026-10-03T05:36:02.5304293Z test_size_minimum_rounding_depth_and_no_topup (test_edge_forward.ForwardTests.test_size_minimum_rounding_depth_and_no_topup) ... ok
check	Compile and run offline checks	2026-10-03T05:36:02.5326330Z test_stale_and_nonfinite_book_rejected (test_edge_forward.ForwardTests.test_stale_and_nonfinite_book_rejected) ... ok
check	Compile and run offline checks	2026-10-03T05:36:02.5336077Z test_strict_json_numbers_and_duplicate_keys (test_edge_forward.ForwardTests.test_strict_json_numbers_and_duplicate_keys) ... ok
check	Compile and run offline checks	2026-10-03T05:36:02.5955794Z test_archive_metadata_equivalence_actual_protected_byte_rejection (test_edge_forward.SourceAndExportTests.test_archive_metadata_equivalence_actual_protected_byte_rejection) ... ok
check	Compile and run offline checks	2026-10-03T05:36:02.6515071Z test_executable_configuration_and_protocol_are_protected (test_edge_forward.SourceAndExportTests.test_executable_configuration_and_protocol_are_protected) ... ok
check	Compile and run offline checks	2026-10-03T05:36:02.6849546Z test_frozen_proof_exact_categories_records_and_adapter (test_edge_forward.SourceAndExportTests.test_frozen_proof_exact_categories_records_and_adapter) ... ok
check	Compile and run offline checks	2026-10-03T05:36:02.7038927Z test_checkpoint_rejects_extension_tampering_and_source_mismatch (test_edge_perp.EdgeTests.test_checkpoint_rejects_extension_tampering_and_source_mismatch) ... ok
check	Compile and run offline checks	2026-10-03T05:36:02.7049676Z test_cli_rejects_nonregistered_or_overwrite_before_measure (test_edge_perp.EdgeTests.test_cli_rejects_nonregistered_or_overwrite_before_measure) ... usage: python -m unittest [-h] [--market MARKET] [--prints PRINTS] [--fx FX]
check	Compile and run offline checks	2026-10-03T05:36:02.7050761Z                           --features FEATURES --out OUT [--limit LIMIT]
check	Compile and run offline checks	2026-10-03T05:36:02.7051320Z                           [--candidate {incumbent,quality-budget,cost-horizon,crowding-interaction}]
check	Compile and run offline checks	2026-10-03T05:36:02.7051943Z                           [--scenario {base,fees-x1.5,read-400ms,trigger-slip}]
check	Compile and run offline checks	2026-10-03T05:36:02.7052444Z                           [--combo COMBO]
check	Compile and run offline checks	2026-10-03T05:36:02.7052839Z                           [--risk-calibration RISK_CALIBRATION]
check	Compile and run offline checks	2026-10-03T05:36:02.7053642Z                           [--initial-cny INITIAL_CNY]
check	Compile and run offline checks	2026-10-03T05:36:02.7054021Z                           [--start-offset-ms {-60000,0,60000}]
check	Compile and run offline checks	2026-10-03T05:36:02.7054442Z                           [--restore-prints]
check	Compile and run offline checks	2026-10-03T05:36:02.7055098Z python -m unittest: error: incomplete smoke limit must be 1..795 and output under /tmp
check	Compile and run offline checks	2026-10-03T05:36:02.7055780Z usage: python -m unittest [-h] [--market MARKET] [--prints PRINTS] [--fx FX]
check	Compile and run offline checks	2026-10-03T05:36:02.7056473Z                           --features FEATURES --out OUT [--limit LIMIT]
check	Compile and run offline checks	2026-10-03T05:36:02.7057229Z                           [--candidate {incumbent,quality-budget,cost-horizon,crowding-interaction}]
check	Compile and run offline checks	2026-10-03T05:36:02.7058023Z                           [--scenario {base,fees-x1.5,read-400ms,trigger-slip}]
check	Compile and run offline checks	2026-10-03T05:36:02.7058598Z                           [--combo COMBO]
check	Compile and run offline checks	2026-10-03T05:36:02.7059113Z                           [--risk-calibration RISK_CALIBRATION]
check	Compile and run offline checks	2026-10-03T05:36:02.7059642Z                           [--initial-cny INITIAL_CNY]
check	Compile and run offline checks	2026-10-03T05:36:02.7060271Z                           [--start-offset-ms {-60000,0,60000}]
check	Compile and run offline checks	2026-10-03T05:36:02.7060817Z                           [--restore-prints]
check	Compile and run offline checks	2026-10-03T05:36:02.7061458Z python -m unittest: error: initial CNY must be registered 2500, 5000, 7500 or 10000
check	Compile and run offline checks	2026-10-03T05:36:02.7063037Z usage: python -m unittest [-h] [--market MARKET] [--prints PRINTS] [--fx FX]
check	Compile and run offline checks	2026-10-03T05:36:02.7063724Z                           --features FEATURES --out OUT [--limit LIMIT]
check	Compile and run offline checks	2026-10-03T05:36:02.7064415Z                           [--candidate {incumbent,quality-budget,cost-horizon,crowding-interaction}]
check	Compile and run offline checks	2026-10-03T05:36:02.7065286Z                           [--scenario {base,fees-x1.5,read-400ms,trigger-slip}]
check	Compile and run offline checks	2026-10-03T05:36:02.7065917Z                           [--combo COMBO]
check	Compile and run offline checks	2026-10-03T05:36:02.7066544Z                           [--risk-calibration RISK_CALIBRATION]
check	Compile and run offline checks	2026-10-03T05:36:02.7066981Z                           [--initial-cny INITIAL_CNY]
check	Compile and run offline checks	2026-10-03T05:36:02.7067401Z                           [--start-offset-ms {-60000,0,60000}]
check	Compile and run offline checks	2026-10-03T05:36:02.7067829Z                           [--restore-prints]
check	Compile and run offline checks	2026-10-03T05:36:02.7068328Z python -m unittest: error: capital/start diagnostics require one fixed candidate and base
check	Compile and run offline checks	2026-10-03T05:36:02.7070766Z usage: python -m unittest [-h] [--market MARKET] [--prints PRINTS] [--fx FX]
check	Compile and run offline checks	2026-10-03T05:36:02.7071570Z                           --features FEATURES --out OUT [--limit LIMIT]
check	Compile and run offline checks	2026-10-03T05:36:02.7072305Z                           [--candidate {incumbent,quality-budget,cost-horizon,crowding-interaction}]
check	Compile and run offline checks	2026-10-03T05:36:02.7073364Z                           [--scenario {base,fees-x1.5,read-400ms,trigger-slip}]
check	Compile and run offline checks	2026-10-03T05:36:02.7074076Z                           [--combo COMBO]
check	Compile and run offline checks	2026-10-03T05:36:02.7074472Z                           [--risk-calibration RISK_CALIBRATION]
check	Compile and run offline checks	2026-10-03T05:36:02.7075227Z                           [--initial-cny INITIAL_CNY]
check	Compile and run offline checks	2026-10-03T05:36:02.7075655Z                           [--start-offset-ms {-60000,0,60000}]
check	Compile and run offline checks	2026-10-03T05:36:02.7076197Z                           [--restore-prints]
check	Compile and run offline checks	2026-10-03T05:36:02.7076609Z python -m unittest: error: choose candidate or fixed combo
check	Compile and run offline checks	2026-10-03T05:36:02.7078289Z usage: python -m unittest [-h] [--market MARKET] [--prints PRINTS] [--fx FX]
check	Compile and run offline checks	2026-10-03T05:36:02.7078991Z                           --features FEATURES --out OUT [--limit LIMIT]
check	Compile and run offline checks	2026-10-03T05:36:02.7079545Z                           [--candidate {incumbent,quality-budget,cost-horizon,crowding-interaction}]
check	Compile and run offline checks	2026-10-03T05:36:02.7080433Z                           [--scenario {base,fees-x1.5,read-400ms,trigger-slip}]
check	Compile and run offline checks	2026-10-03T05:36:02.7080960Z                           [--combo COMBO]
check	Compile and run offline checks	2026-10-03T05:36:02.7081411Z                           [--risk-calibration RISK_CALIBRATION]
check	Compile and run offline checks	2026-10-03T05:36:02.7081832Z                           [--initial-cny INITIAL_CNY]
check	Compile and run offline checks	2026-10-03T05:36:02.7082228Z                           [--start-offset-ms {-60000,0,60000}]
check	Compile and run offline checks	2026-10-03T05:36:02.7082635Z                           [--restore-prints]
check	Compile and run offline checks	2026-10-03T05:36:02.7083223Z python -m unittest: error: never overwrite results or progress
check	Compile and run offline checks	2026-10-03T05:36:02.7083641Z ok
check	Compile and run offline checks	2026-10-03T05:36:02.7113977Z test_combo_reductions_multiply_and_components_reject_duplicates (test_edge_perp.EdgeTests.test_combo_reductions_multiply_and_components_reject_duplicates) ... ok
check	Compile and run offline checks	2026-10-03T05:36:02.7168938Z test_cost_exit_requires_actual_legal_decision_original_exits_win (test_edge_perp.EdgeTests.test_cost_exit_requires_actual_legal_decision_original_exits_win) ... ok
check	Compile and run offline checks	2026-10-03T05:36:02.7200116Z test_crowding_conjunction_equality_missing_and_independence (test_edge_perp.EdgeTests.test_crowding_conjunction_equality_missing_and_independence) ... ok
check	Compile and run offline checks	2026-10-03T05:36:02.7259238Z test_exact_project_calibration_schema (test_edge_perp.EdgeTests.test_exact_project_calibration_schema) ... ok
check	Compile and run offline checks	2026-10-03T05:36:02.7387282Z test_extension_crossed_bar_keeps_original_hold_and_roundtrips (test_edge_perp.EdgeTests.test_extension_crossed_bar_keeps_original_hold_and_roundtrips) ... ok
check	Compile and run offline checks	2026-10-03T05:36:02.7486611Z test_extension_only_actual_five_to_seven_days_once_and_protection_unchanged (test_edge_perp.EdgeTests.test_extension_only_actual_five_to_seven_days_once_and_protection_unchanged) ... ok
check	Compile and run offline checks	2026-10-03T05:36:02.9839276Z test_extension_session_is_registered_offset_bound_and_rejects_before_recovery (test_edge_perp.EdgeTests.test_extension_session_is_registered_offset_bound_and_rejects_before_recovery) ... ok
check	Compile and run offline checks	2026-10-03T05:36:02.9845197Z test_fixed_feature_artifact_pin_rejects_before_account_meter (test_edge_perp.EdgeTests.test_fixed_feature_artifact_pin_rejects_before_account_meter) ... ok
check	Compile and run offline checks	2026-10-03T05:36:03.0054831Z test_history_catchup_expired_and_stopped_cannot_extend (test_edge_perp.EdgeTests.test_history_catchup_expired_and_stopped_cannot_extend) ... ok
check	Compile and run offline checks	2026-10-03T05:36:03.0101658Z test_hooks_restore_on_exception (test_edge_perp.EdgeTests.test_hooks_restore_on_exception) ... ok
check	Compile and run offline checks	2026-10-03T05:36:03.2224194Z test_identity_and_checkpoint_reject_before_recovery_or_cleanup (test_edge_perp.EdgeTests.test_identity_and_checkpoint_reject_before_recovery_or_cleanup) ... ok
check	Compile and run offline checks	2026-10-03T05:36:03.8368051Z test_incumbent_retains_original_report_calls_clock_cash_and_checkpoint (test_edge_perp.EdgeTests.test_incumbent_retains_original_report_calls_clock_cash_and_checkpoint) ... ok
check	Compile and run offline checks	2026-10-03T05:36:03.8423666Z test_macro_cost_exit_has_no_primary_extension (test_edge_perp.EdgeTests.test_macro_cost_exit_has_no_primary_extension) ... ok
check	Compile and run offline checks	2026-10-03T05:36:03.8455694Z test_missing_quality_inputs_macro_and_short_are_unchanged (test_edge_perp.EdgeTests.test_missing_quality_inputs_macro_and_short_are_unchanged) ... ok
check	Compile and run offline checks	2026-10-03T05:36:03.8486045Z test_momentum_is_six_completed_intervals_and_trend_twenty_bars (test_edge_perp.EdgeTests.test_momentum_is_six_completed_intervals_and_trend_twenty_bars) ... ok
check	Compile and run offline checks	2026-10-03T05:36:04.1724774Z test_new_risk_scale_cutoff_zero_and_held_committed_topup (test_edge_perp.EdgeTests.test_new_risk_scale_cutoff_zero_and_held_committed_topup) ... ok
check	Compile and run offline checks	2026-10-03T05:36:04.4416742Z test_owned_cost_exit_runs_through_real_lifecycle_with_protection (test_edge_perp.EdgeTests.test_owned_cost_exit_runs_through_real_lifecycle_with_protection) ... ok
check	Compile and run offline checks	2026-10-03T05:36:04.4448178Z test_quality_immutable_trigger_mark_and_completed_history_boundaries (test_edge_perp.EdgeTests.test_quality_immutable_trigger_mark_and_completed_history_boundaries) ... ok
check	Compile and run offline checks	2026-10-03T05:36:04.6733570Z test_real_decision_journal_has_distinct_completion_clocks (test_edge_perp.EdgeTests.test_real_decision_journal_has_distinct_completion_clocks) ... ok
check	Compile and run offline checks	2026-10-03T05:36:04.6749265Z test_corrupt_vault_and_orphan_destination_fail_without_overwrite (test_edge_perp.PrintTests.test_corrupt_vault_and_orphan_destination_fail_without_overwrite) ... ok
check	Compile and run offline checks	2026-10-03T05:36:04.6759171Z test_foreign_packed_price_and_unknown_directory_are_rejected_untouched (test_edge_perp.PrintTests.test_foreign_packed_price_and_unknown_directory_are_rejected_untouched) ... ok
check	Compile and run offline checks	2026-10-03T05:36:04.6808994Z test_missing_day_eviction_preserves_owned_cache_and_vault (test_edge_perp.PrintTests.test_missing_day_eviction_preserves_owned_cache_and_vault) ... ok
check	Compile and run offline checks	2026-10-03T05:36:04.6839857Z test_owned_binary_is_verified_before_reuse_and_unknown_files_preserved (test_edge_perp.PrintTests.test_owned_binary_is_verified_before_reuse_and_unknown_files_preserved) ... ok
check	Compile and run offline checks	2026-10-03T05:36:04.6857299Z test_verified_vault_hash_receipt_and_eviction_leave_originals_unchanged (test_edge_perp.PrintTests.test_verified_vault_hash_receipt_and_eviction_leave_originals_unchanged) ... ok
check	Compile and run offline checks	2026-10-03T05:36:04.6858980Z test_capital_limit_must_be_a_positive_decimal_string (test_environment.EnvironmentTests.test_capital_limit_must_be_a_positive_decimal_string) ... ok
check	Compile and run offline checks	2026-10-03T05:36:04.6887924Z test_controlled_demo_writes_use_the_same_session_and_adapter (test_environment.EnvironmentTests.test_controlled_demo_writes_use_the_same_session_and_adapter) ... ok
check	Compile and run offline checks	2026-10-03T05:36:04.6900151Z test_demo_execute_without_trial_flags_stays_blocked_before_credentials (test_environment.EnvironmentTests.test_demo_execute_without_trial_flags_stays_blocked_before_credentials) ... ok
check	Compile and run offline checks	2026-10-03T05:36:04.6903295Z test_demo_reads_only_demo_hosts (test_environment.EnvironmentTests.test_demo_reads_only_demo_hosts) ... ok
check	Compile and run offline checks	2026-10-03T05:36:04.7104223Z test_demo_uses_its_own_credentials_and_state_scope (test_environment.EnvironmentTests.test_demo_uses_its_own_credentials_and_state_scope) ... ok
check	Compile and run offline checks	2026-10-03T05:36:04.7220665Z test_live_state_directory_refuses_a_demo_configuration (test_environment.EnvironmentTests.test_live_state_directory_refuses_a_demo_configuration) ... ok
check	Compile and run offline checks	2026-10-03T05:36:04.7248054Z test_live_trial_needs_reviewed_matching_demo_evidence (test_environment.EnvironmentTests.test_live_trial_needs_reviewed_matching_demo_evidence) ... ok
check	Compile and run offline checks	2026-10-03T05:36:04.7611892Z test_session_refuses_an_adapter_for_another_environment_or_limit (test_environment.EnvironmentTests.test_session_refuses_an_adapter_for_another_environment_or_limit) ... ok
check	Compile and run offline checks	2026-10-03T05:36:04.9173964Z test_an_absent_add_is_retired_only_while_the_position_is_unchanged (test_full_review.AbsentOrderRetirement.test_an_absent_add_is_retired_only_while_the_position_is_unchanged) ... ok
check	Compile and run offline checks	2026-10-03T05:36:05.0778495Z test_an_absent_entry_needs_a_flat_account (test_full_review.AbsentOrderRetirement.test_an_absent_entry_needs_a_flat_account) ... ok
check	Compile and run offline checks	2026-10-03T05:36:05.2314265Z test_an_absent_reduction_is_retired_even_with_a_position_and_never_reduces_more (test_full_review.AbsentOrderRetirement.test_an_absent_reduction_is_retired_even_with_a_position_and_never_reduces_more) ... ok
check	Compile and run offline checks	2026-10-03T05:36:05.2316892Z test_a_write_without_time_to_read_the_answer_is_never_sent (test_full_review.AdapterEdges.test_a_write_without_time_to_read_the_answer_is_never_sent) ... ok
check	Compile and run offline checks	2026-10-03T05:36:05.2319528Z test_algo_cancel_reply_with_string_code_200_is_accepted (test_full_review.AdapterEdges.test_algo_cancel_reply_with_string_code_200_is_accepted) ... ok
check	Compile and run offline checks	2026-10-03T05:36:05.2321224Z test_order_cancel_and_reduction_shapes_are_restricted_to_owned_market_reductions (test_full_review.AdapterEdges.test_order_cancel_and_reduction_shapes_are_restricted_to_owned_market_reductions) ... ok
check	Compile and run offline checks	2026-10-03T05:36:05.2324842Z test_slow_time_sample_does_not_set_the_offset_and_rate_limit_cools_down (test_full_review.AdapterEdges.test_slow_time_sample_does_not_set_the_offset_and_rate_limit_cools_down) ... ok
check	Compile and run offline checks	2026-10-03T05:36:05.2330238Z test_truncated_or_malformed_http_is_unknown_never_a_raw_exception (test_full_review.AdapterEdges.test_truncated_or_malformed_http_is_unknown_never_a_raw_exception) ... ok
check	Compile and run offline checks	2026-10-03T05:36:05.3869785Z test_failed_clock_sample_at_cleanup_does_not_skip_verification (test_full_review.CleanupBudgets.test_failed_clock_sample_at_cleanup_does_not_skip_verification) ... ok
check	Compile and run offline checks	2026-10-03T05:36:05.5495639Z test_recovery_fallback_reductions_reserve_their_own_observation_budget (test_full_review.CleanupBudgets.test_recovery_fallback_reductions_reserve_their_own_observation_budget) ... ok
check	Compile and run offline checks	2026-10-03T05:36:05.7005146Z test_signal_landing_inside_the_final_cleanup_is_retried_once (test_full_review.CleanupBudgets.test_signal_landing_inside_the_final_cleanup_is_retried_once) ... ok
check	Compile and run offline checks	2026-10-03T05:36:05.7006445Z test_relative_state_directory_is_refused (test_full_review.ConfigPath.test_relative_state_directory_is_refused) ... ok
check	Compile and run offline checks	2026-10-03T05:36:05.7867472Z test_interrupted_cold_start_still_consumes_the_macro_state (test_macro_input.MacroInputTests.test_interrupted_cold_start_still_consumes_the_macro_state) ... ok
check	Compile and run offline checks	2026-10-03T05:36:05.9448521Z test_macro_position_keeps_protection_without_dfii10 (test_macro_input.MacroInputTests.test_macro_position_keeps_protection_without_dfii10) ... ok
check	Compile and run offline checks	2026-10-03T05:36:06.1230597Z test_primary_exit_does_not_wait_for_dfii10 (test_macro_input.MacroInputTests.test_primary_exit_does_not_wait_for_dfii10) ... ok
check	Compile and run offline checks	2026-10-03T05:36:06.2107605Z test_missing_time_zone_data_fails_with_an_actionable_error (test_macro_input.SourceBudgetTests.test_missing_time_zone_data_fails_with_an_actionable_error) ... ok
check	Compile and run offline checks	2026-10-03T05:36:06.2111435Z test_reads_share_the_budget_and_failures_are_not_repeated_each_poll (test_macro_input.SourceBudgetTests.test_reads_share_the_budget_and_failures_are_not_repeated_each_poll) ... ok
check	Compile and run offline checks	2026-10-03T05:36:06.2456495Z test_a_distant_earlier_transfer_does_not_make_history_ambiguous (test_margin_intents.MarginIntentTests.test_a_distant_earlier_transfer_does_not_make_history_ambiguous) ... ok
check	Compile and run offline checks	2026-10-03T05:36:06.2825328Z test_a_margin_row_without_preparation_time_is_bounded_by_its_last_update (test_margin_intents.MarginIntentTests.test_a_margin_row_without_preparation_time_is_bounded_by_its_last_update) ... ok
check	Compile and run offline checks	2026-10-03T05:36:06.3125523Z test_absent_history_never_proves_the_transfer_failed (test_margin_intents.MarginIntentTests.test_absent_history_never_proves_the_transfer_failed) ... ok
check	Compile and run offline checks	2026-10-03T05:36:06.3437268Z test_acknowledged_transfer_survives_a_failed_readback (test_margin_intents.MarginIntentTests.test_acknowledged_transfer_survives_a_failed_readback) ... ok
check	Compile and run offline checks	2026-10-03T05:36:06.3739847Z test_ambiguous_history_stays_unknown (test_margin_intents.MarginIntentTests.test_ambiguous_history_stays_unknown) ... ok
check	Compile and run offline checks	2026-10-03T05:36:06.4094122Z test_amount_is_rounded_up_to_native_settlement_precision (test_margin_intents.MarginIntentTests.test_amount_is_rounded_up_to_native_settlement_precision) ... ok
check	Compile and run offline checks	2026-10-03T05:36:06.4423554Z test_an_earlier_equal_add_is_never_attributed_to_a_lost_one (test_margin_intents.MarginIntentTests.test_an_earlier_equal_add_is_never_attributed_to_a_lost_one) ... ok
check	Compile and run offline checks	2026-10-03T05:36:06.4736389Z test_lost_answer_is_settled_from_margin_history_only (test_margin_intents.MarginIntentTests.test_lost_answer_is_settled_from_margin_history_only) ... ok
check	Compile and run offline checks	2026-10-03T05:36:06.5108009Z test_documented_503_failures_are_terminal_and_other_503s_stay_unknown (test_margin_intents.WriteClassificationTests.test_documented_503_failures_are_terminal_and_other_503s_stay_unknown) ... ok
check	Compile and run offline checks	2026-10-03T05:36:06.5241216Z test_documented_native_rejection_is_terminal (test_margin_intents.WriteClassificationTests.test_documented_native_rejection_is_terminal) ... ok
check	Compile and run offline checks	2026-10-03T05:36:06.5364580Z test_expired_deadline_is_recorded_as_never_sent (test_margin_intents.WriteClassificationTests.test_expired_deadline_is_recorded_as_never_sent) ... ok
check	Compile and run offline checks	2026-10-03T05:36:06.5733596Z test_lost_add_cannot_be_declared_rejected_from_age_and_missing_query (test_margin_intents.WriteClassificationTests.test_lost_add_cannot_be_declared_rejected_from_age_and_missing_query) ... ok
check	Compile and run offline checks	2026-10-03T05:36:06.6081366Z test_margin_rejection_blocks_without_pending (test_margin_intents.WriteClassificationTests.test_margin_rejection_blocks_without_pending) ... ok
check	Compile and run offline checks	2026-10-03T05:36:06.6201469Z test_missing_order_without_a_preparation_time_or_past_retention_stays_unknown (test_margin_intents.WriteClassificationTests.test_missing_order_without_a_preparation_time_or_past_retention_stays_unknown) ... ok
check	Compile and run offline checks	2026-10-03T05:36:06.6296350Z test_numeric_margin_amount_is_parsed_exactly (test_margin_intents.WriteClassificationTests.test_numeric_margin_amount_is_parsed_exactly) ... ok
check	Compile and run offline checks	2026-10-03T05:36:06.6645925Z test_overloaded_add_does_not_block_the_exit_of_the_existing_position (test_margin_intents.WriteClassificationTests.test_overloaded_add_does_not_block_the_exit_of_the_existing_position) ... ok
check	Compile and run offline checks	2026-10-03T05:36:06.6745555Z test_read_rejections_remain_unknown (test_margin_intents.WriteClassificationTests.test_read_rejections_remain_unknown) ... ok
check	Compile and run offline checks	2026-10-03T05:36:06.6979861Z test_unknown_execution_codes_and_server_errors_stay_pending (test_margin_intents.WriteClassificationTests.test_unknown_execution_codes_and_server_errors_stay_pending) ... ok
check	Compile and run offline checks	2026-10-03T05:36:06.6982166Z test_flat_cash_drawdown_between_session_starts_is_recorded (test_meter_review.FlatValuationTests.test_flat_cash_drawdown_between_session_starts_is_recorded) ... ok
check	Compile and run offline checks	2026-10-03T05:36:06.6984375Z test_hold_across_a_missing_rate_loses_the_known_path (test_meter_review.FundingCoverageTests.test_hold_across_a_missing_rate_loses_the_known_path) ... ok
check	Compile and run offline checks	2026-10-03T05:36:06.6985550Z test_uncovered_settlement_time_is_a_gap_anywhere (test_meter_review.FundingCoverageTests.test_uncovered_settlement_time_is_a_gap_anywhere) ... ok
check	Compile and run offline checks	2026-10-03T05:36:06.6986885Z test_position_held_through_the_boundary_pays_it (test_meter_review.FundingOrderTests.test_position_held_through_the_boundary_pays_it) ... ok
check	Compile and run offline checks	2026-10-03T05:36:06.6989118Z test_stop_inside_the_minute_is_not_charged_the_boundary_settlement (test_meter_review.FundingOrderTests.test_stop_inside_the_minute_is_not_charged_the_boundary_settlement) ... ok
check	Compile and run offline checks	2026-10-03T05:36:06.7522346Z test_complete_run_writes_the_official_name (test_meter_review.TrialHygieneTests.test_complete_run_writes_the_official_name) ... ok
check	Compile and run offline checks	2026-10-03T05:36:06.7869114Z test_partial_run_never_writes_the_official_name (test_meter_review.TrialHygieneTests.test_partial_run_never_writes_the_official_name) ... ok
check	Compile and run offline checks	2026-10-03T05:36:06.8322168Z test_research_knobs_are_restored (test_meter_review.TrialHygieneTests.test_research_knobs_are_restored) ... ok
check	Compile and run offline checks	2026-10-03T05:36:06.8343617Z test_capital_limit_sizes_from_the_trial_capital_only (test_native_preview.NativePreviewTests.test_capital_limit_sizes_from_the_trial_capital_only) ... ok
check	Compile and run offline checks	2026-10-03T05:36:06.8344924Z test_liquidation_uses_supplied_closing_fee (test_native_preview.NativePreviewTests.test_liquidation_uses_supplied_closing_fee) ... ok
check	Compile and run offline checks	2026-10-03T05:36:06.8350557Z test_macro_parent_quantity_respects_three_percent_stop_budget (test_native_preview.NativePreviewTests.test_macro_parent_quantity_respects_three_percent_stop_budget) ... ok
check	Compile and run offline checks	2026-10-03T05:36:06.8364397Z test_native_inputs_use_identical_funding_function_without_consumption (test_native_preview.NativePreviewTests.test_native_inputs_use_identical_funding_function_without_consumption) ... ok
check	Compile and run offline checks	2026-10-03T05:36:06.8372507Z test_top_up_keeps_whole_position_inside_the_stop_budget (test_native_preview.NativePreviewTests.test_top_up_keeps_whole_position_inside_the_stop_budget) ... ok
check	Compile and run offline checks	2026-10-03T05:36:06.8383284Z test_unknown_collateral_book_or_account_blocks (test_native_preview.NativePreviewTests.test_unknown_collateral_book_or_account_blocks) ... ok
check	Compile and run offline checks	2026-10-03T05:36:06.8384824Z test_downward_impulse_is_symmetric (test_opportunities.OpportunityTests.test_downward_impulse_is_symmetric) ... ok
check	Compile and run offline checks	2026-10-03T05:36:06.8386649Z test_impulse_uses_prior_volatility_and_midpoint_stop (test_opportunities.OpportunityTests.test_impulse_uses_prior_volatility_and_midpoint_stop) ... ok
check	Compile and run offline checks	2026-10-03T05:36:06.8387591Z test_missing_bar_fails_closed (test_opportunities.OpportunityTests.test_missing_bar_fails_closed) ... ok
check	Compile and run offline checks	2026-10-03T05:36:06.8390825Z test_prefix_cannot_depend_on_future_or_rewrite_objects (test_opportunities.OpportunityTests.test_prefix_cannot_depend_on_future_or_rewrite_objects) ... ok
check	Compile and run offline checks	2026-10-03T05:36:06.8394809Z test_stop_and_expiry_retire_the_campaign (test_opportunities.OpportunityTests.test_stop_and_expiry_retire_the_campaign) ... ok
check	Compile and run offline checks	2026-10-03T05:36:06.8649877Z test_definitive_absence_reconciles_flat_but_legacy_absence_does_not (test_ownership.AbsentEntryOwnership.test_definitive_absence_reconciles_flat_but_legacy_absence_does_not) ... ok
check	Compile and run offline checks	2026-10-03T05:36:06.8766912Z test_late_fill_after_definitive_absence_fails_closed (test_ownership.AbsentEntryOwnership.test_late_fill_after_definitive_absence_fails_closed) ... ok
check	Compile and run offline checks	2026-10-03T05:36:06.8904520Z test_cumulative_fill_cannot_regress (test_ownership.OwnershipTests.test_cumulative_fill_cannot_regress) ... ok
check	Compile and run offline checks	2026-10-03T05:36:06.9131056Z test_external_fill_or_position_mismatch_never_guesses_owner (test_ownership.OwnershipTests.test_external_fill_or_position_mismatch_never_guesses_owner) ... ok
check	Compile and run offline checks	2026-10-03T05:36:06.9242595Z test_history_older_than_three_months_is_not_inferred (test_ownership.OwnershipTests.test_history_older_than_three_months_is_not_inferred) ... ok
check	Compile and run offline checks	2026-10-03T05:36:06.9393460Z test_late_partial_fill_binds_once_and_exposes_unprotected_remainder (test_ownership.OwnershipTests.test_late_partial_fill_binds_once_and_exposes_unprotected_remainder) ... ok
check	Compile and run offline checks	2026-10-03T05:36:06.9485715Z test_lost_journal_cannot_assign_an_existing_position (test_ownership.OwnershipTests.test_lost_journal_cannot_assign_an_existing_position) ... ok
check	Compile and run offline checks	2026-10-03T05:36:06.9683617Z test_protective_fill_preserves_consumption_after_flat_recovery (test_ownership.OwnershipTests.test_protective_fill_preserves_consumption_after_flat_recovery) ... ok
check	Compile and run offline checks	2026-10-03T05:36:06.9850526Z test_rejected_reduction_has_no_native_order_to_query (test_ownership.OwnershipTests.test_rejected_reduction_has_no_native_order_to_query) ... ok
check	Compile and run offline checks	2026-10-03T05:36:06.9853357Z test_mismatched_source_input_and_undeclared_risk_are_rejected (test_path_analysis.PathAnalysisTests.test_mismatched_source_input_and_undeclared_risk_are_rejected) ... ok
check	Compile and run offline checks	2026-10-03T05:36:06.9854905Z test_more_fees_cannot_improve_the_fixed_fill_attribution (test_path_analysis.PathAnalysisTests.test_more_fees_cannot_improve_the_fixed_fill_attribution) ... ok
check	Compile and run offline checks	2026-10-03T05:36:07.0017311Z test_archive_does_not_hide_unobserved_retention_gap (test_pr43.HistoryArchiveTests.test_archive_does_not_hide_unobserved_retention_gap) ... ok
check	Compile and run offline checks	2026-10-03T05:36:07.0165324Z test_changed_archived_fill_blocks_and_keeps_prior_coverage (test_pr43.HistoryArchiveTests.test_changed_archived_fill_blocks_and_keeps_prior_coverage) ... ok
check	Compile and run offline checks	2026-10-03T05:36:07.0173449Z test_nonadvancing_id_page_is_not_accepted_as_complete (test_pr43.HistoryArchiveTests.test_nonadvancing_id_page_is_not_accepted_as_complete) ... ok
check	Compile and run offline checks	2026-10-03T05:36:07.0179863Z test_truncated_id_history_cannot_hide_full_time_page (test_pr43.HistoryArchiveTests.test_truncated_id_history_cannot_hide_full_time_page) ... ok
check	Compile and run offline checks	2026-10-03T05:36:07.0394892Z test_verified_archive_recovers_old_entry_without_expired_native_order (test_pr43.HistoryArchiveTests.test_verified_archive_recovers_old_entry_without_expired_native_order) ... ok
check	Compile and run offline checks	2026-10-03T05:36:07.0685133Z test_income_pagination_and_duplicate_page_fail_closed (test_pr43.IncomeAuditTests.test_income_pagination_and_duplicate_page_fail_closed) ... ok
check	Compile and run offline checks	2026-10-03T05:36:07.0808052Z test_missing_income_coverage_is_not_filled_with_zero_cashflows (test_pr43.IncomeAuditTests.test_missing_income_coverage_is_not_filled_with_zero_cashflows) ... ok
check	Compile and run offline checks	2026-10-03T05:36:07.0941109Z test_native_signed_funding_fees_and_same_id_types_are_retained (test_pr43.IncomeAuditTests.test_native_signed_funding_fees_and_same_id_types_are_retained) ... ok
check	Compile and run offline checks	2026-10-03T05:36:07.3047357Z test_cashflow_audit_outage_blocks_entry_but_not_verified_exit (test_pr43.ReviewRegressions.test_cashflow_audit_outage_blocks_entry_but_not_verified_exit) ... ok
check	Compile and run offline checks	2026-10-03T05:36:07.4379734Z test_changed_owned_protection_does_not_pass_aggregate_geometry (test_pr43.ReviewRegressions.test_changed_owned_protection_does_not_pass_aggregate_geometry) ... ok
check	Compile and run offline checks	2026-10-03T05:36:07.5651868Z test_disconnect_during_final_wait_clears_previous_observation (test_pr43.ReviewRegressions.test_disconnect_during_final_wait_clears_previous_observation) ... ok
check	Compile and run offline checks	2026-10-03T05:36:07.7016829Z test_external_protection_cannot_make_cleanup_verified (test_pr43.ReviewRegressions.test_external_protection_cannot_make_cleanup_verified) ... ok
check	Compile and run offline checks	2026-10-03T05:36:07.7354750Z test_full_recent_window_is_a_cursor_not_complete_history (test_pr43.ReviewRegressions.test_full_recent_window_is_a_cursor_not_complete_history) ... ok
check	Compile and run offline checks	2026-10-03T05:36:08.1154112Z test_more_than_1000_same_millisecond_fills_reconcile_and_protect (test_pr43.ReviewRegressions.test_more_than_1000_same_millisecond_fills_reconcile_and_protect) ... ok
check	Compile and run offline checks	2026-10-03T05:36:08.3358371Z test_restart_finishes_interrupted_owned_protection_replacement (test_pr43.ReviewRegressions.test_restart_finishes_interrupted_owned_protection_replacement) ... ok
check	Compile and run offline checks	2026-10-03T05:36:08.4825069Z test_unknown_observations_are_retained_without_stale_equity (test_pr43.ReviewRegressions.test_unknown_observations_are_retained_without_stale_equity) ... ok
check	Compile and run offline checks	2026-10-03T05:36:08.5551508Z test_external_close_and_equal_manual_reopen_is_never_touched (test_reaudit.ReauditTests.test_external_close_and_equal_manual_reopen_is_never_touched) ... ok
check	Compile and run offline checks	2026-10-03T05:36:08.6282588Z test_external_reopen_is_not_adopted_on_the_trade_id_proof (test_reaudit.ReauditTests.test_external_reopen_is_not_adopted_on_the_trade_id_proof) ... ok
check	Compile and run offline checks	2026-10-03T05:36:08.7032090Z test_failed_protection_never_reduces_a_manual_fill_that_arrived_between_legs (test_reaudit.ReauditTests.test_failed_protection_never_reduces_a_manual_fill_that_arrived_between_legs) ... ok
check	Compile and run offline checks	2026-10-03T05:36:08.9019274Z test_fill_proof_after_a_week_without_trades_uses_the_flat_time_boundary (test_reaudit.ReauditTests.test_fill_proof_after_a_week_without_trades_uses_the_flat_time_boundary) ... ok
check	Compile and run offline checks	2026-10-03T05:36:08.9885231Z test_manual_position_after_restart_is_not_adopted_during_a_history_outage (test_reaudit.ReauditTests.test_manual_position_after_restart_is_not_adopted_during_a_history_outage) ... ok
check	Compile and run offline checks	2026-10-03T05:36:10.3076622Z test_owned_fill_is_protected_or_reduced_within_the_reserved_budget_under_latency (test_reaudit.ReauditTests.test_owned_fill_is_protected_or_reduced_within_the_reserved_budget_under_latency) ... ok
check	Compile and run offline checks	2026-10-03T05:36:10.4777027Z test_unknown_protection_does_not_block_a_later_safe_reduction (test_reaudit.ReauditTests.test_unknown_protection_does_not_block_a_later_safe_reduction) ... ok
check	Compile and run offline checks	2026-10-03T05:36:10.5237522Z test_interrupted_publication_leaves_no_partial_result_named_current (test_rebuild_safety.EvidenceProtection.test_interrupted_publication_leaves_no_partial_result_named_current) ... ok
check	Compile and run offline checks	2026-10-03T05:36:10.5331584Z test_partial_results_never_enter_the_evidence_directory (test_rebuild_safety.EvidenceProtection.test_partial_results_never_enter_the_evidence_directory) ... ok
check	Compile and run offline checks	2026-10-03T05:36:10.5651065Z test_refusal_happens_before_the_meter_runs (test_rebuild_safety.EvidenceProtection.test_refusal_happens_before_the_meter_runs) ... ok
check	Compile and run offline checks	2026-10-03T05:36:10.6181513Z test_same_name_needs_explicit_overwrite_and_keeps_the_original (test_rebuild_safety.EvidenceProtection.test_same_name_needs_explicit_overwrite_and_keeps_the_original) ... ok
check	Compile and run offline checks	2026-10-03T05:36:10.6404622Z test_unresolved_count_uses_the_session_report_field (test_rebuild_safety.EvidenceProtection.test_unresolved_count_uses_the_session_report_field) ... ok
check	Compile and run offline checks	2026-10-03T05:36:10.6406188Z test_default_state_is_unique_per_run (test_rebuild_safety.StateOwnership.test_default_state_is_unique_per_run) ... ok
check	Compile and run offline checks	2026-10-03T05:36:10.6411708Z test_invalid_name_with_explicit_state_removes_nothing (test_rebuild_safety.StateOwnership.test_invalid_name_with_explicit_state_removes_nothing) ... ok
check	Compile and run offline checks	2026-10-03T05:36:10.6834615Z test_own_stale_directory_is_replaced_but_a_live_owner_is_not (test_rebuild_safety.StateOwnership.test_own_stale_directory_is_replaced_but_a_live_owner_is_not) ... ok
check	Compile and run offline checks	2026-10-03T05:36:10.7020399Z test_symbolic_links_are_refused (test_rebuild_safety.StateOwnership.test_symbolic_links_are_refused) ... ok
check	Compile and run offline checks	2026-10-03T05:36:10.7204780Z test_unmarked_directories_are_refused_and_left_untouched (test_rebuild_safety.StateOwnership.test_unmarked_directories_are_refused_and_left_untouched) ... ok
check	Compile and run offline checks	2026-10-03T05:36:10.8481979Z test_history_outage_after_owned_fill_still_installs_protection (test_recovery_gaps.RecoveryGapTests.test_history_outage_after_owned_fill_still_installs_protection) ... ok
check	Compile and run offline checks	2026-10-03T05:36:11.0060970Z test_late_query_missing_does_not_orphan_filled_add (test_recovery_gaps.RecoveryGapTests.test_late_query_missing_does_not_orphan_filled_add) ... ok
check	Compile and run offline checks	2026-10-03T05:36:11.1808862Z test_protection_lost_during_margin_transfer_blocks_the_add (test_recovery_gaps.RecoveryGapTests.test_protection_lost_during_margin_transfer_blocks_the_add) ... ok
check	Compile and run offline checks	2026-10-03T05:36:11.2161632Z test_locally_refused_protection_is_retried_under_the_same_identity (test_rejected_intents.RejectedIntentTests.test_locally_refused_protection_is_retried_under_the_same_identity) ... ok
check	Compile and run offline checks	2026-10-03T05:36:11.2476285Z test_refused_cancel_is_left_to_the_target_state (test_rejected_intents.RejectedIntentTests.test_refused_cancel_is_left_to_the_target_state) ... ok
check	Compile and run offline checks	2026-10-03T05:36:11.2781497Z test_rejected_entry_is_never_prepared_again (test_rejected_intents.RejectedIntentTests.test_rejected_entry_is_never_prepared_again) ... ok
check	Compile and run offline checks	2026-10-03T05:36:11.3090004Z test_unknown_protection_is_never_resent (test_rejected_intents.RejectedIntentTests.test_unknown_protection_is_never_resent) ... ok
check	Compile and run offline checks	2026-10-03T05:36:11.3390297Z test_ambiguous_initial_wallet_boundary_blocks_risk (test_review_followup.ReviewFollowup.test_ambiguous_initial_wallet_boundary_blocks_risk) ... ok
check	Compile and run offline checks	2026-10-03T05:36:11.5879384Z test_failed_amendment_preserves_old_pair_but_does_not_block_owned_exit (test_review_followup.ReviewFollowup.test_failed_amendment_preserves_old_pair_but_does_not_block_owned_exit) ... ok
check	Compile and run offline checks	2026-10-03T05:36:11.5977066Z test_foreign_live_writer_refusal_does_not_change_state (test_review_followup.ReviewFollowup.test_foreign_live_writer_refusal_does_not_change_state) ... ok
check	Compile and run offline checks	2026-10-03T05:36:11.6333985Z test_preanchor_late_income_is_not_new_income (test_review_followup.ReviewFollowup.test_preanchor_late_income_is_not_new_income) ... ok
check	Compile and run offline checks	2026-10-03T05:36:11.7399091Z test_session_backup_rotates_and_failure_keeps_original (test_review_followup.ReviewFollowup.test_session_backup_rotates_and_failure_keeps_original) ... ok
check	Compile and run offline checks	2026-10-03T05:36:11.7404472Z test_adoption_needs_both_splits_and_a_real_margin (test_robustness.AnalysisTests.test_adoption_needs_both_splits_and_a_real_margin) ... ok
check	Compile and run offline checks	2026-10-03T05:36:11.7408595Z test_deflated_sharpe_falls_with_more_trials (test_robustness.AnalysisTests.test_deflated_sharpe_falls_with_more_trials) ... ok
check	Compile and run offline checks	2026-10-03T05:36:11.7410128Z test_growth_is_the_geometric_mean_of_block_growth (test_robustness.AnalysisTests.test_growth_is_the_geometric_mean_of_block_growth) ... ok
check	Compile and run offline checks	2026-10-03T05:36:11.7892449Z test_a_block_uses_only_its_frozen_sessions_and_never_the_official_name (test_robustness.BlockTests.test_a_block_uses_only_its_frozen_sessions_and_never_the_official_name) ... /opt/hostedtoolcache/Python/3.13.15/x64/lib/python3.13/_strptime.py:521: ResourceWarning: unclosed database in <sqlite3.Connection object at 0x7f8c7fc20310>
check	Compile and run offline checks	2026-10-03T05:36:11.7894884Z   for index, arg in enumerate([data_string, format]):
check	Compile and run offline checks	2026-10-03T05:36:11.7895402Z ResourceWarning: Enable tracemalloc to get the object allocation traceback
check	Compile and run offline checks	2026-10-03T05:36:11.7896325Z /opt/hostedtoolcache/Python/3.13.15/x64/lib/python3.13/_strptime.py:521: ResourceWarning: unclosed database in <sqlite3.Connection object at 0x7f8c7f9f7880>
check	Compile and run offline checks	2026-10-03T05:36:11.7897179Z   for index, arg in enumerate([data_string, format]):
check	Compile and run offline checks	2026-10-03T05:36:11.7897670Z ResourceWarning: Enable tracemalloc to get the object allocation traceback
check	Compile and run offline checks	2026-10-03T05:36:11.8094377Z ok
check	Compile and run offline checks	2026-10-03T05:36:11.8193481Z test_a_window_outside_the_frozen_range_is_refused (test_robustness.BlockTests.test_a_window_outside_the_frozen_range_is_refused) ... ok
check	Compile and run offline checks	2026-10-03T05:36:11.8521069Z test_knobs_apply_and_are_restored (test_robustness.BlockTests.test_knobs_apply_and_are_restored) ... ok
check	Compile and run offline checks	2026-10-03T05:36:11.8522758Z test_missing_prints_fall_back_to_the_official_mark_minute (test_robustness.FinalMarkTests.test_missing_prints_fall_back_to_the_official_mark_minute) ... ok
check	Compile and run offline checks	2026-10-03T05:36:11.8525661Z test_atr_window_and_impulse_threshold (test_robustness.KnobTests.test_atr_window_and_impulse_threshold) ... ok
check	Compile and run offline checks	2026-10-03T05:36:11.8527024Z test_defaults_are_the_frozen_model (test_robustness.KnobTests.test_defaults_are_the_frozen_model) ... ok
check	Compile and run offline checks	2026-10-03T05:36:11.8528015Z test_life_bars (test_robustness.KnobTests.test_life_bars) ... ok
check	Compile and run offline checks	2026-10-03T05:36:11.8529189Z test_retrace_moves_the_stop (test_robustness.KnobTests.test_retrace_moves_the_stop) ... ok
check	Compile and run offline checks	2026-10-03T05:36:11.8533737Z test_a_failing_stress_vetoes_the_chosen_value_but_missing_stress_does_not (test_robustness.RiskSelectionTests.test_a_failing_stress_vetoes_the_chosen_value_but_missing_stress_does_not) ... ok
check	Compile and run offline checks	2026-10-03T05:36:11.8535815Z test_isolated_point_is_a_spike_and_nothing_qualifying_keeps_six (test_robustness.RiskSelectionTests.test_isolated_point_is_a_spike_and_nothing_qualifying_keeps_six) ... ok
check	Compile and run offline checks	2026-10-03T05:36:11.8537341Z test_plateau_and_buffer_decide (test_robustness.RiskSelectionTests.test_plateau_and_buffer_decide) ... ok
check	Compile and run offline checks	2026-10-03T05:36:11.8538839Z test_update_time_moves_only_when_the_account_changes (test_robustness.UpdateTimeTests.test_update_time_moves_only_when_the_account_changes) ... ok
check	Compile and run offline checks	2026-10-03T05:36:11.9214680Z test_cancel_timeout_does_not_get_new_identity_on_each_poll (test_session.SessionTests.test_cancel_timeout_does_not_get_new_identity_on_each_poll) ... ok
check	Compile and run offline checks	2026-10-03T05:36:12.4424085Z test_complete_native_tape_replays_identical_requests_and_decisions (test_session.SessionTests.test_complete_native_tape_replays_identical_requests_and_decisions) ... ok
check	Compile and run offline checks	2026-10-03T05:36:12.4719785Z test_config_has_one_schema_and_bounded_time (test_session.SessionTests.test_config_has_one_schema_and_bounded_time) ... ok
check	Compile and run offline checks	2026-10-03T05:36:12.5260432Z test_deadline_during_preflight_prevents_new_entry (test_session.SessionTests.test_deadline_during_preflight_prevents_new_entry) ... ok
check	Compile and run offline checks	2026-10-03T05:36:12.6551909Z test_disconnection_never_infers_flat_or_successful_cleanup (test_session.SessionTests.test_disconnection_never_infers_flat_or_successful_cleanup) ... ok
check	Compile and run offline checks	2026-10-03T05:36:12.7913172Z test_external_fill_prevents_strategy_or_cleanup_position_changes (test_session.SessionTests.test_external_fill_prevents_strategy_or_cleanup_position_changes) ... ok
check	Compile and run offline checks	2026-10-03T05:36:12.8765899Z test_failed_protection_attempts_reduce_only_and_reports_unknown (test_session.SessionTests.test_failed_protection_attempts_reduce_only_and_reports_unknown) ... ok
check	Compile and run offline checks	2026-10-03T05:36:13.0268025Z test_finite_long_entry_hold_and_offline_protection (test_session.SessionTests.test_finite_long_entry_hold_and_offline_protection) ... ok
check	Compile and run offline checks	2026-10-03T05:36:13.1533232Z test_keyboard_interrupt_finishes_owned_protection (test_session.SessionTests.test_keyboard_interrupt_finishes_owned_protection) ... ok
check	Compile and run offline checks	2026-10-03T05:36:13.3307579Z test_later_session_never_tops_up_an_earlier_entry (test_session.SessionTests.test_later_session_never_tops_up_an_earlier_entry) ... ok
check	Compile and run offline checks	2026-10-03T05:36:13.4881578Z test_lost_active_stop_readback_resumes_missing_take_after_restart (test_session.SessionTests.test_lost_active_stop_readback_resumes_missing_take_after_restart) ... ok
check	Compile and run offline checks	2026-10-03T05:36:13.7161771Z test_macro_entry_restart_and_false_state_reduce_same_owned_position (test_session.SessionTests.test_macro_entry_restart_and_false_state_reduce_same_owned_position) ... ok
check	Compile and run offline checks	2026-10-03T05:36:13.8415297Z test_margin_transfer_past_the_deadline_sends_no_add (test_session.SessionTests.test_margin_transfer_past_the_deadline_sends_no_add) ... ok
check	Compile and run offline checks	2026-10-03T05:36:13.9319673Z test_negative_impulse_does_not_enter_in_promoted_long_only_model (test_session.SessionTests.test_negative_impulse_does_not_enter_in_promoted_long_only_model) ... ok
check	Compile and run offline checks	2026-10-03T05:36:14.1089762Z test_partial_fill_protects_actual_size_then_tops_up_under_same_protection (test_session.SessionTests.test_partial_fill_protects_actual_size_then_tops_up_under_same_protection) ... ok
check	Compile and run offline checks	2026-10-03T05:36:14.3042033Z test_protection_amendment_keeps_old_until_new_pair_confirmed (test_session.SessionTests.test_protection_amendment_keeps_old_until_new_pair_confirmed) ... ok
check	Compile and run offline checks	2026-10-03T05:36:14.3618871Z test_read_only_runs_repeatedly_without_orders (test_session.SessionTests.test_read_only_runs_repeatedly_without_orders) ... ok
check	Compile and run offline checks	2026-10-03T05:36:14.5261568Z test_real_transport_and_budget_complete_entry_protection_and_cleanup (test_session.SessionTests.test_real_transport_and_budget_complete_entry_protection_and_cleanup) ... ok
check	Compile and run offline checks	2026-10-03T05:36:14.6907087Z test_restart_retains_position_and_does_not_reenter (test_session.SessionTests.test_restart_retains_position_and_does_not_reenter) ... ok
check	Compile and run offline checks	2026-10-03T05:36:14.9709332Z test_retired_protection_history_can_expire_without_blocking_position (test_session.SessionTests.test_retired_protection_history_can_expire_without_blocking_position) ... ok
check	Compile and run offline checks	2026-10-03T05:36:15.1640417Z test_signal_expiry_closes_without_same_cycle_reversal (test_session.SessionTests.test_signal_expiry_closes_without_same_cycle_reversal) ... ok
check	Compile and run offline checks	2026-10-03T05:36:15.4896683Z test_stale_mark_time_cannot_mix_previous_exit_with_new_entry (test_session.SessionTests.test_stale_mark_time_cannot_mix_previous_exit_with_new_entry) ... ok
check	Compile and run offline checks	2026-10-03T05:36:15.6900005Z test_terminal_partial_exit_reduces_only_remaining_on_next_cycle (test_session.SessionTests.test_terminal_partial_exit_reduces_only_remaining_on_next_cycle) ... ok
check	Compile and run offline checks	2026-10-03T05:36:15.8432297Z test_timeout_after_fill_recovers_without_duplicate (test_session.SessionTests.test_timeout_after_fill_recovers_without_duplicate) ... ok
check	Compile and run offline checks	2026-10-03T05:36:15.9869435Z test_unavailable_cashflow_audit_blocks_top_up_before_it_is_sent (test_session.SessionTests.test_unavailable_cashflow_audit_blocks_top_up_before_it_is_sent) ... ok
check	Compile and run offline checks	2026-10-03T05:36:16.0643477Z test_unknown_entry_never_resends_even_after_restart (test_session.SessionTests.test_unknown_entry_never_resends_even_after_restart) ... ok
check	Compile and run offline checks	2026-10-03T05:36:16.2184284Z test_unsent_exit_can_shrink_after_native_protection_reduction (test_session.SessionTests.test_unsent_exit_can_shrink_after_native_protection_reduction) ... ok
check	Compile and run offline checks	2026-10-03T05:36:16.4213830Z test_verified_flat_finalizes_abandoned_replacement_journal (test_session.SessionTests.test_verified_flat_finalizes_abandoned_replacement_journal) ... ok
check	Compile and run offline checks	2026-10-03T05:36:16.6600080Z test_zero_fill_retries_archive_terminal_entries (test_session.SessionTests.test_zero_fill_retries_archive_terminal_entries) ... ok
check	Compile and run offline checks	2026-10-03T05:36:16.6602547Z test_intraminute_high_before_a_fall_is_a_peak (test_session_history.EnvelopePeakTests.test_intraminute_high_before_a_fall_is_a_peak) ... ok
check	Compile and run offline checks	2026-10-03T05:36:16.6606077Z test_missing_mark_minute_forfeits_the_isolated_wallet_or_flags_hindsight (test_session_history.EnvelopePeakTests.test_missing_mark_minute_forfeits_the_isolated_wallet_or_flags_hindsight) ... ok
check	Compile and run offline checks	2026-10-03T05:36:16.6615796Z test_fill_after_funding_settlement_pays_no_funding (test_session_history.IntraminuteEventTests.test_fill_after_funding_settlement_pays_no_funding) ... ok
check	Compile and run offline checks	2026-10-03T05:36:16.6622131Z test_funding_without_its_official_mark_is_unknown_not_the_entry_price (test_session_history.IntraminuteEventTests.test_funding_without_its_official_mark_is_unknown_not_the_entry_price) ... ok
check	Compile and run offline checks	2026-10-03T05:36:16.6630340Z test_overlapping_replacement_stops_fire_the_more_protective_leg (test_session_history.IntraminuteEventTests.test_overlapping_replacement_stops_fire_the_more_protective_leg) ... ok
check	Compile and run offline checks	2026-10-03T05:36:16.6656257Z test_print_path_drawdown_does_not_depend_on_polling_steps (test_session_history.IntraminuteEventTests.test_print_path_drawdown_does_not_depend_on_polling_steps) ... ok
check	Compile and run offline checks	2026-10-03T05:36:16.6664667Z test_print_path_peak_counts_before_the_stop (test_session_history.IntraminuteEventTests.test_print_path_peak_counts_before_the_stop) ... ok
check	Compile and run offline checks	2026-10-03T05:36:16.6690797Z test_protection_that_would_trigger_immediately_and_bad_margin_are_refused_natively (test_session_history.IntraminuteEventTests.test_protection_that_would_trigger_immediately_and_bad_margin_are_refused_natively) ... ok
check	Compile and run offline checks	2026-10-03T05:36:16.6699119Z test_stop_found_while_settling_an_add_drops_the_rest (test_session_history.IntraminuteEventTests.test_stop_found_while_settling_an_add_drops_the_rest) ... ok
check	Compile and run offline checks	2026-10-03T05:36:16.6707616Z test_stop_inside_the_minute_precedes_a_later_client_close (test_session_history.IntraminuteEventTests.test_stop_inside_the_minute_precedes_a_later_client_close) ... ok
check	Compile and run offline checks	2026-10-03T05:36:16.6710573Z test_unordered_official_minute_applies_the_adverse_stop_before_a_close (test_session_history.IntraminuteEventTests.test_unordered_official_minute_applies_the_adverse_stop_before_a_close) ... ok
check	Compile and run offline checks	2026-10-03T05:36:16.7899745Z test_cold_start_consumes_the_already_active_impulse (test_session_history.SessionHistoryTests.test_cold_start_consumes_the_already_active_impulse) ... ok
check	Compile and run offline checks	2026-10-03T05:36:16.9724494Z test_exchange_stop_between_sessions_is_not_a_client_order (test_session_history.SessionHistoryTests.test_exchange_stop_between_sessions_is_not_a_client_order) ... ok
check	Compile and run offline checks	2026-10-03T05:36:16.9736003Z test_ioc_fill_is_booked_at_its_print_and_answered_after_the_window (test_session_history.SessionHistoryTests.test_ioc_fill_is_booked_at_its_print_and_answered_after_the_window) ... ok
check	Compile and run offline checks	2026-10-03T05:36:16.9986006Z test_missing_prints_block_observation_before_any_order (test_session_history.SessionHistoryTests.test_missing_prints_block_observation_before_any_order) ... ok
check	Compile and run offline checks	2026-10-03T05:36:16.9987617Z test_schedule_module_does_not_hand_future_starts_to_the_exchange (test_session_history.SessionHistoryTests.test_schedule_module_does_not_hand_future_starts_to_the_exchange) ... ok
check	Compile and run offline checks	2026-10-03T05:36:16.9998895Z test_trade_print_window_fills_at_the_limit (test_session_history.SessionHistoryTests.test_trade_print_window_fills_at_the_limit) ... ok
check	Compile and run offline checks	2026-10-03T05:36:17.1217709Z test_unresolved_ioc_retries_without_a_fill (test_session_history.SessionHistoryTests.test_unresolved_ioc_retries_without_a_fill) ... ok
check	Compile and run offline checks	2026-10-03T05:36:17.1242442Z test_warmup_hours_make_aligned_four_hour_bars (test_session_history.SessionHistoryTests.test_warmup_hours_make_aligned_four_hour_bars) ... ok
check	Compile and run offline checks	2026-10-03T05:36:17.1244358Z test_crossed_long_liquidation_price_is_not_a_positive_buffer (test_snapshot_export.SnapshotExportTests.test_crossed_long_liquidation_price_is_not_a_positive_buffer) ... ok
check	Compile and run offline checks	2026-10-03T05:36:17.1246177Z test_flat_account_has_no_liquidation_buffer_or_extra_collateral (test_snapshot_export.SnapshotExportTests.test_flat_account_has_no_liquidation_buffer_or_extra_collateral) ... ok
check	Compile and run offline checks	2026-10-03T05:36:17.1247848Z test_reversed_collection_clock_is_unknown (test_snapshot_export.SnapshotExportTests.test_reversed_collection_clock_is_unknown) ... ok
check	Compile and run offline checks	2026-10-03T05:36:17.1249319Z test_short_export_includes_unrealized_pnl_once (test_snapshot_export.SnapshotExportTests.test_short_export_includes_unrealized_pnl_once) ... ok
check	Compile and run offline checks	2026-10-03T05:36:17.1250498Z test_uid_stale_mark_and_slow_collection_are_unknown (test_snapshot_export.SnapshotExportTests.test_uid_stale_mark_and_slow_collection_are_unknown) ... ok
check	Compile and run offline checks	2026-10-03T05:36:17.1252270Z test_contract_stop_does_not_use_mark_trigger_and_survives_stopped_process (test_star_session.SharedPeerTests.test_contract_stop_does_not_use_mark_trigger_and_survives_stopped_process) ... ok
check	Compile and run offline checks	2026-10-03T05:36:17.1257955Z test_peer_transport_preserves_market_and_contract_price_shapes (test_star_session.SharedPeerTests.test_peer_transport_preserves_market_and_contract_price_shapes) ... ok
check	Compile and run offline checks	2026-10-03T05:36:17.1260193Z test_short_partial_market_fill_and_add_keep_cash_identity (test_star_session.SharedPeerTests.test_short_partial_market_fill_and_add_keep_cash_identity) ... ok
check	Compile and run offline checks	2026-10-03T05:36:17.1394052Z test_atomic_report (test_state.StateTests.test_atomic_report) ... ok
check	Compile and run offline checks	2026-10-03T05:36:17.1550230Z test_crash_recovery_does_not_duplicate_or_overwrite_intents (test_state.StateTests.test_crash_recovery_does_not_duplicate_or_overwrite_intents) ... ok
check	Compile and run offline checks	2026-10-03T05:36:17.1551622Z test_deterministic_id_scope (test_state.StateTests.test_deterministic_id_scope) ... ok
check	Compile and run offline checks	2026-10-03T05:36:17.1678027Z test_exclusion_survives_database_commits (test_state.StateTests.test_exclusion_survives_database_commits) ... ok
check	Compile and run offline checks	2026-10-03T05:36:17.1774928Z test_state_directory_keeps_its_identity (test_state.StateTests.test_state_directory_keeps_its_identity) ... ok
check	Compile and run offline checks	2026-10-03T05:36:17.1885382Z test_damaged_database_blocks_instead_of_starting_empty (test_state.StateUpgradeAndRetention.test_damaged_database_blocks_instead_of_starting_empty) ... ok
check	Compile and run offline checks	2026-10-03T05:36:17.2004524Z test_fresh_directory_needs_no_backup_and_newer_state_blocks (test_state.StateUpgradeAndRetention.test_fresh_directory_needs_no_backup_and_newer_state_blocks) ... ok
check	Compile and run offline checks	2026-10-03T05:36:17.2199052Z test_legacy_directory_is_backed_up_once_before_it_is_versioned (test_state.StateUpgradeAndRetention.test_legacy_directory_is_backed_up_once_before_it_is_versioned) ... ok
check	Compile and run offline checks	2026-10-03T05:36:17.2737641Z test_old_observations_move_to_an_archive_before_deletion (test_state.StateUpgradeAndRetention.test_old_observations_move_to_an_archive_before_deletion) ... ok
check	Compile and run offline checks	2026-10-03T05:36:17.4258464Z test_entry_budget_uses_the_venue_clock (test_virtual_clock.VirtualClockTests.test_entry_budget_uses_the_venue_clock) ... ok
check	Compile and run offline checks	2026-10-03T05:36:17.4260300Z test_injected_monotonic_is_not_the_wall_clock (test_virtual_clock.VirtualClockTests.test_injected_monotonic_is_not_the_wall_clock) ... ok
check	Compile and run offline checks	2026-10-03T05:36:17.4620953Z test_positive_submillisecond_wait_advances_virtual_venues (test_virtual_clock.VirtualClockTests.test_positive_submillisecond_wait_advances_virtual_venues) ... ok
check	Compile and run offline checks	2026-10-03T05:36:17.4624773Z test_rate_limit_cooldown_stays_on_the_injected_clock (test_virtual_clock.VirtualClockTests.test_rate_limit_cooldown_stays_on_the_injected_clock) ... ok
check	Compile and run offline checks	2026-10-03T05:36:17.4625737Z 
check	Compile and run offline checks	2026-10-03T05:36:17.4626141Z ----------------------------------------------------------------------
check	Compile and run offline checks	2026-10-03T05:36:17.4627107Z Ran 443 tests in 25.852s
check	Compile and run offline checks	2026-10-03T05:36:17.4627576Z 
check	Compile and run offline checks	2026-10-03T05:36:17.4628083Z OK (skipped=5)
check	Post Run actions/setup-python@ece7cb06caefa5fff74198d8649806c4678c61a1	﻿2026-10-03T05:36:17.5116463Z Post job cleanup.
check	Post Run actions/checkout@fbc6f3992d24b796d5a048ff273f7fcc4a7b6c09	﻿2026-10-03T05:36:17.6520723Z Post job cleanup.
check	Post Run actions/checkout@fbc6f3992d24b796d5a048ff273f7fcc4a7b6c09	2026-10-03T05:36:17.7423906Z [command]/usr/bin/git version
check	Post Run actions/checkout@fbc6f3992d24b796d5a048ff273f7fcc4a7b6c09	2026-10-03T05:36:17.7468961Z git version 2.55.0
check	Post Run actions/checkout@fbc6f3992d24b796d5a048ff273f7fcc4a7b6c09	2026-10-03T05:36:17.7510494Z Temporarily overriding HOME='/home/runner/work/_temp/5abb6812-8142-42a2-9d92-e9203749ef1b' before making global git config changes
check	Post Run actions/checkout@fbc6f3992d24b796d5a048ff273f7fcc4a7b6c09	2026-10-03T05:36:17.7511608Z Adding repository directory to the temporary git global config as a safe directory
check	Post Run actions/checkout@fbc6f3992d24b796d5a048ff273f7fcc4a7b6c09	2026-10-03T05:36:17.7517181Z [command]/usr/bin/git config --global --add safe.directory /home/runner/work/coinquant/coinquant
check	Post Run actions/checkout@fbc6f3992d24b796d5a048ff273f7fcc4a7b6c09	2026-10-03T05:36:17.7559109Z [command]/usr/bin/git config --local --name-only --get-regexp core\.sshCommand
check	Post Run actions/checkout@fbc6f3992d24b796d5a048ff273f7fcc4a7b6c09	2026-10-03T05:36:17.7591274Z [command]/usr/bin/git submodule foreach --recursive sh -c "git config --local --name-only --get-regexp 'core\.sshCommand' && git config --local --unset-all 'core.sshCommand' || :"
check	Post Run actions/checkout@fbc6f3992d24b796d5a048ff273f7fcc4a7b6c09	2026-10-03T05:36:17.7810989Z [command]/usr/bin/git config --local --name-only --get-regexp http\.https\:\/\/github\.com\/\.extraheader
check	Post Run actions/checkout@fbc6f3992d24b796d5a048ff273f7fcc4a7b6c09	2026-10-03T05:36:17.7840872Z [command]/usr/bin/git submodule foreach --recursive sh -c "git config --local --name-only --get-regexp 'http\.https\:\/\/github\.com\/\.extraheader' && git config --local --unset-all 'http.https://github.com/.extraheader' || :"
check	Post Run actions/checkout@fbc6f3992d24b796d5a048ff273f7fcc4a7b6c09	2026-10-03T05:36:17.8105698Z [command]/usr/bin/git config --local --name-only --get-regexp ^includeIf\.gitdir:
check	Post Run actions/checkout@fbc6f3992d24b796d5a048ff273f7fcc4a7b6c09	2026-10-03T05:36:17.8144992Z [command]/usr/bin/git submodule foreach --recursive git config --local --show-origin --name-only --get-regexp remote.origin.url
check	Complete job	﻿2026-10-03T05:36:17.8581207Z Cleaning up orphan processes
