check	Set up job	﻿2026-10-03T05:35:41.5796421Z Current runner version: '2.337.0'
check	Set up job	2026-10-03T05:35:41.5827820Z ##[group]Runner Image Provisioner
check	Set up job	2026-10-03T05:35:41.5829633Z Hosted Compute Agent
check	Set up job	2026-10-03T05:35:41.5830737Z Version: 20260901.588
check	Set up job	2026-10-03T05:35:41.5831839Z Commit: f88ec8081b781fac6c440065ac7ff9e710ce3d0b
check	Set up job	2026-10-03T05:35:41.5833015Z Build Date: 2026-09-01T19:56:44Z
check	Set up job	2026-10-03T05:35:41.5834287Z Worker ID: {1504b4a1-ae42-4a11-baf0-ef885dc90cdc}
check	Set up job	2026-10-03T05:35:41.5835521Z Azure Region: eastus2
check	Set up job	2026-10-03T05:35:41.5836607Z ##[endgroup]
check	Set up job	2026-10-03T05:35:41.5839486Z ##[group]Operating System
check	Set up job	2026-10-03T05:35:41.5840574Z Ubuntu
check	Set up job	2026-10-03T05:35:41.5841685Z 24.04.5
check	Set up job	2026-10-03T05:35:41.5842590Z LTS
check	Set up job	2026-10-03T05:35:41.5843596Z ##[endgroup]
check	Set up job	2026-10-03T05:35:41.5844594Z ##[group]Runner Image
check	Set up job	2026-10-03T05:35:41.5845615Z Image: ubuntu-24.04
check	Set up job	2026-10-03T05:35:41.5846790Z Version: 20260927.320.1
check	Set up job	2026-10-03T05:35:41.5848948Z Included Software: https://github.com/actions/runner-images/blob/ubuntu24/20260927.320/images/ubuntu/Ubuntu2404-Readme.md
check	Set up job	2026-10-03T05:35:41.5852056Z Image Release: https://github.com/actions/runner-images/releases/tag/ubuntu24%2F20260927.320
check	Set up job	2026-10-03T05:35:41.5853855Z ##[endgroup]
check	Set up job	2026-10-03T05:35:41.5855968Z ##[group]GITHUB_TOKEN Permissions
check	Set up job	2026-10-03T05:35:41.5858960Z Contents: read
check	Set up job	2026-10-03T05:35:41.5860166Z Metadata: read
check	Set up job	2026-10-03T05:35:41.5861195Z ##[endgroup]
check	Set up job	2026-10-03T05:35:41.5864673Z Secret source: Actions
check	Set up job	2026-10-03T05:35:41.5866252Z Cache mode: write
check	Set up job	2026-10-03T05:35:41.5867660Z Prepare workflow directory
check	Set up job	2026-10-03T05:35:41.6334816Z Prepare all required actions
check	Set up job	2026-10-03T05:35:41.6405301Z Getting action download info
check	Set up job	2026-10-03T05:35:41.8591814Z Download action repository 'actions/checkout@fbc6f3992d24b796d5a048ff273f7fcc4a7b6c09' (SHA:fbc6f3992d24b796d5a048ff273f7fcc4a7b6c09)
check	Set up job	2026-10-03T05:35:41.9677525Z Download action repository 'actions/setup-python@ece7cb06caefa5fff74198d8649806c4678c61a1' (SHA:ece7cb06caefa5fff74198d8649806c4678c61a1)
check	Set up job	2026-10-03T05:35:42.1489934Z Complete job name: check
check	Run actions/checkout@fbc6f3992d24b796d5a048ff273f7fcc4a7b6c09	﻿2026-10-03T05:35:42.2246173Z ##[group]Run actions/checkout@fbc6f3992d24b796d5a048ff273f7fcc4a7b6c09
check	Run actions/checkout@fbc6f3992d24b796d5a048ff273f7fcc4a7b6c09	2026-10-03T05:35:42.2247450Z with:
check	Run actions/checkout@fbc6f3992d24b796d5a048ff273f7fcc4a7b6c09	2026-10-03T05:35:42.2248234Z   ref: 74e12763515f26e18c40693bf27c675f624d4316
check	Run actions/checkout@fbc6f3992d24b796d5a048ff273f7fcc4a7b6c09	2026-10-03T05:35:42.2248871Z   persist-credentials: false
check	Run actions/checkout@fbc6f3992d24b796d5a048ff273f7fcc4a7b6c09	2026-10-03T05:35:42.2249412Z   repository: geniusgrok/spotquant
check	Run actions/checkout@fbc6f3992d24b796d5a048ff273f7fcc4a7b6c09	2026-10-03T05:35:42.2253713Z   token: ***
check	Run actions/checkout@fbc6f3992d24b796d5a048ff273f7fcc4a7b6c09	2026-10-03T05:35:42.2254175Z   ssh-strict: true
check	Run actions/checkout@fbc6f3992d24b796d5a048ff273f7fcc4a7b6c09	2026-10-03T05:35:42.2254625Z   ssh-user: git
check	Run actions/checkout@fbc6f3992d24b796d5a048ff273f7fcc4a7b6c09	2026-10-03T05:35:42.2255050Z   clean: true
check	Run actions/checkout@fbc6f3992d24b796d5a048ff273f7fcc4a7b6c09	2026-10-03T05:35:42.2255494Z   sparse-checkout-cone-mode: true
check	Run actions/checkout@fbc6f3992d24b796d5a048ff273f7fcc4a7b6c09	2026-10-03T05:35:42.2256020Z   fetch-depth: 1
check	Run actions/checkout@fbc6f3992d24b796d5a048ff273f7fcc4a7b6c09	2026-10-03T05:35:42.2256456Z   fetch-tags: false
check	Run actions/checkout@fbc6f3992d24b796d5a048ff273f7fcc4a7b6c09	2026-10-03T05:35:42.2256907Z   show-progress: true
check	Run actions/checkout@fbc6f3992d24b796d5a048ff273f7fcc4a7b6c09	2026-10-03T05:35:42.2257362Z   lfs: false
check	Run actions/checkout@fbc6f3992d24b796d5a048ff273f7fcc4a7b6c09	2026-10-03T05:35:42.2257779Z   submodules: false
check	Run actions/checkout@fbc6f3992d24b796d5a048ff273f7fcc4a7b6c09	2026-10-03T05:35:42.2258387Z   set-safe-directory: true
check	Run actions/checkout@fbc6f3992d24b796d5a048ff273f7fcc4a7b6c09	2026-10-03T05:35:42.2258943Z   allow-unsafe-pr-checkout: false
check	Run actions/checkout@fbc6f3992d24b796d5a048ff273f7fcc4a7b6c09	2026-10-03T05:35:42.2259809Z ##[endgroup]
check	Run actions/checkout@fbc6f3992d24b796d5a048ff273f7fcc4a7b6c09	2026-10-03T05:35:42.3273226Z Syncing repository: geniusgrok/spotquant
check	Run actions/checkout@fbc6f3992d24b796d5a048ff273f7fcc4a7b6c09	2026-10-03T05:35:42.3275792Z ##[group]Getting Git version info
check	Run actions/checkout@fbc6f3992d24b796d5a048ff273f7fcc4a7b6c09	2026-10-03T05:35:42.3276972Z Working directory is '/home/runner/work/spotquant/spotquant'
check	Run actions/checkout@fbc6f3992d24b796d5a048ff273f7fcc4a7b6c09	2026-10-03T05:35:42.3278945Z [command]/usr/bin/git version
check	Run actions/checkout@fbc6f3992d24b796d5a048ff273f7fcc4a7b6c09	2026-10-03T05:35:42.3332477Z git version 2.55.0
check	Run actions/checkout@fbc6f3992d24b796d5a048ff273f7fcc4a7b6c09	2026-10-03T05:35:42.3353571Z ##[endgroup]
check	Run actions/checkout@fbc6f3992d24b796d5a048ff273f7fcc4a7b6c09	2026-10-03T05:35:42.3370551Z Temporarily overriding HOME='/home/runner/work/_temp/deb5d584-a4ed-4503-8397-a3a47d85e216' before making global git config changes
check	Run actions/checkout@fbc6f3992d24b796d5a048ff273f7fcc4a7b6c09	2026-10-03T05:35:42.3379193Z Adding repository directory to the temporary git global config as a safe directory
check	Run actions/checkout@fbc6f3992d24b796d5a048ff273f7fcc4a7b6c09	2026-10-03T05:35:42.3381191Z [command]/usr/bin/git config --global --add safe.directory /home/runner/work/spotquant/spotquant
check	Run actions/checkout@fbc6f3992d24b796d5a048ff273f7fcc4a7b6c09	2026-10-03T05:35:42.3433549Z Deleting the contents of '/home/runner/work/spotquant/spotquant'
check	Run actions/checkout@fbc6f3992d24b796d5a048ff273f7fcc4a7b6c09	2026-10-03T05:35:42.3437223Z ##[group]Initializing the repository
check	Run actions/checkout@fbc6f3992d24b796d5a048ff273f7fcc4a7b6c09	2026-10-03T05:35:42.3442993Z [command]/usr/bin/git init /home/runner/work/spotquant/spotquant
check	Run actions/checkout@fbc6f3992d24b796d5a048ff273f7fcc4a7b6c09	2026-10-03T05:35:42.3563707Z hint: Using 'master' as the name for the initial branch. This default branch name
check	Run actions/checkout@fbc6f3992d24b796d5a048ff273f7fcc4a7b6c09	2026-10-03T05:35:42.3565664Z hint: will change to "main" in Git 3.0. To configure the initial branch name
check	Run actions/checkout@fbc6f3992d24b796d5a048ff273f7fcc4a7b6c09	2026-10-03T05:35:42.3566995Z hint: to use in all of your new repositories, which will suppress this warning,
check	Run actions/checkout@fbc6f3992d24b796d5a048ff273f7fcc4a7b6c09	2026-10-03T05:35:42.3568741Z hint: call:
check	Run actions/checkout@fbc6f3992d24b796d5a048ff273f7fcc4a7b6c09	2026-10-03T05:35:42.3569634Z hint:
check	Run actions/checkout@fbc6f3992d24b796d5a048ff273f7fcc4a7b6c09	2026-10-03T05:35:42.3570964Z hint: 	git config --global init.defaultBranch <name>
check	Run actions/checkout@fbc6f3992d24b796d5a048ff273f7fcc4a7b6c09	2026-10-03T05:35:42.3572476Z hint:
check	Run actions/checkout@fbc6f3992d24b796d5a048ff273f7fcc4a7b6c09	2026-10-03T05:35:42.3573951Z hint: Names commonly chosen instead of 'master' are 'main', 'trunk' and
check	Run actions/checkout@fbc6f3992d24b796d5a048ff273f7fcc4a7b6c09	2026-10-03T05:35:42.3576081Z hint: 'development'. The just-created branch can be renamed via this command:
check	Run actions/checkout@fbc6f3992d24b796d5a048ff273f7fcc4a7b6c09	2026-10-03T05:35:42.3577659Z hint:
check	Run actions/checkout@fbc6f3992d24b796d5a048ff273f7fcc4a7b6c09	2026-10-03T05:35:42.3578952Z hint: 	git branch -m <name>
check	Run actions/checkout@fbc6f3992d24b796d5a048ff273f7fcc4a7b6c09	2026-10-03T05:35:42.3580492Z hint:
check	Run actions/checkout@fbc6f3992d24b796d5a048ff273f7fcc4a7b6c09	2026-10-03T05:35:42.3582216Z hint: Disable this message with "git config set advice.defaultBranchName false"
check	Run actions/checkout@fbc6f3992d24b796d5a048ff273f7fcc4a7b6c09	2026-10-03T05:35:42.3584376Z Initialized empty Git repository in /home/runner/work/spotquant/spotquant/.git/
check	Run actions/checkout@fbc6f3992d24b796d5a048ff273f7fcc4a7b6c09	2026-10-03T05:35:42.3587882Z [command]/usr/bin/git remote add origin https://github.com/geniusgrok/spotquant
check	Run actions/checkout@fbc6f3992d24b796d5a048ff273f7fcc4a7b6c09	2026-10-03T05:35:42.3638656Z ##[endgroup]
check	Run actions/checkout@fbc6f3992d24b796d5a048ff273f7fcc4a7b6c09	2026-10-03T05:35:42.3639961Z ##[group]Disabling automatic garbage collection
check	Run actions/checkout@fbc6f3992d24b796d5a048ff273f7fcc4a7b6c09	2026-10-03T05:35:42.3642478Z [command]/usr/bin/git config --local gc.auto 0
check	Run actions/checkout@fbc6f3992d24b796d5a048ff273f7fcc4a7b6c09	2026-10-03T05:35:42.3674973Z ##[endgroup]
check	Run actions/checkout@fbc6f3992d24b796d5a048ff273f7fcc4a7b6c09	2026-10-03T05:35:42.3676229Z ##[group]Setting up auth
check	Run actions/checkout@fbc6f3992d24b796d5a048ff273f7fcc4a7b6c09	2026-10-03T05:35:42.3681019Z [command]/usr/bin/git config --local --name-only --get-regexp core\.sshCommand
check	Run actions/checkout@fbc6f3992d24b796d5a048ff273f7fcc4a7b6c09	2026-10-03T05:35:42.3713904Z [command]/usr/bin/git submodule foreach --recursive sh -c "git config --local --name-only --get-regexp 'core\.sshCommand' && git config --local --unset-all 'core.sshCommand' || :"
check	Run actions/checkout@fbc6f3992d24b796d5a048ff273f7fcc4a7b6c09	2026-10-03T05:35:42.4105726Z [command]/usr/bin/git config --local --name-only --get-regexp http\.https\:\/\/github\.com\/\.extraheader
check	Run actions/checkout@fbc6f3992d24b796d5a048ff273f7fcc4a7b6c09	2026-10-03T05:35:42.4144612Z [command]/usr/bin/git submodule foreach --recursive sh -c "git config --local --name-only --get-regexp 'http\.https\:\/\/github\.com\/\.extraheader' && git config --local --unset-all 'http.https://github.com/.extraheader' || :"
check	Run actions/checkout@fbc6f3992d24b796d5a048ff273f7fcc4a7b6c09	2026-10-03T05:35:42.4374642Z [command]/usr/bin/git config --local --name-only --get-regexp ^includeIf\.gitdir:
check	Run actions/checkout@fbc6f3992d24b796d5a048ff273f7fcc4a7b6c09	2026-10-03T05:35:42.4411497Z [command]/usr/bin/git submodule foreach --recursive git config --local --show-origin --name-only --get-regexp remote.origin.url
check	Run actions/checkout@fbc6f3992d24b796d5a048ff273f7fcc4a7b6c09	2026-10-03T05:35:42.4634302Z [command]/usr/bin/git config --local http.https://github.com/.extraheader AUTHORIZATION: basic ***
check	Run actions/checkout@fbc6f3992d24b796d5a048ff273f7fcc4a7b6c09	2026-10-03T05:35:42.4676565Z ##[endgroup]
check	Run actions/checkout@fbc6f3992d24b796d5a048ff273f7fcc4a7b6c09	2026-10-03T05:35:42.4678203Z ##[group]Fetching the repository
check	Run actions/checkout@fbc6f3992d24b796d5a048ff273f7fcc4a7b6c09	2026-10-03T05:35:42.4688976Z [command]/usr/bin/git -c protocol.version=2 fetch --no-tags --prune --no-recurse-submodules --depth=1 origin 74e12763515f26e18c40693bf27c675f624d4316
check	Run actions/checkout@fbc6f3992d24b796d5a048ff273f7fcc4a7b6c09	2026-10-03T05:35:44.7540715Z From https://github.com/geniusgrok/spotquant
check	Run actions/checkout@fbc6f3992d24b796d5a048ff273f7fcc4a7b6c09	2026-10-03T05:35:44.7543183Z  * branch            74e12763515f26e18c40693bf27c675f624d4316 -> FETCH_HEAD
check	Run actions/checkout@fbc6f3992d24b796d5a048ff273f7fcc4a7b6c09	2026-10-03T05:35:44.7549723Z ##[endgroup]
check	Run actions/checkout@fbc6f3992d24b796d5a048ff273f7fcc4a7b6c09	2026-10-03T05:35:44.7551894Z ##[group]Determining the checkout info
check	Run actions/checkout@fbc6f3992d24b796d5a048ff273f7fcc4a7b6c09	2026-10-03T05:35:44.7554786Z ##[endgroup]
check	Run actions/checkout@fbc6f3992d24b796d5a048ff273f7fcc4a7b6c09	2026-10-03T05:35:44.7556358Z [command]/usr/bin/git sparse-checkout disable
check	Run actions/checkout@fbc6f3992d24b796d5a048ff273f7fcc4a7b6c09	2026-10-03T05:35:44.7612783Z [command]/usr/bin/git config --local --unset-all extensions.worktreeConfig
check	Run actions/checkout@fbc6f3992d24b796d5a048ff273f7fcc4a7b6c09	2026-10-03T05:35:44.7648677Z ##[group]Checking out the ref
check	Run actions/checkout@fbc6f3992d24b796d5a048ff273f7fcc4a7b6c09	2026-10-03T05:35:44.7652864Z [command]/usr/bin/git checkout --progress --force 74e12763515f26e18c40693bf27c675f624d4316
check	Run actions/checkout@fbc6f3992d24b796d5a048ff273f7fcc4a7b6c09	2026-10-03T05:35:45.6325210Z Note: switching to '74e12763515f26e18c40693bf27c675f624d4316'.
check	Run actions/checkout@fbc6f3992d24b796d5a048ff273f7fcc4a7b6c09	2026-10-03T05:35:45.6327121Z 
check	Run actions/checkout@fbc6f3992d24b796d5a048ff273f7fcc4a7b6c09	2026-10-03T05:35:45.6328256Z You are in 'detached HEAD' state. You can look around, make experimental
check	Run actions/checkout@fbc6f3992d24b796d5a048ff273f7fcc4a7b6c09	2026-10-03T05:35:45.6329562Z changes and commit them, and you can discard any commits you make in this
check	Run actions/checkout@fbc6f3992d24b796d5a048ff273f7fcc4a7b6c09	2026-10-03T05:35:45.6330696Z state without impacting any branches by switching back to a branch.
check	Run actions/checkout@fbc6f3992d24b796d5a048ff273f7fcc4a7b6c09	2026-10-03T05:35:45.6331274Z 
check	Run actions/checkout@fbc6f3992d24b796d5a048ff273f7fcc4a7b6c09	2026-10-03T05:35:45.6331991Z If you want to create a new branch to retain commits you create, you may
check	Run actions/checkout@fbc6f3992d24b796d5a048ff273f7fcc4a7b6c09	2026-10-03T05:35:45.6333081Z do so (now or later) by using -c with the switch command. Example:
check	Run actions/checkout@fbc6f3992d24b796d5a048ff273f7fcc4a7b6c09	2026-10-03T05:35:45.6334088Z 
check	Run actions/checkout@fbc6f3992d24b796d5a048ff273f7fcc4a7b6c09	2026-10-03T05:35:45.6334617Z   git switch -c <new-branch-name>
check	Run actions/checkout@fbc6f3992d24b796d5a048ff273f7fcc4a7b6c09	2026-10-03T05:35:45.6335297Z 
check	Run actions/checkout@fbc6f3992d24b796d5a048ff273f7fcc4a7b6c09	2026-10-03T05:35:45.6335692Z Or undo this operation with:
check	Run actions/checkout@fbc6f3992d24b796d5a048ff273f7fcc4a7b6c09	2026-10-03T05:35:45.6336038Z 
check	Run actions/checkout@fbc6f3992d24b796d5a048ff273f7fcc4a7b6c09	2026-10-03T05:35:45.6336230Z   git switch -
check	Run actions/checkout@fbc6f3992d24b796d5a048ff273f7fcc4a7b6c09	2026-10-03T05:35:45.6336497Z 
check	Run actions/checkout@fbc6f3992d24b796d5a048ff273f7fcc4a7b6c09	2026-10-03T05:35:45.6336914Z Turn off this advice by setting config variable advice.detachedHead to false
check	Run actions/checkout@fbc6f3992d24b796d5a048ff273f7fcc4a7b6c09	2026-10-03T05:35:45.6337272Z 
check	Run actions/checkout@fbc6f3992d24b796d5a048ff273f7fcc4a7b6c09	2026-10-03T05:35:45.6337650Z HEAD is now at 74e1276 Merge 74bd6e035e36531c517029077c1a9e2e5ec44516 into ffd14d3aa53b191d15bd8377f0809a8846c53232
check	Run actions/checkout@fbc6f3992d24b796d5a048ff273f7fcc4a7b6c09	2026-10-03T05:35:45.6356834Z ##[endgroup]
check	Run actions/checkout@fbc6f3992d24b796d5a048ff273f7fcc4a7b6c09	2026-10-03T05:35:45.6402576Z [command]/usr/bin/git log -1 --format=%H
check	Run actions/checkout@fbc6f3992d24b796d5a048ff273f7fcc4a7b6c09	2026-10-03T05:35:45.6428760Z 74e12763515f26e18c40693bf27c675f624d4316
check	Run actions/checkout@fbc6f3992d24b796d5a048ff273f7fcc4a7b6c09	2026-10-03T05:35:45.6437800Z ##[group]Removing auth
check	Run actions/checkout@fbc6f3992d24b796d5a048ff273f7fcc4a7b6c09	2026-10-03T05:35:45.6441650Z [command]/usr/bin/git config --local --name-only --get-regexp core\.sshCommand
check	Run actions/checkout@fbc6f3992d24b796d5a048ff273f7fcc4a7b6c09	2026-10-03T05:35:45.6474511Z [command]/usr/bin/git submodule foreach --recursive sh -c "git config --local --name-only --get-regexp 'core\.sshCommand' && git config --local --unset-all 'core.sshCommand' || :"
check	Run actions/checkout@fbc6f3992d24b796d5a048ff273f7fcc4a7b6c09	2026-10-03T05:35:45.6697317Z [command]/usr/bin/git config --local --name-only --get-regexp http\.https\:\/\/github\.com\/\.extraheader
check	Run actions/checkout@fbc6f3992d24b796d5a048ff273f7fcc4a7b6c09	2026-10-03T05:35:45.6727262Z http.https://github.com/.extraheader
check	Run actions/checkout@fbc6f3992d24b796d5a048ff273f7fcc4a7b6c09	2026-10-03T05:35:45.6734678Z [command]/usr/bin/git config --local --unset-all http.https://github.com/.extraheader
check	Run actions/checkout@fbc6f3992d24b796d5a048ff273f7fcc4a7b6c09	2026-10-03T05:35:45.6769211Z [command]/usr/bin/git submodule foreach --recursive sh -c "git config --local --name-only --get-regexp 'http\.https\:\/\/github\.com\/\.extraheader' && git config --local --unset-all 'http.https://github.com/.extraheader' || :"
check	Run actions/checkout@fbc6f3992d24b796d5a048ff273f7fcc4a7b6c09	2026-10-03T05:35:45.6988949Z [command]/usr/bin/git config --local --name-only --get-regexp ^includeIf\.gitdir:
check	Run actions/checkout@fbc6f3992d24b796d5a048ff273f7fcc4a7b6c09	2026-10-03T05:35:45.7020538Z [command]/usr/bin/git submodule foreach --recursive git config --local --show-origin --name-only --get-regexp remote.origin.url
check	Run actions/checkout@fbc6f3992d24b796d5a048ff273f7fcc4a7b6c09	2026-10-03T05:35:45.7240177Z ##[endgroup]
check	Run actions/setup-python@ece7cb06caefa5fff74198d8649806c4678c61a1	﻿2026-10-03T05:35:45.7499900Z ##[group]Run actions/setup-python@ece7cb06caefa5fff74198d8649806c4678c61a1
check	Run actions/setup-python@ece7cb06caefa5fff74198d8649806c4678c61a1	2026-10-03T05:35:45.7500424Z with:
check	Run actions/setup-python@ece7cb06caefa5fff74198d8649806c4678c61a1	2026-10-03T05:35:45.7500677Z   python-version: 3.13
check	Run actions/setup-python@ece7cb06caefa5fff74198d8649806c4678c61a1	2026-10-03T05:35:45.7500948Z   check-latest: false
check	Run actions/setup-python@ece7cb06caefa5fff74198d8649806c4678c61a1	2026-10-03T05:35:45.7503710Z   token: ***
check	Run actions/setup-python@ece7cb06caefa5fff74198d8649806c4678c61a1	2026-10-03T05:35:45.7503968Z   update-environment: true
check	Run actions/setup-python@ece7cb06caefa5fff74198d8649806c4678c61a1	2026-10-03T05:35:45.7504259Z   allow-prereleases: false
check	Run actions/setup-python@ece7cb06caefa5fff74198d8649806c4678c61a1	2026-10-03T05:35:45.7504535Z   freethreaded: false
check	Run actions/setup-python@ece7cb06caefa5fff74198d8649806c4678c61a1	2026-10-03T05:35:45.7504803Z ##[endgroup]
check	Run actions/setup-python@ece7cb06caefa5fff74198d8649806c4678c61a1	2026-10-03T05:35:45.8865562Z ##[group]Installed versions
check	Run actions/setup-python@ece7cb06caefa5fff74198d8649806c4678c61a1	2026-10-03T05:35:45.8960826Z Successfully set up CPython (3.13.15)
check	Run actions/setup-python@ece7cb06caefa5fff74198d8649806c4678c61a1	2026-10-03T05:35:45.8961774Z ##[endgroup]
check	Compile and run offline checks	﻿2026-10-03T05:35:45.9174947Z ##[group]Run python -m compileall -q spotquant research tests
check	Compile and run offline checks	2026-10-03T05:35:45.9175893Z [36;1mpython -m compileall -q spotquant research tests[0m
check	Compile and run offline checks	2026-10-03T05:35:45.9176598Z [36;1mpython -m unittest discover -s tests -v[0m
check	Compile and run offline checks	2026-10-03T05:35:45.9525254Z shell: /usr/bin/bash -e {0}
check	Compile and run offline checks	2026-10-03T05:35:45.9525696Z env:
check	Compile and run offline checks	2026-10-03T05:35:45.9526043Z   pythonLocation: /opt/hostedtoolcache/Python/3.13.15/x64
check	Compile and run offline checks	2026-10-03T05:35:45.9526616Z   PKG_CONFIG_PATH: /opt/hostedtoolcache/Python/3.13.15/x64/lib/pkgconfig
check	Compile and run offline checks	2026-10-03T05:35:45.9527113Z   Python_ROOT_DIR: /opt/hostedtoolcache/Python/3.13.15/x64
check	Compile and run offline checks	2026-10-03T05:35:45.9527579Z   Python2_ROOT_DIR: /opt/hostedtoolcache/Python/3.13.15/x64
check	Compile and run offline checks	2026-10-03T05:35:45.9528213Z   Python3_ROOT_DIR: /opt/hostedtoolcache/Python/3.13.15/x64
check	Compile and run offline checks	2026-10-03T05:35:45.9528664Z   LD_LIBRARY_PATH: /opt/hostedtoolcache/Python/3.13.15/x64/lib
check	Compile and run offline checks	2026-10-03T05:35:45.9529041Z ##[endgroup]
check	Compile and run offline checks	2026-10-03T05:35:48.0846559Z test_a_close_four_percent_under_the_fill_sells_the_next_open (test_account.AccountTests.test_a_close_four_percent_under_the_fill_sells_the_next_open) ... ok
check	Compile and run offline checks	2026-10-03T05:35:48.0850115Z test_a_cold_start_waits_for_a_fresh_cross_and_the_first_open_never_buys (test_account.AccountTests.test_a_cold_start_waits_for_a_fresh_cross_and_the_first_open_never_buys) ... ok
check	Compile and run offline checks	2026-10-03T05:35:48.0853163Z test_a_stop_due_on_the_bar_after_the_window_stays_visible (test_account.AccountTests.test_a_stop_due_on_the_bar_after_the_window_stays_visible) ... ok
check	Compile and run offline checks	2026-10-03T05:35:48.0856723Z test_conversion_haircut_is_applied_twice_on_an_idle_account (test_account.AccountTests.test_conversion_haircut_is_applied_twice_on_an_idle_account) ... ok
check	Compile and run offline checks	2026-10-03T05:35:48.0861215Z test_entry_is_delayed_until_the_next_open_and_trail_exits (test_account.AccountTests.test_entry_is_delayed_until_the_next_open_and_trail_exits) ... ok
check	Compile and run offline checks	2026-10-03T05:35:48.0867548Z test_one_sleeve_prints_the_single_account (test_account.AccountTests.test_one_sleeve_prints_the_single_account) ... ok
check	Compile and run offline checks	2026-10-03T05:35:48.0871206Z test_the_final_cny_mark_enters_the_drawdown (test_account.AccountTests.test_the_final_cny_mark_enters_the_drawdown) ... ok
check	Compile and run offline checks	2026-10-03T05:35:48.0877623Z test_two_sleeves_split_the_pool_and_exit_on_their_own_coins (test_account.AccountTests.test_two_sleeves_split_the_pool_and_exit_on_their_own_coins) ... ok
check	Compile and run offline checks	2026-10-03T05:35:48.0880384Z test_atr_counts_the_previous_close_gap_and_waits_for_fourteen_ranges (test_adoption_spot.AdoptionTests.test_atr_counts_the_previous_close_gap_and_waits_for_fourteen_ranges) ... ok
check	Compile and run offline checks	2026-10-03T05:35:48.5640310Z {"candidate": "atr-stop", "scenario": "base", "session": 0}
check	Compile and run offline checks	2026-10-03T05:35:48.6119984Z test_canonical_meter_never_installs_research_decisions (test_adoption_spot.AdoptionTests.test_canonical_meter_never_installs_research_decisions) ... /home/runner/work/spotquant/spotquant/spotquant/model.py:350: ResourceWarning: unclosed database in <sqlite3.Connection object at 0x7fea4c09f970>
check	Compile and run offline checks	2026-10-03T05:35:48.6122596Z   model.closes = deque((D(item) for item in body['closes']), maxlen=limit)
check	Compile and run offline checks	2026-10-03T05:35:48.6123783Z ResourceWarning: Enable tracemalloc to get the object allocation traceback
check	Compile and run offline checks	2026-10-03T05:35:48.6125244Z /home/runner/work/spotquant/spotquant/spotquant/model.py:350: ResourceWarning: unclosed database in <sqlite3.Connection object at 0x7fea4c09f880>
check	Compile and run offline checks	2026-10-03T05:35:48.6126730Z   model.closes = deque((D(item) for item in body['closes']), maxlen=limit)
check	Compile and run offline checks	2026-10-03T05:35:48.6127626Z ResourceWarning: Enable tracemalloc to get the object allocation traceback
check	Compile and run offline checks	2026-10-03T05:35:49.0187833Z /home/runner/work/spotquant/spotquant/spotquant/model.py:233: ResourceWarning: unclosed database in <sqlite3.Connection object at 0x7fea4c09fe20>
check	Compile and run offline checks	2026-10-03T05:35:49.0189393Z   self.true_ranges.append((open_time, max(high - low, abs(high - self.close), abs(low - self.close))))
check	Compile and run offline checks	2026-10-03T05:35:49.0190054Z ResourceWarning: Enable tracemalloc to get the object allocation traceback
check	Compile and run offline checks	2026-10-03T05:35:49.0190953Z /home/runner/work/spotquant/spotquant/spotquant/model.py:233: ResourceWarning: unclosed database in <sqlite3.Connection object at 0x7fea4c09ff10>
check	Compile and run offline checks	2026-10-03T05:35:49.0192406Z   self.true_ranges.append((open_time, max(high - low, abs(high - self.close), abs(low - self.close))))
check	Compile and run offline checks	2026-10-03T05:35:49.0193166Z ResourceWarning: Enable tracemalloc to get the object allocation traceback
check	Compile and run offline checks	2026-10-03T05:35:49.5888134Z ok
check	Compile and run offline checks	2026-10-03T05:35:49.5897240Z test_canonical_meter_rejects_surrounding_research_hook (test_adoption_spot.AdoptionTests.test_canonical_meter_rejects_surrounding_research_hook) ... ok
check	Compile and run offline checks	2026-10-03T05:35:49.5904196Z test_canonical_synthetic_account_matches_selected_research_all_six_groups (test_adoption_spot.AdoptionTests.test_canonical_synthetic_account_matches_selected_research_all_six_groups) ... /home/runner/work/spotquant/spotquant/research/session_account.py:13: ResourceWarning: unclosed database in <sqlite3.Connection object at 0x7fea4c09fe20>
check	Compile and run offline checks	2026-10-03T05:35:49.5907172Z   completed = [(t, h, l, c) for t, o, h, l, c, q in bars if t + DAY <= start]
check	Compile and run offline checks	2026-10-03T05:35:49.5908818Z ResourceWarning: Enable tracemalloc to get the object allocation traceback
check	Compile and run offline checks	2026-10-03T05:35:49.5910415Z /home/runner/work/spotquant/spotquant/research/session_account.py:13: ResourceWarning: unclosed database in <sqlite3.Connection object at 0x7fea4c09f880>
check	Compile and run offline checks	2026-10-03T05:35:49.5911889Z   completed = [(t, h, l, c) for t, o, h, l, c, q in bars if t + DAY <= start]
check	Compile and run offline checks	2026-10-03T05:35:49.5913342Z ResourceWarning: Enable tracemalloc to get the object allocation traceback
check	Compile and run offline checks	2026-10-03T05:35:50.0814488Z {"candidate": "atr-stop", "scenario": "base", "session": 0}
check	Compile and run offline checks	2026-10-03T05:35:50.0839442Z /home/runner/work/spotquant/spotquant/spotquant/model.py:350: ResourceWarning: unclosed database in <sqlite3.Connection object at 0x7fea4c09f790>
check	Compile and run offline checks	2026-10-03T05:35:50.0840253Z   model.closes = deque((D(item) for item in body['closes']), maxlen=limit)
check	Compile and run offline checks	2026-10-03T05:35:50.0840760Z ResourceWarning: Enable tracemalloc to get the object allocation traceback
check	Compile and run offline checks	2026-10-03T05:35:50.5461225Z /home/runner/work/spotquant/spotquant/spotquant/model.py:350: ResourceWarning: unclosed database in <sqlite3.Connection object at 0x7fea4c09ff10>
check	Compile and run offline checks	2026-10-03T05:35:50.5462689Z   model.closes = deque((D(item) for item in body['closes']), maxlen=limit)
check	Compile and run offline checks	2026-10-03T05:35:50.5463302Z ResourceWarning: Enable tracemalloc to get the object allocation traceback
check	Compile and run offline checks	2026-10-03T05:35:50.5464096Z /home/runner/work/spotquant/spotquant/spotquant/model.py:350: ResourceWarning: unclosed database in <sqlite3.Connection object at 0x7fea4c09f6a0>
check	Compile and run offline checks	2026-10-03T05:35:50.5464870Z   model.closes = deque((D(item) for item in body['closes']), maxlen=limit)
check	Compile and run offline checks	2026-10-03T05:35:50.5465367Z ResourceWarning: Enable tracemalloc to get the object allocation traceback
check	Compile and run offline checks	2026-10-03T05:35:51.1727219Z /home/runner/work/spotquant/spotquant/spotquant/model.py:233: ResourceWarning: unclosed database in <sqlite3.Connection object at 0x7fea4c09f970>
check	Compile and run offline checks	2026-10-03T05:35:51.1728953Z   self.true_ranges.append((open_time, max(high - low, abs(high - self.close), abs(low - self.close))))
check	Compile and run offline checks	2026-10-03T05:35:51.1729966Z ResourceWarning: Enable tracemalloc to get the object allocation traceback
check	Compile and run offline checks	2026-10-03T05:35:51.1730978Z /home/runner/work/spotquant/spotquant/spotquant/model.py:233: ResourceWarning: unclosed database in <sqlite3.Connection object at 0x7fea4c09f2e0>
check	Compile and run offline checks	2026-10-03T05:35:51.1731843Z   self.true_ranges.append((open_time, max(high - low, abs(high - self.close), abs(low - self.close))))
check	Compile and run offline checks	2026-10-03T05:35:51.1732464Z ResourceWarning: Enable tracemalloc to get the object allocation traceback
check	Compile and run offline checks	2026-10-03T05:35:51.5970696Z {"candidate": "atr-stop", "scenario": "base", "session": 0}
check	Compile and run offline checks	2026-10-03T05:35:51.6251451Z /home/runner/work/spotquant/spotquant/spotquant/model.py:350: ResourceWarning: unclosed database in <sqlite3.Connection object at 0x7fea4c09f4c0>
check	Compile and run offline checks	2026-10-03T05:35:51.6252703Z   model.closes = deque((D(item) for item in body['closes']), maxlen=limit)
check	Compile and run offline checks	2026-10-03T05:35:51.6253365Z ResourceWarning: Enable tracemalloc to get the object allocation traceback
check	Compile and run offline checks	2026-10-03T05:35:51.6254332Z /home/runner/work/spotquant/spotquant/spotquant/model.py:350: ResourceWarning: unclosed database in <sqlite3.Connection object at 0x7fea4c09fd30>
check	Compile and run offline checks	2026-10-03T05:35:51.6255572Z   model.closes = deque((D(item) for item in body['closes']), maxlen=limit)
check	Compile and run offline checks	2026-10-03T05:35:51.6256184Z ResourceWarning: Enable tracemalloc to get the object allocation traceback
check	Compile and run offline checks	2026-10-03T05:35:52.0231604Z /home/runner/work/spotquant/spotquant/spotquant/model.py:233: ResourceWarning: unclosed database in <sqlite3.Connection object at 0x7fea4c09fc40>
check	Compile and run offline checks	2026-10-03T05:35:52.0232688Z   self.true_ranges.append((open_time, max(high - low, abs(high - self.close), abs(low - self.close))))
check	Compile and run offline checks	2026-10-03T05:35:52.0233339Z ResourceWarning: Enable tracemalloc to get the object allocation traceback
check	Compile and run offline checks	2026-10-03T05:35:52.5857083Z ok
check	Compile and run offline checks	2026-10-03T05:35:52.6354592Z test_canonical_unscaled_and_file_calibrated_rows_enter_immutable99_consumer (test_adoption_spot.AdoptionTests.test_canonical_unscaled_and_file_calibrated_rows_enter_immutable99_consumer) ... /home/runner/work/spotquant/spotquant/spotquant/model.py:233: ResourceWarning: unclosed database in <sqlite3.Connection object at 0x7fea4c09f4c0>
check	Compile and run offline checks	2026-10-03T05:35:52.6357737Z   self.true_ranges.append((open_time, max(high - low, abs(high - self.close), abs(low - self.close))))
check	Compile and run offline checks	2026-10-03T05:35:52.6359108Z ResourceWarning: Enable tracemalloc to get the object allocation traceback
check	Compile and run offline checks	2026-10-03T05:35:52.6360666Z /home/runner/work/spotquant/spotquant/spotquant/model.py:233: ResourceWarning: unclosed database in <sqlite3.Connection object at 0x7fea4c09f790>
check	Compile and run offline checks	2026-10-03T05:35:52.6362675Z   self.true_ranges.append((open_time, max(high - low, abs(high - self.close), abs(low - self.close))))
check	Compile and run offline checks	2026-10-03T05:35:52.6363925Z ResourceWarning: Enable tracemalloc to get the object allocation traceback
check	Compile and run offline checks	2026-10-03T05:35:53.0639687Z {"candidate": "atr-stop", "scenario": "base", "session": 0}
check	Compile and run offline checks	2026-10-03T05:35:53.0930887Z /home/runner/work/spotquant/spotquant/spotquant/model.py:350: ResourceWarning: unclosed database in <sqlite3.Connection object at 0x7fea4c09f2e0>
check	Compile and run offline checks	2026-10-03T05:35:53.0932473Z   model.closes = deque((D(item) for item in body['closes']), maxlen=limit)
check	Compile and run offline checks	2026-10-03T05:35:53.0933589Z ResourceWarning: Enable tracemalloc to get the object allocation traceback
check	Compile and run offline checks	2026-10-03T05:35:53.0935111Z /home/runner/work/spotquant/spotquant/spotquant/model.py:350: ResourceWarning: unclosed database in <sqlite3.Connection object at 0x7fea4c09f5b0>
check	Compile and run offline checks	2026-10-03T05:35:53.0936607Z   model.closes = deque((D(item) for item in body['closes']), maxlen=limit)
check	Compile and run offline checks	2026-10-03T05:35:53.0937622Z ResourceWarning: Enable tracemalloc to get the object allocation traceback
check	Compile and run offline checks	2026-10-03T05:35:53.4926079Z /home/runner/work/spotquant/spotquant/spotquant/model.py:233: ResourceWarning: unclosed database in <sqlite3.Connection object at 0x7fea4c09fb50>
check	Compile and run offline checks	2026-10-03T05:35:53.4927805Z   self.true_ranges.append((open_time, max(high - low, abs(high - self.close), abs(low - self.close))))
check	Compile and run offline checks	2026-10-03T05:35:53.4929153Z ResourceWarning: Enable tracemalloc to get the object allocation traceback
check	Compile and run offline checks	2026-10-03T05:35:53.4930570Z /home/runner/work/spotquant/spotquant/spotquant/model.py:233: ResourceWarning: unclosed database in <sqlite3.Connection object at 0x7fea4c09fc40>
check	Compile and run offline checks	2026-10-03T05:35:53.4932126Z   self.true_ranges.append((open_time, max(high - low, abs(high - self.close), abs(low - self.close))))
check	Compile and run offline checks	2026-10-03T05:35:53.4933192Z ResourceWarning: Enable tracemalloc to get the object allocation traceback
check	Compile and run offline checks	2026-10-03T05:35:54.0867358Z /home/runner/work/spotquant/spotquant/spotquant/model.py:350: ResourceWarning: unclosed database in <sqlite3.Connection object at 0x7fea4c09ff10>
check	Compile and run offline checks	2026-10-03T05:35:54.0868336Z   model.closes = deque((D(item) for item in body['closes']), maxlen=limit)
check	Compile and run offline checks	2026-10-03T05:35:54.0868845Z ResourceWarning: Enable tracemalloc to get the object allocation traceback
check	Compile and run offline checks	2026-10-03T05:35:54.0869607Z /home/runner/work/spotquant/spotquant/spotquant/model.py:350: ResourceWarning: unclosed database in <sqlite3.Connection object at 0x7fea4c09f880>
check	Compile and run offline checks	2026-10-03T05:35:54.0870341Z   model.closes = deque((D(item) for item in body['closes']), maxlen=limit)
check	Compile and run offline checks	2026-10-03T05:35:54.0871045Z ResourceWarning: Enable tracemalloc to get the object allocation traceback
check	Compile and run offline checks	2026-10-03T05:35:54.4925112Z {"candidate": "atr-stop", "scenario": "base", "session": 0}
check	Compile and run offline checks	2026-10-03T05:35:54.5199379Z /home/runner/work/spotquant/spotquant/spotquant/model.py:350: ResourceWarning: unclosed database in <sqlite3.Connection object at 0x7fea4c09f2e0>
check	Compile and run offline checks	2026-10-03T05:35:54.5200892Z   model.closes = deque((D(item) for item in body['closes']), maxlen=limit)
check	Compile and run offline checks	2026-10-03T05:35:54.5201555Z ResourceWarning: Enable tracemalloc to get the object allocation traceback
check	Compile and run offline checks	2026-10-03T05:35:54.5202532Z /home/runner/work/spotquant/spotquant/spotquant/model.py:350: ResourceWarning: unclosed database in <sqlite3.Connection object at 0x7fea4c09fe20>
check	Compile and run offline checks	2026-10-03T05:35:54.5203482Z   model.closes = deque((D(item) for item in body['closes']), maxlen=limit)
check	Compile and run offline checks	2026-10-03T05:35:54.5204102Z ResourceWarning: Enable tracemalloc to get the object allocation traceback
check	Compile and run offline checks	2026-10-03T05:35:54.9186056Z /home/runner/work/spotquant/spotquant/spotquant/model.py:233: ResourceWarning: unclosed database in <sqlite3.Connection object at 0x7fea4c09fa60>
check	Compile and run offline checks	2026-10-03T05:35:54.9187071Z   self.true_ranges.append((open_time, max(high - low, abs(high - self.close), abs(low - self.close))))
check	Compile and run offline checks	2026-10-03T05:35:54.9187697Z ResourceWarning: Enable tracemalloc to get the object allocation traceback
check	Compile and run offline checks	2026-10-03T05:35:54.9188882Z /home/runner/work/spotquant/spotquant/spotquant/model.py:233: ResourceWarning: unclosed database in <sqlite3.Connection object at 0x7fea4c09fb50>
check	Compile and run offline checks	2026-10-03T05:35:54.9189966Z   self.true_ranges.append((open_time, max(high - low, abs(high - self.close), abs(low - self.close))))
check	Compile and run offline checks	2026-10-03T05:35:54.9190559Z ResourceWarning: Enable tracemalloc to get the object allocation traceback
check	Compile and run offline checks	2026-10-03T05:35:55.4855540Z ok
check	Compile and run offline checks	2026-10-03T05:35:55.4868337Z test_completed_atr_checkpoint_and_chronology (test_adoption_spot.AdoptionTests.test_completed_atr_checkpoint_and_chronology) ... ok
check	Compile and run offline checks	2026-10-03T05:35:55.5031446Z test_decision_floor_actual_peak_and_through_mark_exit (test_adoption_spot.AdoptionTests.test_decision_floor_actual_peak_and_through_mark_exit) ... ok
check	Compile and run offline checks	2026-10-03T05:35:55.5268177Z test_diagnostic_profile_cutoff_owned_sizes_and_rerun_binding (test_adoption_spot.AdoptionTests.test_diagnostic_profile_cutoff_owned_sizes_and_rerun_binding) ... ok
check	Compile and run offline checks	2026-10-03T05:35:55.6026769Z test_legacy_flat_held_and_pending_reject_before_recovery (test_adoption_spot.AdoptionTests.test_legacy_flat_held_and_pending_reject_before_recovery) ... ok
check	Compile and run offline checks	2026-10-03T05:35:55.7253830Z test_malformed_checkpoint_or_pending_payload_blocks_recovery (test_adoption_spot.AdoptionTests.test_malformed_checkpoint_or_pending_payload_blocks_recovery) ... /home/runner/work/spotquant/spotquant/spotquant/model.py:233: ResourceWarning: unclosed database in <sqlite3.Connection object at 0x7fea4c09f4c0>
check	Compile and run offline checks	2026-10-03T05:35:55.7255446Z   self.true_ranges.append((open_time, max(high - low, abs(high - self.close), abs(low - self.close))))
check	Compile and run offline checks	2026-10-03T05:35:55.7256058Z ResourceWarning: Enable tracemalloc to get the object allocation traceback
check	Compile and run offline checks	2026-10-03T05:35:55.7256883Z /home/runner/work/spotquant/spotquant/spotquant/model.py:233: ResourceWarning: unclosed database in <sqlite3.Connection object at 0x7fea4c09ff10>
check	Compile and run offline checks	2026-10-03T05:35:55.7257761Z   self.true_ranges.append((open_time, max(high - low, abs(high - self.close), abs(low - self.close))))
check	Compile and run offline checks	2026-10-03T05:35:55.7258745Z ResourceWarning: Enable tracemalloc to get the object allocation traceback
check	Compile and run offline checks	2026-10-03T05:35:55.7815902Z ok
check	Compile and run offline checks	2026-10-03T05:35:55.7976806Z test_native_floor_status_and_campaign_boundary (test_adoption_spot.AdoptionTests.test_native_floor_status_and_campaign_boundary) ... ok
check	Compile and run offline checks	2026-10-03T05:35:55.7993621Z test_actual_validation_bad_risk_is_never_labeled_matched_alpha (test_alpha_assessment.AssessmentTests.test_actual_validation_bad_risk_is_never_labeled_matched_alpha) ... ok
check	Compile and run offline checks	2026-10-03T05:35:55.9051534Z test_assessment_project_and_global_calibrations_keep_actual_raw_hashes (test_alpha_assessment.AssessmentTests.test_assessment_project_and_global_calibrations_keep_actual_raw_hashes) ... ok
check	Compile and run offline checks	2026-10-03T05:35:56.0759944Z test_canonical_financial_cash_path_is_retained_with_real_helpers (test_alpha_assessment.AssessmentTests.test_canonical_financial_cash_path_is_retained_with_real_helpers) ... ok
check	Compile and run offline checks	2026-10-03T05:35:56.0766138Z test_causal_sizes_are_actual_and_coin_trigger_gap_has_identity (test_alpha_assessment.AssessmentTests.test_causal_sizes_are_actual_and_coin_trigger_gap_has_identity) ... ok
check	Compile and run offline checks	2026-10-03T05:35:56.0780882Z test_cli_accepts_project_calibration_paths (test_alpha_assessment.AssessmentTests.test_cli_accepts_project_calibration_paths) ... ok
check	Compile and run offline checks	2026-10-03T05:35:56.0786188Z test_coin_fill_conflicting_client_or_campaign_relations_stay_unknown (test_alpha_assessment.AssessmentTests.test_coin_fill_conflicting_client_or_campaign_relations_stay_unknown) ... ok
check	Compile and run offline checks	2026-10-03T05:35:56.0793204Z test_coin_fill_links_preserve_partial_fills_repeated_unknown_writes_and_unknown_exits (test_alpha_assessment.AssessmentTests.test_coin_fill_links_preserve_partial_fills_repeated_unknown_writes_and_unknown_exits) ... ok
check	Compile and run offline checks	2026-10-03T05:35:56.0852276Z test_coin_nested_schema_and_own_hash_scheme_accepts_all20_rejects_mismatch (test_alpha_assessment.AssessmentTests.test_coin_nested_schema_and_own_hash_scheme_accepts_all20_rejects_mismatch) ... ok
check	Compile and run offline checks	2026-10-03T05:35:56.1189910Z test_coin_original_cagr_uses_registered_year_not_daily_normalization (test_alpha_assessment.AssessmentTests.test_coin_original_cagr_uses_registered_year_not_daily_normalization) ... ok
check	Compile and run offline checks	2026-10-03T05:35:56.1194463Z test_diagnostic_warmup_distinct_ids_future_tail_and_actual_fill (test_alpha_assessment.AssessmentTests.test_diagnostic_warmup_distinct_ids_future_tail_and_actual_fill) ... ok
check	Compile and run offline checks	2026-10-03T05:35:56.1256498Z test_exact_matrix_missing_extra_malformed_and_retained_incomplete (test_alpha_assessment.AssessmentTests.test_exact_matrix_missing_extra_malformed_and_retained_incomplete) ... ok
check	Compile and run offline checks	2026-10-03T05:35:56.1324134Z test_explicit_manifest_verifies_raw_hashes_and_rejects_duplicates (test_alpha_assessment.AssessmentTests.test_explicit_manifest_verifies_raw_hashes_and_rejects_duplicates) ... ok
check	Compile and run offline checks	2026-10-03T05:35:56.1379350Z test_final_rejected_inventory_closes_work_without_claiming_validity (test_alpha_assessment.AssessmentTests.test_final_rejected_inventory_closes_work_without_claiming_validity) ... ok
check	Compile and run offline checks	2026-10-03T05:35:56.4663112Z test_forward_assessor_only_equivalence_uses_committed_trees_and_full_analysis_identity (test_alpha_assessment.AssessmentTests.test_forward_assessor_only_equivalence_uses_committed_trees_and_full_analysis_identity) ... ok
check	Compile and run offline checks	2026-10-03T05:35:56.4715798Z test_forward_latest_only_atomic_integrity_future_and_source_mismatch (test_alpha_assessment.AssessmentTests.test_forward_latest_only_atomic_integrity_future_and_source_mismatch) ... ok
check	Compile and run offline checks	2026-10-03T05:35:56.4747672Z test_full_baseline_evidence_detects_money_ownership_actions_and_clocks (test_alpha_assessment.AssessmentTests.test_full_baseline_evidence_detects_money_ownership_actions_and_clocks) ... ok
check	Compile and run offline checks	2026-10-03T05:35:56.4763074Z test_invalid_base_keeps_all_ten_obligations_with_no_fabricated_profile (test_alpha_assessment.AssessmentTests.test_invalid_base_keeps_all_ten_obligations_with_no_fabricated_profile) ... ok
check	Compile and run offline checks	2026-10-03T05:35:56.4775936Z test_lossless_gzip_hashes_original_bytes_and_rejects_duplicate_keys (test_alpha_assessment.AssessmentTests.test_lossless_gzip_hashes_original_bytes_and_rejects_duplicate_keys) ... ok
check	Compile and run offline checks	2026-10-03T05:35:56.4784503Z test_original_read_completion_and_actual_write_deadlines_not_epsilon (test_alpha_assessment.AssessmentTests.test_original_read_completion_and_actual_write_deadlines_not_epsilon) ... ok
check	Compile and run offline checks	2026-10-03T05:35:56.4792980Z test_original_reference_is_pinned_before_any_source_or_comparison_work (test_alpha_assessment.AssessmentTests.test_original_reference_is_pinned_before_any_source_or_comparison_work) ... ok
check	Compile and run offline checks	2026-10-03T05:35:56.4836859Z test_outage_uses_actual_filtered_789_and_complete_requires_archive (test_alpha_assessment.AssessmentTests.test_outage_uses_actual_filtered_789_and_complete_requires_archive) ... ok
check	Compile and run offline checks	2026-10-03T05:35:56.5181247Z test_project_calibration_is_exact_complete_deterministic_subset (test_alpha_assessment.AssessmentTests.test_project_calibration_is_exact_complete_deterministic_subset) ... ok
check	Compile and run offline checks	2026-10-03T05:35:56.5185982Z test_reduced_mdd_cannot_hide_more_than_one_percent_cagr_loss (test_alpha_assessment.AssessmentTests.test_reduced_mdd_cannot_hide_more_than_one_percent_cagr_loss) ... ok
check	Compile and run offline checks	2026-10-03T05:35:56.5215667Z test_risk_requires_exact_file_hash_profile_and_bound_candidate (test_alpha_assessment.AssessmentTests.test_risk_requires_exact_file_hash_profile_and_bound_candidate) ... ok
check	Compile and run offline checks	2026-10-03T05:35:56.5222173Z test_selection_all_stresses_core_tie_slow_combo_pending_and_failed_fallback (test_alpha_assessment.AssessmentTests.test_selection_all_stresses_core_tie_slow_combo_pending_and_failed_fallback) ... ok
check	Compile and run offline checks	2026-10-03T05:35:56.5304636Z test_source_input_spec_protocol_candidate_capital_starts_fail_closed (test_alpha_assessment.AssessmentTests.test_source_input_spec_protocol_candidate_capital_starts_fail_closed) ... ok
check	Compile and run offline checks	2026-10-03T05:35:56.5326296Z test_training_only_scale_is_independent_of_future_values_and_self_unity (test_alpha_assessment.AssessmentTests.test_training_only_scale_is_independent_of_future_values_and_self_unity) ... ok
check	Compile and run offline checks	2026-10-03T05:35:56.5560422Z test_atr_partial_exit_remainder_retains_tightened_stop (test_alpha_spot.AlphaSpotTests.test_atr_partial_exit_remainder_retains_tightened_stop) ... ok
check	Compile and run offline checks	2026-10-03T05:35:56.5798230Z test_atr_stop_never_loosens_and_crossed_mark_uses_real_sell (test_alpha_spot.AlphaSpotTests.test_atr_stop_never_loosens_and_crossed_mark_uses_real_sell) ... ok
check	Compile and run offline checks	2026-10-03T05:35:56.6043702Z test_atr_uses_only_completed_ranges_and_close_variant_preserves_repair (test_alpha_spot.AlphaSpotTests.test_atr_uses_only_completed_ranges_and_close_variant_preserves_repair) ... ok
check	Compile and run offline checks	2026-10-03T05:35:56.6071181Z test_bundle_hashes_exact_registered_protocol_path (test_alpha_spot.AlphaSpotTests.test_bundle_hashes_exact_registered_protocol_path) ... ok
check	Compile and run offline checks	2026-10-03T05:35:56.6093041Z test_calibration_rejects_unbound_future_and_nonfinite_profiles (test_alpha_spot.AlphaSpotTests.test_calibration_rejects_unbound_future_and_nonfinite_profiles) ... ok
check	Compile and run offline checks	2026-10-03T05:35:56.6094504Z test_components_are_finite_and_core_modes_exclusive (test_alpha_spot.AlphaSpotTests.test_components_are_finite_and_core_modes_exclusive) ... ok
check	Compile and run offline checks	2026-10-03T05:35:56.6664244Z test_core_checkpoint_identity_rejects_even_flat_account_mismatch (test_alpha_spot.AlphaSpotTests.test_core_checkpoint_identity_rejects_even_flat_account_mismatch) ... ok
check	Compile and run offline checks	2026-10-03T05:35:56.6669852Z test_core_provenance_ignores_partial_exit_and_slow_waits_for_bull_signal (test_alpha_spot.AlphaSpotTests.test_core_provenance_ignores_partial_exit_and_slow_waits_for_bull_signal) ... ok
check	Compile and run offline checks	2026-10-03T05:35:56.6809931Z test_core_stop_renews_opportunity_and_restore_keeps_its_identity (test_alpha_spot.AlphaSpotTests.test_core_stop_renews_opportunity_and_restore_keeps_its_identity) ... /home/runner/work/spotquant/spotquant/spotquant/model.py:233: ResourceWarning: unclosed database in <sqlite3.Connection object at 0x7fea4bfcbf10>
check	Compile and run offline checks	2026-10-03T05:35:56.6811781Z   self.true_ranges.append((open_time, max(high - low, abs(high - self.close), abs(low - self.close))))
check	Compile and run offline checks	2026-10-03T05:35:56.6812545Z ResourceWarning: Enable tracemalloc to get the object allocation traceback
check	Compile and run offline checks	2026-10-03T05:35:56.7671247Z /opt/hostedtoolcache/Python/3.13.15/x64/lib/python3.13/json/encoder.py:254: ResourceWarning: unclosed database in <sqlite3.Connection object at 0x7fea4bfcbf10>
check	Compile and run offline checks	2026-10-03T05:35:56.7672200Z   _iterencode = c_make_encoder(
check	Compile and run offline checks	2026-10-03T05:35:56.7672669Z ResourceWarning: Enable tracemalloc to get the object allocation traceback
check	Compile and run offline checks	2026-10-03T05:35:56.8533237Z /home/runner/work/spotquant/spotquant/spotquant/model.py:350: ResourceWarning: unclosed database in <sqlite3.Connection object at 0x7fea4bfcbf10>
check	Compile and run offline checks	2026-10-03T05:35:56.8534037Z   model.closes = deque((D(item) for item in body['closes']), maxlen=limit)
check	Compile and run offline checks	2026-10-03T05:35:56.8534550Z ResourceWarning: Enable tracemalloc to get the object allocation traceback
check	Compile and run offline checks	2026-10-03T05:35:57.7551941Z ok
check	Compile and run offline checks	2026-10-03T05:35:57.7901458Z test_failed_follow_keeps_research_and_model_commit_atomic (test_alpha_spot.AlphaSpotTests.test_failed_follow_keeps_research_and_model_commit_atomic) ... ok
check	Compile and run offline checks	2026-10-03T05:35:57.7907189Z test_partial_fills_move_only_actual_money_and_unknown_intents_do_not_consume (test_alpha_spot.AlphaSpotTests.test_partial_fills_move_only_actual_money_and_unknown_intents_do_not_consume) ... ok
check	Compile and run offline checks	2026-10-03T05:35:57.8151271Z test_participation_adds_to_held_bulls_only_and_confirms_once (test_alpha_spot.AlphaSpotTests.test_participation_adds_to_held_bulls_only_and_confirms_once) ... ok
check	Compile and run offline checks	2026-10-03T05:35:57.8380867Z test_participation_never_arms_empty_second_bull (test_alpha_spot.AlphaSpotTests.test_participation_never_arms_empty_second_bull) ... ok
check	Compile and run offline checks	2026-10-03T05:35:57.9389579Z test_protection_peak_after_real_entry_excludes_prefill_high (test_alpha_spot.AlphaSpotTests.test_protection_peak_after_real_entry_excludes_prefill_high) ... /home/runner/work/spotquant/spotquant/spotquant/model.py:350: ResourceWarning: unclosed database in <sqlite3.Connection object at 0x7fea4bf454e0>
check	Compile and run offline checks	2026-10-03T05:35:57.9392086Z   model.closes = deque((D(item) for item in body['closes']), maxlen=limit)
check	Compile and run offline checks	2026-10-03T05:35:57.9393005Z ResourceWarning: Enable tracemalloc to get the object allocation traceback
check	Compile and run offline checks	2026-10-03T05:35:58.0194588Z /home/runner/work/spotquant/spotquant/spotquant/model.py:350: ResourceWarning: unclosed database in <sqlite3.Connection object at 0x7fea4bf45120>
check	Compile and run offline checks	2026-10-03T05:35:58.0196268Z   model.closes = deque((D(item) for item in body['closes']), maxlen=limit)
check	Compile and run offline checks	2026-10-03T05:35:58.0197168Z ResourceWarning: Enable tracemalloc to get the object allocation traceback
check	Compile and run offline checks	2026-10-03T05:35:58.1212768Z ok
check	Compile and run offline checks	2026-10-03T05:35:58.1455170Z test_real_core_stop_does_not_reenter_until_new_completed_day (test_alpha_spot.AlphaSpotTests.test_real_core_stop_does_not_reenter_until_new_completed_day) ... /home/runner/work/spotquant/spotquant/spotquant/model.py:233: ResourceWarning: unclosed database in <sqlite3.Connection object at 0x7fea4bf44400>
check	Compile and run offline checks	2026-10-03T05:35:58.1458128Z   self.true_ranges.append((open_time, max(high - low, abs(high - self.close), abs(low - self.close))))
check	Compile and run offline checks	2026-10-03T05:35:58.1459238Z ResourceWarning: Enable tracemalloc to get the object allocation traceback
check	Compile and run offline checks	2026-10-03T05:35:58.2994608Z /home/runner/work/spotquant/spotquant/spotquant/model.py:350: ResourceWarning: unclosed database in <sqlite3.Connection object at 0x7fea4bf445e0>
check	Compile and run offline checks	2026-10-03T05:35:58.2996066Z   model.closes = deque((D(item) for item in body['closes']), maxlen=limit)
check	Compile and run offline checks	2026-10-03T05:35:58.2996978Z ResourceWarning: Enable tracemalloc to get the object allocation traceback
check	Compile and run offline checks	2026-10-03T05:35:58.3712100Z /home/runner/work/spotquant/spotquant/spotquant/model.py:350: ResourceWarning: unclosed database in <sqlite3.Connection object at 0x7fea4bf449a0>
check	Compile and run offline checks	2026-10-03T05:35:58.3713544Z   model.closes = deque((D(item) for item in body['closes']), maxlen=limit)
check	Compile and run offline checks	2026-10-03T05:35:58.3714423Z ResourceWarning: Enable tracemalloc to get the object allocation traceback
check	Compile and run offline checks	2026-10-03T05:35:58.4509149Z ok
check	Compile and run offline checks	2026-10-03T05:35:58.4652837Z test_real_sessions_core_separate_fills_protection_and_cash (test_alpha_spot.AlphaSpotTests.test_real_sessions_core_separate_fills_protection_and_cash) ... /home/runner/work/spotquant/spotquant/spotquant/model.py:233: ResourceWarning: unclosed database in <sqlite3.Connection object at 0x7fea4bf45210>
check	Compile and run offline checks	2026-10-03T05:35:58.4655512Z   self.true_ranges.append((open_time, max(high - low, abs(high - self.close), abs(low - self.close))))
check	Compile and run offline checks	2026-10-03T05:35:58.4656611Z ResourceWarning: Enable tracemalloc to get the object allocation traceback
check	Compile and run offline checks	2026-10-03T05:35:58.5492119Z /home/runner/work/spotquant/spotquant/spotquant/model.py:350: ResourceWarning: unclosed database in <sqlite3.Connection object at 0x7fea4bf44e50>
check	Compile and run offline checks	2026-10-03T05:35:58.5492947Z   model.closes = deque((D(item) for item in body['closes']), maxlen=limit)
check	Compile and run offline checks	2026-10-03T05:35:58.5493456Z ResourceWarning: Enable tracemalloc to get the object allocation traceback
check	Compile and run offline checks	2026-10-03T05:35:58.6300467Z /home/runner/work/spotquant/spotquant/spotquant/model.py:350: ResourceWarning: unclosed database in <sqlite3.Connection object at 0x7fea4bf447c0>
check	Compile and run offline checks	2026-10-03T05:35:58.6301519Z   model.closes = deque((D(item) for item in body['closes']), maxlen=limit)
check	Compile and run offline checks	2026-10-03T05:35:58.6302036Z ResourceWarning: Enable tracemalloc to get the object allocation traceback
check	Compile and run offline checks	2026-10-03T05:35:58.7409170Z /home/runner/work/spotquant/spotquant/spotquant/model.py:233: ResourceWarning: unclosed database in <sqlite3.Connection object at 0x7fea4bf44310>
check	Compile and run offline checks	2026-10-03T05:35:58.7410165Z   self.true_ranges.append((open_time, max(high - low, abs(high - self.close), abs(low - self.close))))
check	Compile and run offline checks	2026-10-03T05:35:58.7410799Z ResourceWarning: Enable tracemalloc to get the object allocation traceback
check	Compile and run offline checks	2026-10-03T05:35:59.0195823Z ok
check	Compile and run offline checks	2026-10-03T05:35:59.0201703Z test_reentry_actual_exit_reclaim_two_closes_allowance_and_reset (test_alpha_spot.AlphaSpotTests.test_reentry_actual_exit_reclaim_two_closes_allowance_and_reset) ... ok
check	Compile and run offline checks	2026-10-03T05:35:59.0343134Z test_risk_scale_changes_only_new_buy_after_cutoff (test_alpha_spot.AlphaSpotTests.test_risk_scale_changes_only_new_buy_after_cutoff) ... /home/runner/work/spotquant/spotquant/spotquant/model.py:233: ResourceWarning: unclosed database in <sqlite3.Connection object at 0x7fea4c09fa60>
check	Compile and run offline checks	2026-10-03T05:35:59.0346044Z   self.true_ranges.append((open_time, max(high - low, abs(high - self.close), abs(low - self.close))))
check	Compile and run offline checks	2026-10-03T05:35:59.0347117Z ResourceWarning: Enable tracemalloc to get the object allocation traceback
check	Compile and run offline checks	2026-10-03T05:35:59.0440278Z ok
check	Compile and run offline checks	2026-10-03T05:35:59.0523715Z test_scoped_hooks_restore_after_exception_and_checkpoint_mode_mismatch (test_alpha_spot.AlphaSpotTests.test_scoped_hooks_restore_after_exception_and_checkpoint_mode_mismatch) ... ok
check	Compile and run offline checks	2026-10-03T05:35:59.0526360Z test_subpools_conserve_btc_usdt_fees_and_dust_without_transfers (test_alpha_spot.AlphaSpotTests.test_subpools_conserve_btc_usdt_fees_and_dust_without_transfers) ... ok
check	Compile and run offline checks	2026-10-03T05:35:59.4747234Z {"complete_accounts": 0, "accounts": 1}
check	Compile and run offline checks	2026-10-03T05:35:59.4748198Z {"candidate": "consensus", "scenario": "base", "session": 0}
check	Compile and run offline checks	2026-10-03T05:35:59.4852428Z test_three_real_session_noop_equal_to_current_consensus (test_alpha_spot.AlphaSpotTests.test_three_real_session_noop_equal_to_current_consensus) ... /home/runner/work/spotquant/spotquant/spotquant/model.py:373: ResourceWarning: unclosed database in <sqlite3.Connection object at 0x7fea4c09f970>
check	Compile and run offline checks	2026-10-03T05:35:59.4854662Z   if any(type(body[k]) is not bool for k in ('bull', 'enter', 'cap_enter')):
check	Compile and run offline checks	2026-10-03T05:35:59.4855187Z ResourceWarning: Enable tracemalloc to get the object allocation traceback
check	Compile and run offline checks	2026-10-03T05:35:59.4855993Z /home/runner/work/spotquant/spotquant/spotquant/model.py:373: ResourceWarning: unclosed database in <sqlite3.Connection object at 0x7fea4c09f2e0>
check	Compile and run offline checks	2026-10-03T05:35:59.4856775Z   if any(type(body[k]) is not bool for k in ('bull', 'enter', 'cap_enter')):
check	Compile and run offline checks	2026-10-03T05:35:59.4857287Z ResourceWarning: Enable tracemalloc to get the object allocation traceback
check	Compile and run offline checks	2026-10-03T05:35:59.8860415Z /home/runner/work/spotquant/spotquant/spotquant/model.py:233: ResourceWarning: unclosed database in <sqlite3.Connection object at 0x7fea4c09fe20>
check	Compile and run offline checks	2026-10-03T05:35:59.8862064Z   self.true_ranges.append((open_time, max(high - low, abs(high - self.close), abs(low - self.close))))
check	Compile and run offline checks	2026-10-03T05:35:59.8863159Z ResourceWarning: Enable tracemalloc to get the object allocation traceback
check	Compile and run offline checks	2026-10-03T05:35:59.8864597Z /home/runner/work/spotquant/spotquant/spotquant/model.py:233: ResourceWarning: unclosed database in <sqlite3.Connection object at 0x7fea4c09fc40>
check	Compile and run offline checks	2026-10-03T05:35:59.8866143Z   self.true_ranges.append((open_time, max(high - low, abs(high - self.close), abs(low - self.close))))
check	Compile and run offline checks	2026-10-03T05:35:59.8867217Z ResourceWarning: Enable tracemalloc to get the object allocation traceback
check	Compile and run offline checks	2026-10-03T05:36:00.4494032Z /home/runner/work/spotquant/spotquant/spotquant/model.py:233: ResourceWarning: unclosed database in <sqlite3.Connection object at 0x7fea4c09f790>
check	Compile and run offline checks	2026-10-03T05:36:00.4495400Z   self.true_ranges.append((open_time, max(high - low, abs(high - self.close), abs(low - self.close))))
check	Compile and run offline checks	2026-10-03T05:36:00.4496438Z ResourceWarning: Enable tracemalloc to get the object allocation traceback
check	Compile and run offline checks	2026-10-03T05:36:00.4497401Z /home/runner/work/spotquant/spotquant/spotquant/model.py:233: ResourceWarning: unclosed database in <sqlite3.Connection object at 0x7fea4c09fd30>
check	Compile and run offline checks	2026-10-03T05:36:00.4498967Z   self.true_ranges.append((open_time, max(high - low, abs(high - self.close), abs(low - self.close))))
check	Compile and run offline checks	2026-10-03T05:36:00.4499734Z ResourceWarning: Enable tracemalloc to get the object allocation traceback
check	Compile and run offline checks	2026-10-03T05:36:00.8504689Z {"candidate": "core0", "scenario": "base", "session": 0}
check	Compile and run offline checks	2026-10-03T05:36:00.8779249Z /home/runner/work/spotquant/spotquant/spotquant/model.py:350: ResourceWarning: unclosed database in <sqlite3.Connection object at 0x7fea4c09f970>
check	Compile and run offline checks	2026-10-03T05:36:00.8780683Z   model.closes = deque((D(item) for item in body['closes']), maxlen=limit)
check	Compile and run offline checks	2026-10-03T05:36:00.8781578Z ResourceWarning: Enable tracemalloc to get the object allocation traceback
check	Compile and run offline checks	2026-10-03T05:36:00.8783024Z /home/runner/work/spotquant/spotquant/spotquant/model.py:350: ResourceWarning: unclosed database in <sqlite3.Connection object at 0x7fea4c09f6a0>
check	Compile and run offline checks	2026-10-03T05:36:00.8784404Z   model.closes = deque((D(item) for item in body['closes']), maxlen=limit)
check	Compile and run offline checks	2026-10-03T05:36:00.8785325Z ResourceWarning: Enable tracemalloc to get the object allocation traceback
check	Compile and run offline checks	2026-10-03T05:36:01.2711766Z /home/runner/work/spotquant/spotquant/spotquant/model.py:233: ResourceWarning: unclosed database in <sqlite3.Connection object at 0x7fea4c09ff10>
check	Compile and run offline checks	2026-10-03T05:36:01.2713451Z   self.true_ranges.append((open_time, max(high - low, abs(high - self.close), abs(low - self.close))))
check	Compile and run offline checks	2026-10-03T05:36:01.2714550Z ResourceWarning: Enable tracemalloc to get the object allocation traceback
check	Compile and run offline checks	2026-10-03T05:36:01.8309846Z ok
check	Compile and run offline checks	2026-10-03T05:36:01.8317451Z test_preserves_source_and_money_rows_and_excludes_failed_original (test_assemble_spot.AssembleSpotTests.test_preserves_source_and_money_rows_and_excludes_failed_original) ... ok
check	Compile and run offline checks	2026-10-03T05:36:01.8337748Z test_rejects_wrong_bytes_missing_rerun_and_invalid_execution (test_assemble_spot.AssembleSpotTests.test_rejects_wrong_bytes_missing_rerun_and_invalid_execution) ... ok
check	Compile and run offline checks	2026-10-03T05:36:01.8339438Z test_better_return_with_worse_drawdown_does_not_dominate (test_baselines.BaselineTests.test_better_return_with_worse_drawdown_does_not_dominate) ... ok
check	Compile and run offline checks	2026-10-03T05:36:01.8341367Z test_initial_cash_is_conserved_across_partial_monthly_buy (test_baselines.BaselineTests.test_initial_cash_is_conserved_across_partial_monthly_buy) ... ok
check	Compile and run offline checks	2026-10-03T05:36:01.8345409Z test_a_missing_balance_list_is_not_an_empty_account (test_binance.BinanceTests.test_a_missing_balance_list_is_not_an_empty_account) ... ok
check	Compile and run offline checks	2026-10-03T05:36:01.8347419Z test_completed_daily_normalizes_and_stops_at_today (test_binance.BinanceTests.test_completed_daily_normalizes_and_stops_at_today) ... ok
check	Compile and run offline checks	2026-10-03T05:36:01.8349699Z test_completed_daily_rejects_a_gap_and_keeps_a_contiguous_page (test_binance.BinanceTests.test_completed_daily_rejects_a_gap_and_keeps_a_contiguous_page) ... ok
check	Compile and run offline checks	2026-10-03T05:36:01.8352120Z test_completed_daily_rejects_a_page_that_does_not_start_at_the_cursor (test_binance.BinanceTests.test_completed_daily_rejects_a_page_that_does_not_start_at_the_cursor) ... ok
check	Compile and run offline checks	2026-10-03T05:36:01.8354374Z test_completed_daily_rejects_a_short_page_before_today (test_binance.BinanceTests.test_completed_daily_rejects_a_short_page_before_today) ... ok
check	Compile and run offline checks	2026-10-03T05:36:01.8356767Z test_demo_host_and_no_order_method (test_binance.BinanceTests.test_demo_host_and_no_order_method) ... ok
check	Compile and run offline checks	2026-10-03T05:36:01.8358671Z test_missing_percent_band_blocks_before_the_account_call (test_binance.BinanceTests.test_missing_percent_band_blocks_before_the_account_call) ... ok
check	Compile and run offline checks	2026-10-03T05:36:01.8360787Z test_missing_spot_permission_blocks_before_the_account_call (test_binance.BinanceTests.test_missing_spot_permission_blocks_before_the_account_call) ... ok
check	Compile and run offline checks	2026-10-03T05:36:01.8362941Z test_missing_stop_loss_blocks_before_the_account_call (test_binance.BinanceTests.test_missing_stop_loss_blocks_before_the_account_call) ... ok
check	Compile and run offline checks	2026-10-03T05:36:01.8367270Z test_snapshot_signs_gets_and_checks_uid (test_binance.BinanceTests.test_snapshot_signs_gets_and_checks_uid) ... ok
check	Compile and run offline checks	2026-10-03T05:36:01.8380875Z test_execute_is_blocked_before_config_is_opened (test_cli.CliTests.test_execute_is_blocked_before_config_is_opened) ... ok
check	Compile and run offline checks	2026-10-03T05:36:01.8471551Z test_status_persists_a_failed_observation (test_cli.CliTests.test_status_persists_a_failed_observation) ... ok
check	Compile and run offline checks	2026-10-03T05:36:01.8480161Z test_baseline_joint_rejects_a_selected_budget_with_incumbent_endpoint (test_complete_assessment.CompleteAssessmentTests.test_baseline_joint_rejects_a_selected_budget_with_incumbent_endpoint) ... ok
check	Compile and run offline checks	2026-10-03T05:36:01.8482458Z test_beta_is_distinct_from_residual (test_complete_assessment.CompleteAssessmentTests.test_beta_is_distinct_from_residual) ... ok
check	Compile and run offline checks	2026-10-03T05:36:01.8490226Z test_currency_regressions_use_their_own_btc_returns (test_complete_assessment.CompleteAssessmentTests.test_currency_regressions_use_their_own_btc_returns) ... ok
check	Compile and run offline checks	2026-10-03T05:36:01.8492434Z test_drawdown_keeps_the_initial_budget_in_the_peak (test_complete_assessment.CompleteAssessmentTests.test_drawdown_keeps_the_initial_budget_in_the_peak) ... ok
check	Compile and run offline checks	2026-10-03T05:36:01.8494546Z test_incomplete_baseline_blocks_every_promotion (test_complete_assessment.CompleteAssessmentTests.test_incomplete_baseline_blocks_every_promotion) ... ok
check	Compile and run offline checks	2026-10-03T05:36:01.8496870Z test_one_good_base_cannot_hide_a_stress_regression (test_complete_assessment.CompleteAssessmentTests.test_one_good_base_cannot_hide_a_stress_regression) ... ok
check	Compile and run offline checks	2026-10-03T05:36:01.8507689Z test_selected_joint_requires_matching_actual_budgets_for_both_strategies (test_complete_assessment.CompleteAssessmentTests.test_selected_joint_requires_matching_actual_budgets_for_both_strategies) ... ok
check	Compile and run offline checks	2026-10-03T05:36:01.8517900Z test_rejects_unknown_and_empty_identity (test_config.ConfigTests.test_rejects_unknown_and_empty_identity) ... ok
check	Compile and run offline checks	2026-10-03T05:36:01.8673844Z test_added_capital_and_strategy_mix_are_rejected (test_delivery_exports.DeliveryExportTests.test_added_capital_and_strategy_mix_are_rejected) ... ok
check	Compile and run offline checks	2026-10-03T05:36:01.8810203Z test_complete_fixed_accounts_export_and_input_substitution_is_rejected (test_delivery_exports.DeliveryExportTests.test_complete_fixed_accounts_export_and_input_substitution_is_rejected) ... ok
check	Compile and run offline checks	2026-10-03T05:36:01.8862511Z test_empty_joint_cannot_be_exported_as_complete_delivery (test_delivery_exports.DeliveryExportTests.test_empty_joint_cannot_be_exported_as_complete_delivery) ... ok
check	Compile and run offline checks	2026-10-03T05:36:01.8951853Z test_missing_daily_mark_and_forged_terminal_are_rejected (test_delivery_exports.DeliveryExportTests.test_missing_daily_mark_and_forged_terminal_are_rejected) ... ok
check	Compile and run offline checks	2026-10-03T05:36:01.9092227Z test_backup_reopens_read_only_and_detects_tampering (test_durable_fills.DurableFillTests.test_backup_reopens_read_only_and_detects_tampering) ... ok
check	Compile and run offline checks	2026-10-03T05:36:01.9161005Z test_gap_and_reverse_clock_require_reconciliation (test_durable_fills.DurableFillTests.test_gap_and_reverse_clock_require_reconciliation) ... ok
check	Compile and run offline checks	2026-10-03T05:36:01.9244791Z test_manifest_source_tampering_is_bound_to_backup (test_durable_fills.DurableFillTests.test_manifest_source_tampering_is_bound_to_backup) ... ok
check	Compile and run offline checks	2026-10-03T05:36:01.9311867Z test_mutation_rolls_back_new_fills_and_watermark (test_durable_fills.DurableFillTests.test_mutation_rolls_back_new_fills_and_watermark) ... ok
check	Compile and run offline checks	2026-10-03T05:36:01.9393030Z test_overlap_keeps_late_same_time_id_and_avoids_epoch_query (test_durable_fills.DurableFillTests.test_overlap_keeps_late_same_time_id_and_avoids_epoch_query) ... ok
check	Compile and run offline checks	2026-10-03T05:36:01.9402011Z test_actual_budget_sum_exposure_conservation (test_edge_assessment.CapitalTests.test_actual_budget_sum_exposure_conservation) ... /home/runner/work/spotquant/spotquant/tests/test_edge_assessment.py:259: ResourceWarning: unclosed database in <sqlite3.Connection object at 0x7fea4c09fc40>
check	Compile and run offline checks	2026-10-03T05:36:01.9404497Z   values = [dict(day_ms=d, equity_cny=budget * .998001, equity_usdt=initial,
check	Compile and run offline checks	2026-10-03T05:36:01.9405389Z ResourceWarning: Enable tracemalloc to get the object allocation traceback
check	Compile and run offline checks	2026-10-03T05:36:01.9406797Z /home/runner/work/spotquant/spotquant/tests/test_edge_assessment.py:259: ResourceWarning: unclosed database in <sqlite3.Connection object at 0x7fea4c09fa60>
check	Compile and run offline checks	2026-10-03T05:36:01.9408427Z   values = [dict(day_ms=d, equity_cny=budget * .998001, equity_usdt=initial,
check	Compile and run offline checks	2026-10-03T05:36:01.9409340Z ResourceWarning: Enable tracemalloc to get the object allocation traceback
check	Compile and run offline checks	2026-10-03T05:36:01.9410774Z /home/runner/work/spotquant/spotquant/tests/test_edge_assessment.py:259: ResourceWarning: unclosed database in <sqlite3.Connection object at 0x7fea4bfc5120>
check	Compile and run offline checks	2026-10-03T05:36:01.9412167Z   values = [dict(day_ms=d, equity_cny=budget * .998001, equity_usdt=initial,
check	Compile and run offline checks	2026-10-03T05:36:01.9413003Z ResourceWarning: Enable tracemalloc to get the object allocation traceback
check	Compile and run offline checks	2026-10-03T05:36:01.9414443Z /home/runner/work/spotquant/spotquant/tests/test_edge_assessment.py:259: ResourceWarning: unclosed database in <sqlite3.Connection object at 0x7fea4bfc5210>
check	Compile and run offline checks	2026-10-03T05:36:01.9415818Z   values = [dict(day_ms=d, equity_cny=budget * .998001, equity_usdt=initial,
check	Compile and run offline checks	2026-10-03T05:36:01.9416694Z ResourceWarning: Enable tracemalloc to get the object allocation traceback
check	Compile and run offline checks	2026-10-03T05:36:01.9418617Z /home/runner/work/spotquant/spotquant/tests/test_edge_assessment.py:259: ResourceWarning: unclosed database in <sqlite3.Connection object at 0x7fea4bfc4130>
check	Compile and run offline checks	2026-10-03T05:36:01.9420011Z   values = [dict(day_ms=d, equity_cny=budget * .998001, equity_usdt=initial,
check	Compile and run offline checks	2026-10-03T05:36:01.9420860Z ResourceWarning: Enable tracemalloc to get the object allocation traceback
check	Compile and run offline checks	2026-10-03T05:36:01.9422297Z /home/runner/work/spotquant/spotquant/tests/test_edge_assessment.py:259: ResourceWarning: unclosed database in <sqlite3.Connection object at 0x7fea4bfc4040>
check	Compile and run offline checks	2026-10-03T05:36:01.9423678Z   values = [dict(day_ms=d, equity_cny=budget * .998001, equity_usdt=initial,
check	Compile and run offline checks	2026-10-03T05:36:01.9424550Z ResourceWarning: Enable tracemalloc to get the object allocation traceback
check	Compile and run offline checks	2026-10-03T05:36:01.9425963Z /home/runner/work/spotquant/spotquant/tests/test_edge_assessment.py:259: ResourceWarning: unclosed database in <sqlite3.Connection object at 0x7fea4bfc5300>
check	Compile and run offline checks	2026-10-03T05:36:01.9427297Z   values = [dict(day_ms=d, equity_cny=budget * .998001, equity_usdt=initial,
check	Compile and run offline checks	2026-10-03T05:36:01.9428313Z ResourceWarning: Enable tracemalloc to get the object allocation traceback
check	Compile and run offline checks	2026-10-03T05:36:02.0058498Z ok
check	Compile and run offline checks	2026-10-03T05:36:02.0188642Z test_wrong_capital_role_daily_alignment_and_curve_scaling_rejected (test_edge_assessment.CapitalTests.test_wrong_capital_role_daily_alignment_and_curve_scaling_rejected) ... ok
check	Compile and run offline checks	2026-10-03T05:36:02.0897024Z test_actual_profile_exact_document_binding (test_edge_assessment.EnvelopeAndPhaseTests.test_actual_profile_exact_document_binding) ... ok
check	Compile and run offline checks	2026-10-03T05:36:02.0909604Z test_consumed_official_bytes_checksum_and_derived_receipts (test_edge_assessment.EnvelopeAndPhaseTests.test_consumed_official_bytes_checksum_and_derived_receipts) ... ok
check	Compile and run offline checks	2026-10-03T05:36:02.0938493Z test_daily_cash_reconstruction_and_terminal_rejection (test_edge_assessment.EnvelopeAndPhaseTests.test_daily_cash_reconstruction_and_terminal_rejection) ... ok
check	Compile and run offline checks	2026-10-03T05:36:02.0969902Z test_duplicate_account_identity_rejected_across_distinct_files (test_edge_assessment.EnvelopeAndPhaseTests.test_duplicate_account_identity_rejected_across_distinct_files) ... ok
check	Compile and run offline checks	2026-10-03T05:36:02.0987858Z test_envelope_source_contract_inputs_and_partial_retention (test_edge_assessment.EnvelopeAndPhaseTests.test_envelope_source_contract_inputs_and_partial_retention) ... ok
check	Compile and run offline checks	2026-10-03T05:36:02.1007501Z test_preliminary_pending_and_final_fail_closed_without_inventory (test_edge_assessment.EnvelopeAndPhaseTests.test_preliminary_pending_and_final_fail_closed_without_inventory) ... ok
check	Compile and run offline checks	2026-10-03T05:36:02.1010374Z test_original_session_clocks_and_outage (test_edge_assessment.EqualityAndSourceTests.test_original_session_clocks_and_outage) ... ok
check	Compile and run offline checks	2026-10-03T05:36:02.1022905Z test_six_groups_and_operating_drift_and_original_annotations (test_edge_assessment.EqualityAndSourceTests.test_six_groups_and_operating_drift_and_original_annotations) ... ok
check	Compile and run offline checks	2026-10-03T05:36:02.1458953Z test_source_committed_tree_digest_contract_and_dirty (test_edge_assessment.EqualityAndSourceTests.test_source_committed_tree_digest_contract_and_dirty) ... ok
check	Compile and run offline checks	2026-10-03T05:36:13.8223282Z test_actual_calibrated_and_coin_strict_mdd_exact_boundaries (test_edge_assessment.FinancialReviewCoverageTests.test_actual_calibrated_and_coin_strict_mdd_exact_boundaries) ... ok
check	Compile and run offline checks	2026-10-03T05:36:16.1746917Z test_complete_roundtrip_and_correct_negative_candidates (test_edge_assessment.FinancialReviewCoverageTests.test_complete_roundtrip_and_correct_negative_candidates) ... ok
check	Compile and run offline checks	2026-10-03T05:36:16.2933140Z test_exact_gate_input_schema_finite_and_raw_binding (test_edge_assessment.FinancialReviewCoverageTests.test_exact_gate_input_schema_finite_and_raw_binding) ... ok
check	Compile and run offline checks	2026-10-03T05:36:24.7650446Z test_exact_negative_mdd_complete_proof_roundtrip (test_edge_assessment.FinancialReviewCoverageTests.test_exact_negative_mdd_complete_proof_roundtrip) ... ok
check	Compile and run offline checks	2026-10-03T05:36:54.8837870Z test_missing_each_category_duplicate_unknown_failed_and_wrong_raw (test_edge_assessment.FinancialReviewCoverageTests.test_missing_each_category_duplicate_unknown_failed_and_wrong_raw) ... ok
check	Compile and run offline checks	2026-10-03T05:37:00.0018388Z test_typed_finite_and_exact_evidence_binding (test_edge_assessment.FinancialReviewCoverageTests.test_typed_finite_and_exact_evidence_binding) ... ok
check	Compile and run offline checks	2026-10-03T05:37:00.0128193Z test_combo_all_eligible_order_ties_no_controls (test_edge_assessment.InventoryTests.test_combo_all_eligible_order_ties_no_controls) ... ok
check	Compile and run offline checks	2026-10-03T05:37:00.0132792Z test_full_matrix_includes_losing_singles_risk_controls_offsets_budgets (test_edge_assessment.InventoryTests.test_full_matrix_includes_losing_singles_risk_controls_offsets_budgets) ... ok
check	Compile and run offline checks	2026-10-03T05:37:00.0170649Z test_manifest_hash_nested_duplicate_and_original_envelope (test_edge_assessment.InventoryTests.test_manifest_hash_nested_duplicate_and_original_envelope) ... ok
check	Compile and run offline checks	2026-10-03T05:37:00.0185931Z test_strict_json_and_exclusive_outputs (test_edge_assessment.InventoryTests.test_strict_json_and_exclusive_outputs) ... ok
check	Compile and run offline checks	2026-10-03T05:37:00.0220564Z test_already_flat_but_unreflected_cash_change_rejected (test_edge_assessment.MissingDailyEvidenceTests.test_already_flat_but_unreflected_cash_change_rejected) ... ok
check	Compile and run offline checks	2026-10-03T05:37:00.0553223Z test_genuine_eventless_flat_carry_and_verified_intraday_flat (test_edge_assessment.MissingDailyEvidenceTests.test_genuine_eventless_flat_carry_and_verified_intraday_flat) ... ok
check	Compile and run offline checks	2026-10-03T05:37:00.0583565Z test_perp_midnight_funding_before_same_stamp_fill_preserved (test_edge_assessment.MissingDailyEvidenceTests.test_perp_midnight_funding_before_same_stamp_fill_preserved) ... ok
check	Compile and run offline checks	2026-10-03T05:37:00.0615671Z test_terminal_only_missing_held_day_rejected (test_edge_assessment.MissingDailyEvidenceTests.test_terminal_only_missing_held_day_rejected) ... ok
check	Compile and run offline checks	2026-10-03T05:37:00.0620878Z test_cash_identifiable_and_degenerate_market (test_edge_assessment.RiskAndGateTests.test_cash_identifiable_and_degenerate_market) ... ok
check	Compile and run offline checks	2026-10-03T05:37:00.0625026Z test_es99_ceil_and_sign (test_edge_assessment.RiskAndGateTests.test_es99_ceil_and_sign) ... ok
check	Compile and run offline checks	2026-10-03T05:37:00.0629131Z test_exact_adoption_equality_and_just_fail (test_edge_assessment.RiskAndGateTests.test_exact_adoption_equality_and_just_fail) ... ok
check	Compile and run offline checks	2026-10-03T05:37:00.0631793Z test_perp_strict_mdd_and_actual_risk_only_fallback (test_edge_assessment.RiskAndGateTests.test_perp_strict_mdd_and_actual_risk_only_fallback) ... ok
check	Compile and run offline checks	2026-10-03T05:37:00.1289078Z test_profile_schema_scale_raw_binding_and_unity (test_edge_assessment.RiskAndGateTests.test_profile_schema_scale_raw_binding_and_unity) ... ok
check	Compile and run offline checks	2026-10-03T05:37:00.4082170Z test_training_only_future_perturbation_exact_731_and_project_separation (test_edge_assessment.RiskAndGateTests.test_training_only_future_perturbation_exact_731_and_project_separation) ... ok
check	Compile and run offline checks	2026-10-03T05:37:00.4087868Z test_actual_stop_versus_sma_and_price_opportunity_is_not_profit (test_edge_attribution.AttributionTests.test_actual_stop_versus_sma_and_price_opportunity_is_not_profit) ... ok
check	Compile and run offline checks	2026-10-03T05:37:00.4091019Z test_decision_action_reason_and_error_preserve_later_summary_provenance (test_edge_attribution.AttributionTests.test_decision_action_reason_and_error_preserve_later_summary_provenance) ... ok
check	Compile and run offline checks	2026-10-03T05:37:00.4095589Z test_decision_constraint_summary_is_attributed_at_actual_later_sizing (test_edge_attribution.AttributionTests.test_decision_constraint_summary_is_attributed_at_actual_later_sizing) ... ok
check	Compile and run offline checks	2026-10-03T05:37:00.4102326Z test_extended_other_and_tampered_rich_fill (test_edge_attribution.AttributionTests.test_extended_other_and_tampered_rich_fill) ... ok
check	Compile and run offline checks	2026-10-03T05:37:00.4104796Z test_first_difference_and_later_equity_propagation_are_distinct (test_edge_attribution.AttributionTests.test_first_difference_and_later_equity_propagation_are_distinct) ... ok
check	Compile and run offline checks	2026-10-03T05:37:00.4120378Z test_hash_mismatch_duplicate_json_and_output_overwrite_fail_closed (test_edge_attribution.AttributionTests.test_hash_mismatch_duplicate_json_and_output_overwrite_fail_closed) ... ok
check	Compile and run offline checks	2026-10-03T05:37:00.4122843Z test_initialization_valuation_is_not_an_elapsed_flat_day (test_edge_attribution.AttributionTests.test_initialization_valuation_is_not_an_elapsed_flat_day) ... ok
check	Compile and run offline checks	2026-10-03T05:37:00.4126364Z test_macro_context_pairing_retains_distinct_actual_identities (test_edge_attribution.AttributionTests.test_macro_context_pairing_retains_distinct_actual_identities) ... ok
check	Compile and run offline checks	2026-10-03T05:37:00.4131114Z test_missing_fill_reason_or_owner_stays_unknown (test_edge_attribution.AttributionTests.test_missing_fill_reason_or_owner_stays_unknown) ... ok
check	Compile and run offline checks	2026-10-03T05:37:00.4133630Z test_mixed_observations_and_prior_equity_remain_unisolated (test_edge_attribution.AttributionTests.test_mixed_observations_and_prior_equity_remain_unisolated) ... ok
check	Compile and run offline checks	2026-10-03T05:37:00.4136119Z test_partial_sell_does_not_create_flat_campaign (test_edge_attribution.AttributionTests.test_partial_sell_does_not_create_flat_campaign) ... ok
check	Compile and run offline checks	2026-10-03T05:37:00.4138637Z test_post_execution_summary_cannot_precede_actual_cause (test_edge_attribution.AttributionTests.test_post_execution_summary_cannot_precede_actual_cause) ... ok
check	Compile and run offline checks	2026-10-03T05:37:00.4141331Z test_retained_dust_is_owned_and_not_exact_account_zero (test_edge_attribution.AttributionTests.test_retained_dust_is_owned_and_not_exact_account_zero) ... ok
check	Compile and run offline checks	2026-10-03T05:37:00.4144172Z test_same_opportunity_retains_raw_timing_numeric_and_rounding_differences (test_edge_attribution.AttributionTests.test_same_opportunity_retains_raw_timing_numeric_and_rounding_differences) ... ok
check	Compile and run offline checks	2026-10-03T05:37:00.4145430Z test_topup_exit_timeout_and_unavailable_event_categories (test_edge_attribution.AttributionTests.test_topup_exit_timeout_and_unavailable_event_categories) ... ok
check	Compile and run offline checks	2026-10-03T05:37:00.4146835Z test_unlinked_coin_fill_does_not_inherit_nearest_opportunity (test_edge_attribution.AttributionTests.test_unlinked_coin_fill_does_not_inherit_nearest_opportunity) ... ok
check	Compile and run offline checks	2026-10-03T05:37:00.4149974Z test_write_quantity_is_requested_size_with_unknown_upstream_cause (test_edge_attribution.AttributionTests.test_write_quantity_is_requested_size_with_unknown_upstream_cause) ... ok
check	Compile and run offline checks	2026-10-03T05:37:00.4155515Z test_changed_registered_raw_rejects_before_market_verification (test_edge_features.BuilderTests.test_changed_registered_raw_rejects_before_market_verification) ... ok
check	Compile and run offline checks	2026-10-03T05:37:00.4173301Z test_existing_output_rejects_before_build_and_keeps_bytes (test_edge_features.BuilderTests.test_existing_output_rejects_before_build_and_keeps_bytes) ... ok
check	Compile and run offline checks	2026-10-03T05:37:00.4184750Z test_invalid_transformed_data_rejects_before_output_creation (test_edge_features.BuilderTests.test_invalid_transformed_data_rejects_before_output_creation) ... ok
check	Compile and run offline checks	2026-10-03T05:37:00.4194871Z test_official_archive_requires_matching_companion_and_expected_hash (test_edge_features.BuilderTests.test_official_archive_requires_matching_companion_and_expected_hash) ... ok
check	Compile and run offline checks	2026-10-03T05:37:00.4222185Z test_validated_output_is_exclusive_and_reader_compatible (test_edge_features.BuilderTests.test_validated_output_is_exclusive_and_reader_compatible) ... ok
check	Compile and run offline checks	2026-10-03T05:37:00.4228448Z test_basis_before_at_and_current_utc_availability_date (test_edge_features.FeatureTests.test_basis_before_at_and_current_utc_availability_date) ... ok
check	Compile and run offline checks	2026-10-03T05:37:00.4245015Z test_coverage_is_recomputed_and_tracks_exact_jitter_gap (test_edge_features.FeatureTests.test_coverage_is_recomputed_and_tracks_exact_jitter_gap) ... ok
check	Compile and run offline checks	2026-10-03T05:37:00.4259132Z test_duplicate_json_keys_and_nonfinite_json_numbers_reject (test_edge_features.FeatureTests.test_duplicate_json_keys_and_nonfinite_json_numbers_reject) ... ok
check	Compile and run offline checks	2026-10-03T05:37:00.4264808Z test_empty_features_are_missing_never_zero (test_edge_features.FeatureTests.test_empty_features_are_missing_never_zero) ... ok
check	Compile and run offline checks	2026-10-03T05:37:00.4300771Z test_file_content_and_source_identity_checks (test_edge_features.FeatureTests.test_file_content_and_source_identity_checks) ... ok
check	Compile and run offline checks	2026-10-03T05:37:00.4307030Z test_frozen_window_blocks_valid_tail_and_before_window (test_edge_features.FeatureTests.test_frozen_window_blocks_valid_tail_and_before_window) ... ok
check	Compile and run offline checks	2026-10-03T05:37:00.4313302Z test_funding_before_at_and_exact_expiry_with_negative_rate (test_edge_features.FeatureTests.test_funding_before_at_and_exact_expiry_with_negative_rate) ... ok
check	Compile and run offline checks	2026-10-03T05:37:00.4325689Z test_future_tail_perturbation_cannot_change_prior_decisions (test_edge_features.FeatureTests.test_future_tail_perturbation_cannot_change_prior_decisions) ... ok
check	Compile and run offline checks	2026-10-03T05:37:00.4360534Z test_invalid_and_nonfinite_decimal_values (test_edge_features.FeatureTests.test_invalid_and_nonfinite_decimal_values) ... ok
check	Compile and run offline checks	2026-10-03T05:37:00.4379721Z test_invalid_container_shapes_reject (test_edge_features.FeatureTests.test_invalid_container_shapes_reject) ... ok
check	Compile and run offline checks	2026-10-03T05:37:00.4385735Z test_invalid_lookup_names_and_times_reject (test_edge_features.FeatureTests.test_invalid_lookup_names_and_times_reject) ... ok
check	Compile and run offline checks	2026-10-03T05:37:00.4462939Z test_invalid_time_lag_boundary_and_order_records (test_edge_features.FeatureTests.test_invalid_time_lag_boundary_and_order_records) ... ok
check	Compile and run offline checks	2026-10-03T05:37:00.4469325Z test_lookup_journal_binds_input_sources_and_missing_cause (test_edge_features.FeatureTests.test_lookup_journal_binds_input_sources_and_missing_cause) ... ok
check	Compile and run offline checks	2026-10-03T05:37:00.4475706Z test_missing_day_is_explicit_and_cannot_carry_yesterdays_basis (test_edge_features.FeatureTests.test_missing_day_is_explicit_and_cannot_carry_yesterdays_basis) ... ok
check	Compile and run offline checks	2026-10-03T05:37:00.4496712Z test_null_requires_cause_and_known_value_cannot_have_one (test_edge_features.FeatureTests.test_null_requires_cause_and_known_value_cannot_have_one) ... ok
check	Compile and run offline checks	2026-10-03T05:37:00.4501102Z test_registered_rules_are_finite_and_project_bound (test_edge_features.FeatureTests.test_registered_rules_are_finite_and_project_bound) ... ok
check	Compile and run offline checks	2026-10-03T05:37:00.4507099Z test_settlement_jitter_is_not_repaired_or_tolerated (test_edge_features.FeatureTests.test_settlement_jitter_is_not_repaired_or_tolerated) ... ok
check	Compile and run offline checks	2026-10-03T05:37:00.4542030Z test_actual_acquisition_stamps_retained_bytes_and_rejects_redirect (test_edge_forward.ForwardTests.test_actual_acquisition_stamps_retained_bytes_and_rejects_redirect) ... ok
check	Compile and run offline checks	2026-10-03T05:37:00.5813116Z test_atomic_failure_preserves_original_and_source_change_blocks (test_edge_forward.ForwardTests.test_atomic_failure_preserves_original_and_source_change_blocks) ... ok
check	Compile and run offline checks	2026-10-03T05:37:00.8045764Z test_backfill_duplicate_future_and_gap_rejections_leave_bytes_unchanged (test_edge_forward.ForwardTests.test_backfill_duplicate_future_and_gap_rejections_leave_bytes_unchanged) ... ok
check	Compile and run offline checks	2026-10-03T05:37:01.4399596Z test_bearish_ordinary_full_exit_restores_then_requires_fresh_cross (test_edge_forward.ForwardTests.test_bearish_ordinary_full_exit_restores_then_requires_fresh_cross) ... ok
check	Compile and run offline checks	2026-10-03T05:37:01.4402007Z test_coin_unplaceable_protection_rejects_model_size (test_edge_forward.ForwardTests.test_coin_unplaceable_protection_rejects_model_size) ... skipped 'perpetual protection preflight'
check	Compile and run offline checks	2026-10-03T05:37:01.7516875Z test_complete_public_print_path_models_protection_with_exact_source (test_edge_forward.ForwardTests.test_complete_public_print_path_models_protection_with_exact_source) ... ok
check	Compile and run offline checks	2026-10-03T05:37:02.2036478Z test_deferred_first_observation_is_only_warmup_then_native_fresh_cross (test_edge_forward.ForwardTests.test_deferred_first_observation_is_only_warmup_then_native_fresh_cross) ... ok
check	Compile and run offline checks	2026-10-03T05:37:02.2101108Z test_deferred_init_is_empty_source_bound_paper_cash (test_edge_forward.ForwardTests.test_deferred_init_is_empty_source_bound_paper_cash) ... ok
check	Compile and run offline checks	2026-10-03T05:37:02.2748643Z test_deferred_readiness_is_reconstructed_not_trusted (test_edge_forward.ForwardTests.test_deferred_readiness_is_reconstructed_not_trusted) ... ok
check	Compile and run offline checks	2026-10-03T05:37:02.3582732Z test_delayed_first_warmup_records_gap_without_past_decisions (test_edge_forward.ForwardTests.test_delayed_first_warmup_records_gap_without_past_decisions) ... ok
check	Compile and run offline checks	2026-10-03T05:37:02.8221067Z test_entry_day_prefill_wick_does_not_tighten_owned_stop (test_edge_forward.ForwardTests.test_entry_day_prefill_wick_does_not_tighten_owned_stop) ... ok
check	Compile and run offline checks	2026-10-03T05:37:02.8223370Z test_funding_sign_no_past_cashflows_and_missing_is_not_zero (test_edge_forward.ForwardTests.test_funding_sign_no_past_cashflows_and_missing_is_not_zero) ... skipped 'perpetual-only settlement accounting'
check	Compile and run offline checks	2026-10-03T05:37:02.8330770Z test_fx_bad_publication_identity_latest_value_and_gaps_reject (test_edge_forward.ForwardTests.test_fx_bad_publication_identity_latest_value_and_gaps_reject) ... ok
check	Compile and run offline checks	2026-10-03T05:37:02.8354277Z test_fx_correct_csv_endpoint_and_html_metadata_only (test_edge_forward.ForwardTests.test_fx_correct_csv_endpoint_and_html_metadata_only) ... ok
check	Compile and run offline checks	2026-10-03T05:37:02.8406035Z test_fx_nested_raw_clock_url_tamper_and_paired_actual_fetch (test_edge_forward.ForwardTests.test_fx_nested_raw_clock_url_tamper_and_paired_actual_fetch) ... ok
check	Compile and run offline checks	2026-10-03T05:37:02.8440763Z test_fx_publication_freshness_exact_week_and_prior_date_rule (test_edge_forward.ForwardTests.test_fx_publication_freshness_exact_week_and_prior_date_rule) ... ok
check	Compile and run offline checks	2026-10-03T05:37:02.9168705Z test_initialization_is_actual_cold_start_and_exclusive (test_edge_forward.ForwardTests.test_initialization_is_actual_cold_start_and_exclusive) ... ok
check	Compile and run offline checks	2026-10-03T05:37:03.0139539Z test_invalid_paired_fx_keeps_init_and_append_unchanged (test_edge_forward.ForwardTests.test_invalid_paired_fx_keeps_init_and_append_unchanged) ... ok
check	Compile and run offline checks	2026-10-03T05:37:03.0142051Z test_macro_bootstrap_flag_and_checkpoint_tamper_reject_immutably (test_edge_forward.ForwardTests.test_macro_bootstrap_flag_and_checkpoint_tamper_reject_immutably) ... skipped 'Coin strict source-bound bootstrap checkpoint'
check	Compile and run offline checks	2026-10-03T05:37:03.0145024Z test_macro_bootstrap_missing_then_preexisting_consumed_and_fresh_reeligible (test_edge_forward.ForwardTests.test_macro_bootstrap_missing_then_preexisting_consumed_and_fresh_reeligible) ... skipped 'Coin actual macro bootstrap completion'
check	Compile and run offline checks	2026-10-03T05:37:03.0148376Z test_macro_bootstrap_persists_on_missing_book_and_selection_failure_is_atomic (test_edge_forward.ForwardTests.test_macro_bootstrap_persists_on_missing_book_and_selection_failure_is_atomic) ... skipped 'Coin selection checkpoint before book safety'
check	Compile and run offline checks	2026-10-03T05:37:03.0151234Z test_macro_cap_binds_executable_entry_and_keeps_original_target (test_edge_forward.ForwardTests.test_macro_cap_binds_executable_entry_and_keeps_original_target) ... skipped 'Coin canonical macro stop budget'
check	Compile and run offline checks	2026-10-03T05:37:03.0153706Z test_macro_depth_and_minimum_limits_do_not_relabel_target (test_edge_forward.ForwardTests.test_macro_depth_and_minimum_limits_do_not_relabel_target) ... skipped 'Coin depth and minimum caps'
check	Compile and run offline checks	2026-10-03T05:37:03.0156156Z test_macro_volatility_target_uses_higher_mark_not_entry_price (test_edge_forward.ForwardTests.test_macro_volatility_target_uses_higher_mark_not_entry_price) ... skipped 'Coin macro entry-versus-mark geometry'
check	Compile and run offline checks	2026-10-03T05:37:03.1983046Z test_missing_executable_depth_blocks_new_risk (test_edge_forward.ForwardTests.test_missing_executable_depth_blocks_new_risk) ... ok
check	Compile and run offline checks	2026-10-03T05:37:03.6678368Z test_partial_ordinary_exit_and_later_passive_exit_restore (test_edge_forward.ForwardTests.test_partial_ordinary_exit_and_later_passive_exit_restore) ... ok
check	Compile and run offline checks	2026-10-03T05:37:03.7535158Z test_pending_bad_history_source_and_atomic_failure_preserve_bytes (test_edge_forward.ForwardTests.test_pending_bad_history_source_and_atomic_failure_preserve_bytes) ... ok
check	Compile and run offline checks	2026-10-03T05:37:03.7537901Z test_pending_macro_bootstrap_reconsumes_primary_until_successful_selection (test_edge_forward.ForwardTests.test_pending_macro_bootstrap_reconsumes_primary_until_successful_selection) ... skipped 'Coin native repeated primary cold bootstrap'
check	Compile and run offline checks	2026-10-03T05:37:03.7540988Z test_primary_target_unchanged_and_fee_margin_limited_fill (test_edge_forward.ForwardTests.test_primary_target_unchanged_and_fee_margin_limited_fill) ... skipped 'Coin target versus constrained fill'
check	Compile and run offline checks	2026-10-03T05:37:04.2183155Z test_prior_unresolved_span_blocks_later_local_passive_fill (test_edge_forward.ForwardTests.test_prior_unresolved_span_blocks_later_local_passive_fill) ... ok
check	Compile and run offline checks	2026-10-03T05:37:04.4730843Z test_proposal_modeled_fill_fee_net_conservation_and_checkpoint (test_edge_forward.ForwardTests.test_proposal_modeled_fill_fee_net_conservation_and_checkpoint) ... ok
check	Compile and run offline checks	2026-10-03T05:37:04.7839835Z test_protective_ohlc_is_unknown_not_a_fabricated_stop_fill (test_edge_forward.ForwardTests.test_protective_ohlc_is_unknown_not_a_fabricated_stop_fill) ... ok
check	Compile and run offline checks	2026-10-03T05:37:04.7842018Z test_raw_alfred_vintage_parsing_and_future_rejection (test_edge_forward.ForwardTests.test_raw_alfred_vintage_parsing_and_future_rejection) ... skipped 'ALFRED macro source'
check	Compile and run offline checks	2026-10-03T05:37:04.7863231Z test_receipt_url_future_boundary_and_raw_tamper (test_edge_forward.ForwardTests.test_receipt_url_future_boundary_and_raw_tamper) ... ok
check	Compile and run offline checks	2026-10-03T05:37:04.8390624Z test_recomputed_checkpoint_tamper_and_missing_raw_are_rejected (test_edge_forward.ForwardTests.test_recomputed_checkpoint_tamper_and_missing_raw_are_rejected) ... ok
check	Compile and run offline checks	2026-10-03T05:37:05.1096567Z test_size_minimum_rounding_depth_and_no_topup (test_edge_forward.ForwardTests.test_size_minimum_rounding_depth_and_no_topup) ... ok
check	Compile and run offline checks	2026-10-03T05:37:05.1127329Z test_stale_and_nonfinite_book_rejected (test_edge_forward.ForwardTests.test_stale_and_nonfinite_book_rejected) ... ok
check	Compile and run offline checks	2026-10-03T05:37:05.1145003Z test_strict_json_numbers_and_duplicate_keys (test_edge_forward.ForwardTests.test_strict_json_numbers_and_duplicate_keys) ... ok
check	Compile and run offline checks	2026-10-03T05:37:05.1820794Z test_archive_metadata_equivalence_actual_protected_byte_rejection (test_edge_forward.SourceAndExportTests.test_archive_metadata_equivalence_actual_protected_byte_rejection) ... ok
check	Compile and run offline checks	2026-10-03T05:37:05.2426153Z test_executable_configuration_and_protocol_are_protected (test_edge_forward.SourceAndExportTests.test_executable_configuration_and_protocol_are_protected) ... ok
check	Compile and run offline checks	2026-10-03T05:37:05.2791760Z test_frozen_proof_exact_categories_records_and_adapter (test_edge_forward.SourceAndExportTests.test_frozen_proof_exact_categories_records_and_adapter) ... ok
check	Compile and run offline checks	2026-10-03T05:37:05.9440213Z test_active_substep_partial_fill_does_not_authorize_a_topup (test_edge_spot.EdgeSpotTests.test_active_substep_partial_fill_does_not_authorize_a_topup) ... ok
check	Compile and run offline checks	2026-10-03T05:37:05.9481054Z test_calibration_all_profiles_strict_fields_kind_boundaries_duplicate (test_edge_spot.EdgeSpotTests.test_calibration_all_profiles_strict_fields_kind_boundaries_duplicate) ... ok
check	Compile and run offline checks	2026-10-03T05:37:05.9800280Z test_crowding_strict_actual_clock_momentum_and_missing_safety (test_edge_spot.EdgeSpotTests.test_crowding_strict_actual_clock_momentum_and_missing_safety) ... ok
check	Compile and run offline checks	2026-10-03T05:37:06.0226730Z test_exit_confirmation_preserves_bearish_vote_and_safety_priority (test_edge_spot.EdgeSpotTests.test_exit_confirmation_preserves_bearish_vote_and_safety_priority) ... ok
check	Compile and run offline checks	2026-10-03T05:37:06.0541213Z test_hooks_restored_on_decision_and_measurement_failure (test_edge_spot.EdgeSpotTests.test_hooks_restored_on_decision_and_measurement_failure) ... ok
check	Compile and run offline checks	2026-10-03T05:37:06.0593842Z test_previous_sma_uses_its_own_completed_window_and_equality_is_below (test_edge_spot.EdgeSpotTests.test_previous_sma_uses_its_own_completed_window_and_equality_is_below) ... ok
check	Compile and run offline checks	2026-10-03T05:37:06.5530907Z {"candidate": "cash", "scenario": "base", "session": 0}
check	Compile and run offline checks	2026-10-03T05:37:06.6393925Z test_real_cash_and_two_protected_controls_fees_stop_no_same_day_reentry (test_edge_spot.EdgeSpotTests.test_real_cash_and_two_protected_controls_fees_stop_no_same_day_reentry) ... /home/runner/work/spotquant/spotquant/spotquant/model.py:350: ResourceWarning: unclosed database in <sqlite3.Connection object at 0x7fea4bfc55d0>
check	Compile and run offline checks	2026-10-03T05:37:06.6395389Z   model.closes = deque((D(item) for item in body['closes']), maxlen=limit)
check	Compile and run offline checks	2026-10-03T05:37:06.6395908Z ResourceWarning: Enable tracemalloc to get the object allocation traceback
check	Compile and run offline checks	2026-10-03T05:37:06.6396693Z /home/runner/work/spotquant/spotquant/spotquant/model.py:350: ResourceWarning: unclosed database in <sqlite3.Connection object at 0x7fea4c09fc40>
check	Compile and run offline checks	2026-10-03T05:37:06.6397470Z   model.closes = deque((D(item) for item in body['closes']), maxlen=limit)
check	Compile and run offline checks	2026-10-03T05:37:06.6398269Z ResourceWarning: Enable tracemalloc to get the object allocation traceback
check	Compile and run offline checks	2026-10-03T05:37:07.0427473Z /home/runner/work/spotquant/spotquant/spotquant/model.py:213: ResourceWarning: unclosed database in <sqlite3.Connection object at 0x7fea4c09fc40>
check	Compile and run offline checks	2026-10-03T05:37:07.0428564Z   yday <= D(1) - self.cap_drop
check	Compile and run offline checks	2026-10-03T05:37:07.0428963Z ResourceWarning: Enable tracemalloc to get the object allocation traceback
check	Compile and run offline checks	2026-10-03T05:37:07.0429792Z /home/runner/work/spotquant/spotquant/spotquant/model.py:213: ResourceWarning: unclosed database in <sqlite3.Connection object at 0x7fea4bfc54e0>
check	Compile and run offline checks	2026-10-03T05:37:07.0430488Z   yday <= D(1) - self.cap_drop
check	Compile and run offline checks	2026-10-03T05:37:07.0430865Z ResourceWarning: Enable tracemalloc to get the object allocation traceback
check	Compile and run offline checks	2026-10-03T05:37:07.5800700Z /home/runner/work/spotquant/spotquant/spotquant/model.py:213: ResourceWarning: unclosed database in <sqlite3.Connection object at 0x7fea4bfc5a80>
check	Compile and run offline checks	2026-10-03T05:37:07.5801461Z   yday <= D(1) - self.cap_drop
check	Compile and run offline checks	2026-10-03T05:37:07.5801870Z ResourceWarning: Enable tracemalloc to get the object allocation traceback
check	Compile and run offline checks	2026-10-03T05:37:07.9887666Z /home/runner/work/spotquant/spotquant/spotquant/state.py:90: ResourceWarning: unclosed database in <sqlite3.Connection object at 0x7fea4c09fc40>
check	Compile and run offline checks	2026-10-03T05:37:07.9889480Z   row = self.db.execute('SELECT value FROM meta WHERE key=?', (key,)).fetchone()
check	Compile and run offline checks	2026-10-03T05:37:07.9890435Z ResourceWarning: Enable tracemalloc to get the object allocation traceback
check	Compile and run offline checks	2026-10-03T05:37:07.9891824Z /home/runner/work/spotquant/spotquant/spotquant/state.py:90: ResourceWarning: unclosed database in <sqlite3.Connection object at 0x7fea4bfc5b70>
check	Compile and run offline checks	2026-10-03T05:37:07.9893241Z   row = self.db.execute('SELECT value FROM meta WHERE key=?', (key,)).fetchone()
check	Compile and run offline checks	2026-10-03T05:37:07.9894169Z ResourceWarning: Enable tracemalloc to get the object allocation traceback
check	Compile and run offline checks	2026-10-03T05:37:08.4498307Z /home/runner/work/spotquant/spotquant/spotquant/types.py:46: ResourceWarning: unclosed database in <sqlite3.Connection object at 0x7fea4c09fc40>
check	Compile and run offline checks	2026-10-03T05:37:08.4499725Z   return {str(key): serial(item) for key, item in value.items()}
check	Compile and run offline checks	2026-10-03T05:37:08.4500756Z ResourceWarning: Enable tracemalloc to get the object allocation traceback
check	Compile and run offline checks	2026-10-03T05:37:08.4502134Z /home/runner/work/spotquant/spotquant/spotquant/types.py:46: ResourceWarning: unclosed database in <sqlite3.Connection object at 0x7fea4bfc57b0>
check	Compile and run offline checks	2026-10-03T05:37:08.4503449Z   return {str(key): serial(item) for key, item in value.items()}
check	Compile and run offline checks	2026-10-03T05:37:08.4504277Z ResourceWarning: Enable tracemalloc to get the object allocation traceback
check	Compile and run offline checks	2026-10-03T05:37:08.9334678Z {"candidate": "protected-participation-25", "scenario": "base", "session": 0}
check	Compile and run offline checks	2026-10-03T05:37:08.9526221Z /home/runner/work/spotquant/spotquant/spotquant/model.py:233: ResourceWarning: unclosed database in <sqlite3.Connection object at 0x7fea4bfc49a0>
check	Compile and run offline checks	2026-10-03T05:37:08.9527865Z   self.true_ranges.append((open_time, max(high - low, abs(high - self.close), abs(low - self.close))))
check	Compile and run offline checks	2026-10-03T05:37:08.9528885Z ResourceWarning: Enable tracemalloc to get the object allocation traceback
check	Compile and run offline checks	2026-10-03T05:37:08.9529868Z /home/runner/work/spotquant/spotquant/spotquant/model.py:233: ResourceWarning: unclosed database in <sqlite3.Connection object at 0x7fea4c09fc40>
check	Compile and run offline checks	2026-10-03T05:37:08.9530940Z   self.true_ranges.append((open_time, max(high - low, abs(high - self.close), abs(low - self.close))))
check	Compile and run offline checks	2026-10-03T05:37:08.9531667Z ResourceWarning: Enable tracemalloc to get the object allocation traceback
check	Compile and run offline checks	2026-10-03T05:37:09.5540367Z /home/runner/work/spotquant/spotquant/spotquant/model.py:350: ResourceWarning: unclosed database in <sqlite3.Connection object at 0x7fea4c09fc40>
check	Compile and run offline checks	2026-10-03T05:37:09.5541758Z   model.closes = deque((D(item) for item in body['closes']), maxlen=limit)
check	Compile and run offline checks	2026-10-03T05:37:09.5542635Z ResourceWarning: Enable tracemalloc to get the object allocation traceback
check	Compile and run offline checks	2026-10-03T05:37:09.5543961Z /home/runner/work/spotquant/spotquant/spotquant/model.py:350: ResourceWarning: unclosed database in <sqlite3.Connection object at 0x7fea4bfc5210>
check	Compile and run offline checks	2026-10-03T05:37:09.5545245Z   model.closes = deque((D(item) for item in body['closes']), maxlen=limit)
check	Compile and run offline checks	2026-10-03T05:37:09.5546311Z ResourceWarning: Enable tracemalloc to get the object allocation traceback
check	Compile and run offline checks	2026-10-03T05:37:10.1593757Z /home/runner/work/spotquant/spotquant/spotquant/model.py:350: ResourceWarning: unclosed database in <sqlite3.Connection object at 0x7fea4bfc5120>
check	Compile and run offline checks	2026-10-03T05:37:10.1595264Z   model.closes = deque((D(item) for item in body['closes']), maxlen=limit)
check	Compile and run offline checks	2026-10-03T05:37:10.1596174Z ResourceWarning: Enable tracemalloc to get the object allocation traceback
check	Compile and run offline checks	2026-10-03T05:37:10.7720380Z /home/runner/work/spotquant/spotquant/spotquant/model.py:350: ResourceWarning: unclosed database in <sqlite3.Connection object at 0x7fea4c10f4c0>
check	Compile and run offline checks	2026-10-03T05:37:10.7721908Z   model.closes = deque((D(item) for item in body['closes']), maxlen=limit)
check	Compile and run offline checks	2026-10-03T05:37:10.7722816Z ResourceWarning: Enable tracemalloc to get the object allocation traceback
check	Compile and run offline checks	2026-10-03T05:37:10.7724222Z /home/runner/work/spotquant/spotquant/spotquant/model.py:350: ResourceWarning: unclosed database in <sqlite3.Connection object at 0x7fea4c10e980>
check	Compile and run offline checks	2026-10-03T05:37:10.7725575Z   model.closes = deque((D(item) for item in body['closes']), maxlen=limit)
check	Compile and run offline checks	2026-10-03T05:37:10.7726451Z ResourceWarning: Enable tracemalloc to get the object allocation traceback
check	Compile and run offline checks	2026-10-03T05:37:11.4029794Z /home/runner/work/spotquant/spotquant/spotquant/types.py:46: ResourceWarning: unclosed database in <sqlite3.Connection object at 0x7fea4c10f4c0>
check	Compile and run offline checks	2026-10-03T05:37:11.4031445Z   return {str(key): serial(item) for key, item in value.items()}
check	Compile and run offline checks	2026-10-03T05:37:11.4032069Z ResourceWarning: Enable tracemalloc to get the object allocation traceback
check	Compile and run offline checks	2026-10-03T05:37:11.4033041Z /home/runner/work/spotquant/spotquant/spotquant/types.py:46: ResourceWarning: unclosed database in <sqlite3.Connection object at 0x7fea4c10e980>
check	Compile and run offline checks	2026-10-03T05:37:11.4033987Z   return {str(key): serial(item) for key, item in value.items()}
check	Compile and run offline checks	2026-10-03T05:37:11.4034566Z ResourceWarning: Enable tracemalloc to get the object allocation traceback
check	Compile and run offline checks	2026-10-03T05:37:11.8870360Z {"candidate": "protected-participation-100", "scenario": "base", "session": 0}
check	Compile and run offline checks	2026-10-03T05:37:11.9042805Z /home/runner/work/spotquant/spotquant/spotquant/model.py:233: ResourceWarning: unclosed database in <sqlite3.Connection object at 0x7fea4c37f790>
check	Compile and run offline checks	2026-10-03T05:37:11.9044335Z   self.true_ranges.append((open_time, max(high - low, abs(high - self.close), abs(low - self.close))))
check	Compile and run offline checks	2026-10-03T05:37:11.9045378Z ResourceWarning: Enable tracemalloc to get the object allocation traceback
check	Compile and run offline checks	2026-10-03T05:37:11.9046732Z /home/runner/work/spotquant/spotquant/spotquant/model.py:233: ResourceWarning: unclosed database in <sqlite3.Connection object at 0x7fea4c10e980>
check	Compile and run offline checks	2026-10-03T05:37:11.9048727Z   self.true_ranges.append((open_time, max(high - low, abs(high - self.close), abs(low - self.close))))
check	Compile and run offline checks	2026-10-03T05:37:11.9049596Z ResourceWarning: Enable tracemalloc to get the object allocation traceback
check	Compile and run offline checks	2026-10-03T05:37:12.5185625Z /home/runner/work/spotquant/spotquant/spotquant/model.py:350: ResourceWarning: unclosed database in <sqlite3.Connection object at 0x7fea4c37f790>
check	Compile and run offline checks	2026-10-03T05:37:12.5186551Z   model.closes = deque((D(item) for item in body['closes']), maxlen=limit)
check	Compile and run offline checks	2026-10-03T05:37:12.5187089Z ResourceWarning: Enable tracemalloc to get the object allocation traceback
check	Compile and run offline checks	2026-10-03T05:37:12.5187881Z /home/runner/work/spotquant/spotquant/spotquant/model.py:350: ResourceWarning: unclosed database in <sqlite3.Connection object at 0x7fea4c09f4c0>
check	Compile and run offline checks	2026-10-03T05:37:12.5188889Z   model.closes = deque((D(item) for item in body['closes']), maxlen=limit)
check	Compile and run offline checks	2026-10-03T05:37:12.5189392Z ResourceWarning: Enable tracemalloc to get the object allocation traceback
check	Compile and run offline checks	2026-10-03T05:37:13.1239347Z /home/runner/work/spotquant/spotquant/spotquant/model.py:350: ResourceWarning: unclosed database in <sqlite3.Connection object at 0x7fea4c10f4c0>
check	Compile and run offline checks	2026-10-03T05:37:13.1240840Z   model.closes = deque((D(item) for item in body['closes']), maxlen=limit)
check	Compile and run offline checks	2026-10-03T05:37:13.1241747Z ResourceWarning: Enable tracemalloc to get the object allocation traceback
check	Compile and run offline checks	2026-10-03T05:37:13.7222620Z /home/runner/work/spotquant/spotquant/spotquant/model.py:350: ResourceWarning: unclosed database in <sqlite3.Connection object at 0x7fea4c10e980>
check	Compile and run offline checks	2026-10-03T05:37:13.7223504Z   model.closes = deque((D(item) for item in body['closes']), maxlen=limit)
check	Compile and run offline checks	2026-10-03T05:37:13.7224127Z ResourceWarning: Enable tracemalloc to get the object allocation traceback
check	Compile and run offline checks	2026-10-03T05:37:14.3589616Z /home/runner/work/spotquant/spotquant/spotquant/types.py:46: ResourceWarning: unclosed database in <sqlite3.Connection object at 0x7fea4c37f790>
check	Compile and run offline checks	2026-10-03T05:37:14.3590673Z   return {str(key): serial(item) for key, item in value.items()}
check	Compile and run offline checks	2026-10-03T05:37:14.3591321Z ResourceWarning: Enable tracemalloc to get the object allocation traceback
check	Compile and run offline checks	2026-10-03T05:37:14.3592284Z /home/runner/work/spotquant/spotquant/spotquant/types.py:46: ResourceWarning: unclosed database in <sqlite3.Connection object at 0x7fea4c09fc40>
check	Compile and run offline checks	2026-10-03T05:37:14.3593174Z   return {str(key): serial(item) for key, item in value.items()}
check	Compile and run offline checks	2026-10-03T05:37:14.3593762Z ResourceWarning: Enable tracemalloc to get the object allocation traceback
check	Compile and run offline checks	2026-10-03T05:37:14.3606613Z ok
check	Compile and run offline checks	2026-10-03T05:37:14.4212315Z test_registered_components_and_minimum_rounding (test_edge_spot.EdgeSpotTests.test_registered_components_and_minimum_rounding) ... ok
check	Compile and run offline checks	2026-10-03T05:37:14.5436628Z test_risk_cutoff_and_held_protections_untouched (test_edge_spot.EdgeSpotTests.test_risk_cutoff_and_held_protections_untouched) ... ok
check	Compile and run offline checks	2026-10-03T05:37:14.7049021Z test_state_rule_checkpoint_profile_reject_before_recover_spy (test_edge_spot.EdgeSpotTests.test_state_rule_checkpoint_profile_reject_before_recover_spy) ... ok
check	Compile and run offline checks	2026-10-03T05:37:14.7657040Z test_stop_budget_caps_original_proposal_accounts_fees_and_blocks_missing (test_edge_spot.EdgeSpotTests.test_stop_budget_caps_original_proposal_accounts_fees_and_blocks_missing) ... ok
check	Compile and run offline checks	2026-10-03T05:37:14.7662378Z test_stop_risk_aggregates_allocated_sleeves_and_rounding_dust (test_edge_spot.EdgeSpotTests.test_stop_risk_aggregates_allocated_sleeves_and_rounding_dust) ... ok
check	Compile and run offline checks	2026-10-03T05:37:15.1986684Z {"candidate": "atr-stop", "scenario": "base", "session": 0}
check	Compile and run offline checks	2026-10-03T05:37:15.2266430Z test_unity_baseline_all_six_original_groups_and_budget (test_edge_spot.EdgeSpotTests.test_unity_baseline_all_six_original_groups_and_budget) ... /home/runner/work/spotquant/spotquant/spotquant/model.py:350: ResourceWarning: unclosed database in <sqlite3.Connection object at 0x7fea4c09fa60>
check	Compile and run offline checks	2026-10-03T05:37:15.2269075Z   model.closes = deque((D(item) for item in body['closes']), maxlen=limit)
check	Compile and run offline checks	2026-10-03T05:37:15.2270002Z ResourceWarning: Enable tracemalloc to get the object allocation traceback
check	Compile and run offline checks	2026-10-03T05:37:15.2271773Z /home/runner/work/spotquant/spotquant/spotquant/model.py:350: ResourceWarning: unclosed database in <sqlite3.Connection object at 0x7fea4c09c4f0>
check	Compile and run offline checks	2026-10-03T05:37:15.2273193Z   model.closes = deque((D(item) for item in body['closes']), maxlen=limit)
check	Compile and run offline checks	2026-10-03T05:37:15.2274115Z ResourceWarning: Enable tracemalloc to get the object allocation traceback
check	Compile and run offline checks	2026-10-03T05:37:15.6251726Z /home/runner/work/spotquant/spotquant/spotquant/model.py:233: ResourceWarning: unclosed database in <sqlite3.Connection object at 0x7fea4c09c4f0>
check	Compile and run offline checks	2026-10-03T05:37:15.6252717Z   self.true_ranges.append((open_time, max(high - low, abs(high - self.close), abs(low - self.close))))
check	Compile and run offline checks	2026-10-03T05:37:15.6253354Z ResourceWarning: Enable tracemalloc to get the object allocation traceback
check	Compile and run offline checks	2026-10-03T05:37:15.6254143Z /home/runner/work/spotquant/spotquant/spotquant/model.py:233: ResourceWarning: unclosed database in <sqlite3.Connection object at 0x7fea4c09c310>
check	Compile and run offline checks	2026-10-03T05:37:15.6254980Z   self.true_ranges.append((open_time, max(high - low, abs(high - self.close), abs(low - self.close))))
check	Compile and run offline checks	2026-10-03T05:37:15.6255593Z ResourceWarning: Enable tracemalloc to get the object allocation traceback
check	Compile and run offline checks	2026-10-03T05:37:16.2802083Z /opt/hostedtoolcache/Python/3.13.15/x64/lib/python3.13/json/encoder.py:254: ResourceWarning: unclosed database in <sqlite3.Connection object at 0x7fea4c09c310>
check	Compile and run offline checks	2026-10-03T05:37:16.2803395Z   _iterencode = c_make_encoder(
check	Compile and run offline checks	2026-10-03T05:37:16.2803880Z ResourceWarning: Enable tracemalloc to get the object allocation traceback
check	Compile and run offline checks	2026-10-03T05:37:16.2804878Z /opt/hostedtoolcache/Python/3.13.15/x64/lib/python3.13/json/encoder.py:254: ResourceWarning: unclosed database in <sqlite3.Connection object at 0x7fea4c09fa60>
check	Compile and run offline checks	2026-10-03T05:37:16.2805712Z   _iterencode = c_make_encoder(
check	Compile and run offline checks	2026-10-03T05:37:16.2806169Z ResourceWarning: Enable tracemalloc to get the object allocation traceback
check	Compile and run offline checks	2026-10-03T05:37:16.6009010Z {"candidate": "atr-stop", "scenario": "base", "session": 0}
check	Compile and run offline checks	2026-10-03T05:37:16.6049566Z /home/runner/work/spotquant/spotquant/spotquant/model.py:213: ResourceWarning: unclosed database in <sqlite3.Connection object at 0x7fea4c09fa60>
check	Compile and run offline checks	2026-10-03T05:37:16.6050469Z   yday <= D(1) - self.cap_drop
check	Compile and run offline checks	2026-10-03T05:37:16.6050978Z ResourceWarning: Enable tracemalloc to get the object allocation traceback
check	Compile and run offline checks	2026-10-03T05:37:16.6051993Z /home/runner/work/spotquant/spotquant/spotquant/model.py:213: ResourceWarning: unclosed database in <sqlite3.Connection object at 0x7fea4c09c4f0>
check	Compile and run offline checks	2026-10-03T05:37:16.6052824Z   yday <= D(1) - self.cap_drop
check	Compile and run offline checks	2026-10-03T05:37:16.6053284Z ResourceWarning: Enable tracemalloc to get the object allocation traceback
check	Compile and run offline checks	2026-10-03T05:37:17.0261258Z /home/runner/work/spotquant/spotquant/spotquant/model.py:189: ResourceWarning: unclosed database in <sqlite3.Connection object at 0x7fea4c09c4f0>
check	Compile and run offline checks	2026-10-03T05:37:17.0262044Z   sma = sum(window, D(0)) / self.sma_window
check	Compile and run offline checks	2026-10-03T05:37:17.0262461Z ResourceWarning: Enable tracemalloc to get the object allocation traceback
check	Compile and run offline checks	2026-10-03T05:37:17.0263249Z /home/runner/work/spotquant/spotquant/spotquant/model.py:189: ResourceWarning: unclosed database in <sqlite3.Connection object at 0x7fea4c09c310>
check	Compile and run offline checks	2026-10-03T05:37:17.0263974Z   sma = sum(window, D(0)) / self.sma_window
check	Compile and run offline checks	2026-10-03T05:37:17.0264383Z ResourceWarning: Enable tracemalloc to get the object allocation traceback
check	Compile and run offline checks	2026-10-03T05:37:17.6826560Z /home/runner/work/spotquant/spotquant/spotquant/preview.py:343: ResourceWarning: unclosed database in <sqlite3.Connection object at 0x7fea4c09c310>
check	Compile and run offline checks	2026-10-03T05:37:17.6827751Z   voters = sum(bool(views[w].bull) and decision['sleeves'][str(w)]['action'] in ('enter', 'hold')
check	Compile and run offline checks	2026-10-03T05:37:17.6828768Z ResourceWarning: Enable tracemalloc to get the object allocation traceback
check	Compile and run offline checks	2026-10-03T05:37:17.6829579Z /home/runner/work/spotquant/spotquant/spotquant/preview.py:343: ResourceWarning: unclosed database in <sqlite3.Connection object at 0x7fea4c09fa60>
check	Compile and run offline checks	2026-10-03T05:37:17.6830416Z   voters = sum(bool(views[w].bull) and decision['sleeves'][str(w)]['action'] in ('enter', 'hold')
check	Compile and run offline checks	2026-10-03T05:37:17.6831267Z ResourceWarning: Enable tracemalloc to get the object allocation traceback
check	Compile and run offline checks	2026-10-03T05:37:18.0093232Z {"candidate": "atr-stop", "scenario": "base", "session": 0}
check	Compile and run offline checks	2026-10-03T05:37:18.0198615Z /home/runner/work/spotquant/spotquant/spotquant/model.py:212: ResourceWarning: unclosed database in <sqlite3.Connection object at 0x7fea4c09fa60>
check	Compile and run offline checks	2026-10-03T05:37:18.0199783Z   return bool(
check	Compile and run offline checks	2026-10-03T05:37:18.0200295Z ResourceWarning: Enable tracemalloc to get the object allocation traceback
check	Compile and run offline checks	2026-10-03T05:37:18.0201470Z /home/runner/work/spotquant/spotquant/spotquant/model.py:212: ResourceWarning: unclosed database in <sqlite3.Connection object at 0x7fea4c09c4f0>
check	Compile and run offline checks	2026-10-03T05:37:18.0202519Z   return bool(
check	Compile and run offline checks	2026-10-03T05:37:18.0203016Z ResourceWarning: Enable tracemalloc to get the object allocation traceback
check	Compile and run offline checks	2026-10-03T05:37:18.4382426Z /home/runner/work/spotquant/spotquant/research/session_account.py:94: ResourceWarning: unclosed database in <sqlite3.Connection object at 0x7fea4c10f4c0>
check	Compile and run offline checks	2026-10-03T05:37:18.4383317Z   return [(t, h, l, c) for t, o, h, l, c, q in self.all_bars[begin:end]]
check	Compile and run offline checks	2026-10-03T05:37:18.4383795Z ResourceWarning: Enable tracemalloc to get the object allocation traceback
check	Compile and run offline checks	2026-10-03T05:37:18.4384592Z /home/runner/work/spotquant/spotquant/research/session_account.py:94: ResourceWarning: unclosed database in <sqlite3.Connection object at 0x7fea4c10e980>
check	Compile and run offline checks	2026-10-03T05:37:18.4385634Z   return [(t, h, l, c) for t, o, h, l, c, q in self.all_bars[begin:end]]
check	Compile and run offline checks	2026-10-03T05:37:18.4386126Z ResourceWarning: Enable tracemalloc to get the object allocation traceback
check	Compile and run offline checks	2026-10-03T05:37:18.9922841Z ok
check	Compile and run offline checks	2026-10-03T05:37:18.9924798Z test_a_balance_that_is_not_the_buy_is_unknown (test_follow.FollowTests.test_a_balance_that_is_not_the_buy_is_unknown) ... ok
check	Compile and run offline checks	2026-10-03T05:37:18.9926672Z test_a_full_transfer_out_with_no_sell_is_unknown (test_follow.FollowTests.test_a_full_transfer_out_with_no_sell_is_unknown) ... ok
check	Compile and run offline checks	2026-10-03T05:37:18.9928730Z test_a_pre_fill_wick_does_not_raise_the_peak (test_follow.FollowTests.test_a_pre_fill_wick_does_not_raise_the_peak) ... ok
check	Compile and run offline checks	2026-10-03T05:37:18.9930684Z test_a_sell_already_accounted_for_is_not_counted_twice (test_follow.FollowTests.test_a_sell_already_accounted_for_is_not_counted_twice) ... ok
check	Compile and run offline checks	2026-10-03T05:37:18.9933056Z test_a_sell_of_one_sleeve_does_not_erase_the_buy_of_another_at_the_same_open (test_follow.FollowTests.test_a_sell_of_one_sleeve_does_not_erase_the_buy_of_another_at_the_same_open) ... ok
check	Compile and run offline checks	2026-10-03T05:37:18.9934991Z test_a_sell_that_leaves_one_sleeve_closes_only_that_sleeve (test_follow.FollowTests.test_a_sell_that_leaves_one_sleeve_closes_only_that_sleeve) ... ok
check	Compile and run offline checks	2026-10-03T05:37:18.9936803Z test_btc_commission_is_part_of_the_balance_and_not_the_fill_price (test_follow.FollowTests.test_btc_commission_is_part_of_the_balance_and_not_the_fill_price) ... ok
check	Compile and run offline checks	2026-10-03T05:37:18.9938827Z test_equal_sleeves_are_unknown_even_when_both_want_to_exit (test_follow.FollowTests.test_equal_sleeves_are_unknown_even_when_both_want_to_exit) ... ok
check	Compile and run offline checks	2026-10-03T05:37:18.9949438Z test_sleeves_on_one_signal_day_share_one_fill_equally (test_follow.FollowTests.test_sleeves_on_one_signal_day_share_one_fill_equally) ... ok
check	Compile and run offline checks	2026-10-03T05:37:18.9950407Z test_two_order_ids_are_not_merged_into_one_fill (test_follow.FollowTests.test_two_order_ids_are_not_merged_into_one_fill) ... ok
check	Compile and run offline checks	2026-10-03T05:37:18.9965478Z test_expired_partial_and_intentional_half_reduction_remain_positions (test_grouped_close.GroupedCloseTests.test_expired_partial_and_intentional_half_reduction_remain_positions) ... ok
check	Compile and run offline checks	2026-10-03T05:37:18.9984111Z test_full_close_is_strategy_flat_while_real_ownership_and_capital_are_kept (test_grouped_close.GroupedCloseTests.test_full_close_is_strategy_flat_while_real_ownership_and_capital_are_kept) ... ok
check	Compile and run offline checks	2026-10-03T05:37:18.9997674Z test_future_final_readback_cannot_close_an_earlier_partial_fill (test_grouped_close.GroupedCloseTests.test_future_final_readback_cannot_close_an_earlier_partial_fill) ... ok
check	Compile and run offline checks	2026-10-03T05:37:19.0012557Z test_late_terminal_readback_does_not_commit_a_permanently_unprotected_remainder (test_grouped_close.GroupedCloseTests.test_late_terminal_readback_does_not_commit_a_permanently_unprotected_remainder) ... ok
check	Compile and run offline checks	2026-10-03T05:37:19.0036460Z test_missing_readback_or_incomplete_legacy_application_never_widens_dust (test_grouped_close.GroupedCloseTests.test_missing_readback_or_incomplete_legacy_application_never_widens_dust) ... ok
check	Compile and run offline checks	2026-10-03T05:37:19.0200479Z test_readonly_cycle_rolls_back_earlier_sleeve_before_late_terminal_guard (test_grouped_close.GroupedCloseTests.test_readonly_cycle_rolls_back_earlier_sleeve_before_late_terminal_guard) ... ok
check	Compile and run offline checks	2026-10-03T05:37:19.0303724Z test_readonly_recovery_and_executor_use_the_same_durable_native_metadata (test_grouped_close.GroupedCloseTests.test_readonly_recovery_and_executor_use_the_same_durable_native_metadata) ... ok
check	Compile and run offline checks	2026-10-03T05:37:19.0317321Z test_real_reentry_merges_owned_residual_and_resets_peak (test_grouped_close.GroupedCloseTests.test_real_reentry_merges_owned_residual_and_resets_peak) ... ok
check	Compile and run offline checks	2026-10-03T05:37:19.0320444Z test_a_close_four_percent_under_the_fill_invalidates_a_normal_entry (test_model.ModelTests.test_a_close_four_percent_under_the_fill_invalidates_a_normal_entry) ... ok
check	Compile and run offline checks	2026-10-03T05:37:19.0322712Z test_a_close_sixty_one_percent_above_the_average_is_a_blowoff (test_model.ModelTests.test_a_close_sixty_one_percent_above_the_average_is_a_blowoff) ... ok
check	Compile and run offline checks	2026-10-03T05:37:19.0324265Z test_a_crash_reversal_ignores_the_four_percent_close (test_model.ModelTests.test_a_crash_reversal_ignores_the_four_percent_close) ... ok
check	Compile and run offline checks	2026-10-03T05:37:19.0326828Z test_a_flat_followed_position_rearms_only_after_a_fresh_cross (test_model.ModelTests.test_a_flat_followed_position_rearms_only_after_a_fresh_cross) ... ok
check	Compile and run offline checks	2026-10-03T05:37:19.0329428Z test_bull_is_strict_and_checkpoint_roundtrips (test_model.ModelTests.test_bull_is_strict_and_checkpoint_roundtrips) ... ok
check	Compile and run offline checks	2026-10-03T05:37:19.0334554Z test_crash_reversal_arms_and_holds_until_the_handoff (test_model.ModelTests.test_crash_reversal_arms_and_holds_until_the_handoff) ... ok
check	Compile and run offline checks	2026-10-03T05:37:19.0335539Z test_defaults_match_the_selected_spot_book (test_model.ModelTests.test_defaults_match_the_selected_spot_book) ... ok
check	Compile and run offline checks	2026-10-03T05:37:19.0336488Z test_empty_checkpoint_roundtrips (test_model.ModelTests.test_empty_checkpoint_roundtrips) ... ok
check	Compile and run offline checks	2026-10-03T05:37:19.0337410Z test_equal_close_is_not_bullish (test_model.ModelTests.test_equal_close_is_not_bullish) ... ok
check	Compile and run offline checks	2026-10-03T05:37:19.0338743Z test_origin_and_contiguity (test_model.ModelTests.test_origin_and_contiguity) ... ok
check	Compile and run offline checks	2026-10-03T05:37:19.0341437Z test_restore_rejects_a_previous_close_that_is_not_in_the_window (test_model.ModelTests.test_restore_rejects_a_previous_close_that_is_not_in_the_window) ... ok
check	Compile and run offline checks	2026-10-03T05:37:19.0343124Z test_restore_rejects_a_rehashed_crash_flag (test_model.ModelTests.test_restore_rejects_a_rehashed_crash_flag) ... ok
check	Compile and run offline checks	2026-10-03T05:37:19.0345583Z test_restore_rejects_a_rehashed_crash_reversal (test_model.ModelTests.test_restore_rejects_a_rehashed_crash_reversal) ... ok
check	Compile and run offline checks	2026-10-03T05:37:19.0347265Z test_two_closes_arm_entry_and_an_exit_requires_a_fresh_cross (test_model.ModelTests.test_two_closes_arm_entry_and_an_exit_requires_a_fresh_cross) ... ok
check	Compile and run offline checks	2026-10-03T05:37:19.0353688Z test_partial_fill_needs_native_quantity_coverage (test_native_acceptance.NativeEvidenceTests.test_partial_fill_needs_native_quantity_coverage) ... ok
check	Compile and run offline checks	2026-10-03T05:37:19.0378464Z test_raw_bytes_source_and_environment_are_bound (test_native_acceptance.NativeEvidenceTests.test_raw_bytes_source_and_environment_are_bound) ... ok
check	Compile and run offline checks	2026-10-03T05:37:19.0384371Z test_repeated_or_canceled_readbacks_cannot_inflate_protection (test_native_acceptance.NativeEvidenceTests.test_repeated_or_canceled_readbacks_cannot_inflate_protection) ... ok
check	Compile and run offline checks	2026-10-03T05:37:19.0386481Z test_reserved_manifest_filename_cannot_overwrite_archive (test_native_acceptance.NativeEvidenceTests.test_reserved_manifest_filename_cannot_overwrite_archive) ... ok
check	Compile and run offline checks	2026-10-03T05:37:19.0396564Z test_symlink_case_cannot_leave_the_archive (test_native_acceptance.NativeEvidenceTests.test_symlink_case_cannot_leave_the_archive) ... ok
check	Compile and run offline checks	2026-10-03T05:37:19.0402240Z test_synthetic_and_early_trigger_do_not_establish_native_closure (test_native_acceptance.NativeEvidenceTests.test_synthetic_and_early_trigger_do_not_establish_native_closure) ... ok
check	Compile and run offline checks	2026-10-03T05:37:19.0405655Z test_changing_balances_during_order_scan_are_unknown (test_native_export.ExportTests.test_changing_balances_during_order_scan_are_unknown) ... ok
check	Compile and run offline checks	2026-10-03T05:37:19.0416737Z test_default_http_transport_preserves_explicit_demo_methods (test_native_export.ExportTests.test_default_http_transport_preserves_explicit_demo_methods) ... ok
check	Compile and run offline checks	2026-10-03T05:37:19.0418290Z test_demo_order_gate_rejects_live_before_transport (test_native_export.ExportTests.test_demo_order_gate_rejects_live_before_transport) ... ok
check	Compile and run offline checks	2026-10-03T05:37:19.0496358Z test_failed_native_preflight_keeps_proven_unsent_intent_prepared (test_native_export.ExportTests.test_failed_native_preflight_keeps_proven_unsent_intent_prepared) ... ok
check	Compile and run offline checks	2026-10-03T05:37:19.0499627Z test_missing_asset_balance_is_unknown (test_native_export.ExportTests.test_missing_asset_balance_is_unknown) ... ok
check	Compile and run offline checks	2026-10-03T05:37:19.0502045Z test_normalized_accounts_revalue_at_perpetual_mark_without_adding_margin (test_native_export.ExportTests.test_normalized_accounts_revalue_at_perpetual_mark_without_adding_margin) ... ok
check	Compile and run offline checks	2026-10-03T05:37:19.0505763Z test_read_only_export_includes_locked_cash_and_uses_fresh_price (test_native_export.ExportTests.test_read_only_export_includes_locked_cash_and_uses_fresh_price) ... ok
check	Compile and run offline checks	2026-10-03T05:37:19.0511024Z test_redirect_after_dispatch_is_unknown_not_a_proven_refusal (test_native_export.ExportTests.test_redirect_after_dispatch_is_unknown_not_a_proven_refusal) ... ok
check	Compile and run offline checks	2026-10-03T05:37:19.0675706Z test_lost_ack_restart_and_partial_fill_protection (test_offline.OfflineTests.test_lost_ack_restart_and_partial_fill_protection) ... ok
check	Compile and run offline checks	2026-10-03T05:37:19.0732673Z test_network_adapter_and_native_state_are_rejected (test_offline.OfflineTests.test_network_adapter_and_native_state_are_rejected) ... ok
check	Compile and run offline checks	2026-10-03T05:37:19.0820269Z test_query_outage_after_fill_never_resubmits_on_restart (test_offline.OfflineTests.test_query_outage_after_fill_never_resubmits_on_restart) ... ok
check	Compile and run offline checks	2026-10-03T05:37:19.0924506Z test_sell_proceeds_are_reconciled_before_a_new_buy (test_offline.OfflineTests.test_sell_proceeds_are_reconciled_before_a_new_buy) ... ok
check	Compile and run offline checks	2026-10-03T05:37:19.1007136Z test_stop_failure_does_not_report_protection (test_offline.OfflineTests.test_stop_failure_does_not_report_protection) ... ok
check	Compile and run offline checks	2026-10-03T05:37:19.1140674Z test_strategy_exit_cancels_confirmed_protection_before_selling (test_offline.OfflineTests.test_strategy_exit_cancels_confirmed_protection_before_selling) ... ok
check	Compile and run offline checks	2026-10-03T05:37:19.1298541Z test_terminal_partial_exit_protects_the_remaining_coins (test_offline.OfflineTests.test_terminal_partial_exit_protects_the_remaining_coins) ... ok
check	Compile and run offline checks	2026-10-03T05:37:19.1361517Z test_unconfirmed_send_and_external_funds_freeze (test_offline.OfflineTests.test_unconfirmed_send_and_external_funds_freeze) ... ok
check	Compile and run offline checks	2026-10-03T05:37:19.1460073Z test_unsupported_replacement_keeps_the_prior_stop (test_offline.OfflineTests.test_unsupported_replacement_keeps_the_prior_stop) ... ok
check	Compile and run offline checks	2026-10-03T05:37:19.1463755Z test_account_days_require_this_pair_and_thirty_actual_dates (test_operations.OperationsTests.test_account_days_require_this_pair_and_thirty_actual_dates) ... ok
check	Compile and run offline checks	2026-10-03T05:37:19.1465903Z test_hedge_does_not_erase_gross_exposure_or_double_count_margin (test_operations.OperationsTests.test_hedge_does_not_erase_gross_exposure_or_double_count_margin) ... ok
check	Compile and run offline checks	2026-10-03T05:37:19.1481966Z test_second_exporter_launch_failure_cleans_first_and_records_failed_day (test_operations.OperationsTests.test_second_exporter_launch_failure_cleans_first_and_records_failed_day) ... ok
check	Compile and run offline checks	2026-10-03T05:37:19.1609948Z test_two_attempts_on_one_real_day_do_not_manufacture_two_forward_days (test_operations.OperationsTests.test_two_attempts_on_one_real_day_do_not_manufacture_two_forward_days) ... ok
check	Compile and run offline checks	2026-10-03T05:37:19.1612339Z test_unknown_stale_and_mixed_valuation_refuse_summary (test_operations.OperationsTests.test_unknown_stale_and_mixed_valuation_refuse_summary) ... ok
check	Compile and run offline checks	2026-10-03T05:37:19.1729562Z test_crash_after_cancel_resumes_sale_and_protects_partial_remainder (test_p4_execution.P4ExecutionTests.test_crash_after_cancel_resumes_sale_and_protects_partial_remainder) ... /home/runner/work/spotquant/spotquant/spotquant/model.py:233: ResourceWarning: unclosed database in <sqlite3.Connection object at 0x7fea4c09f4c0>
check	Compile and run offline checks	2026-10-03T05:37:19.1732108Z   self.true_ranges.append((open_time, max(high - low, abs(high - self.close), abs(low - self.close))))
check	Compile and run offline checks	2026-10-03T05:37:19.1733122Z ResourceWarning: Enable tracemalloc to get the object allocation traceback
check	Compile and run offline checks	2026-10-03T05:37:19.1734491Z /home/runner/work/spotquant/spotquant/spotquant/model.py:233: ResourceWarning: unclosed database in <sqlite3.Connection object at 0x7fea4c37f790>
check	Compile and run offline checks	2026-10-03T05:37:19.1736077Z   self.true_ranges.append((open_time, max(high - low, abs(high - self.close), abs(low - self.close))))
check	Compile and run offline checks	2026-10-03T05:37:19.1737201Z ResourceWarning: Enable tracemalloc to get the object allocation traceback
check	Compile and run offline checks	2026-10-03T05:37:19.2319432Z /home/runner/work/spotquant/spotquant/spotquant/model.py:233: ResourceWarning: unclosed database in <sqlite3.Connection object at 0x7fea4c09fb50>
check	Compile and run offline checks	2026-10-03T05:37:19.2321011Z   self.true_ranges.append((open_time, max(high - low, abs(high - self.close), abs(low - self.close))))
check	Compile and run offline checks	2026-10-03T05:37:19.2322357Z ResourceWarning: Enable tracemalloc to get the object allocation traceback
check	Compile and run offline checks	2026-10-03T05:37:19.2751605Z /home/runner/work/spotquant/spotquant/spotquant/model.py:350: ResourceWarning: unclosed database in <sqlite3.Connection object at 0x7fea4c09c310>
check	Compile and run offline checks	2026-10-03T05:37:19.2752435Z   model.closes = deque((D(item) for item in body['closes']), maxlen=limit)
check	Compile and run offline checks	2026-10-03T05:37:19.2752946Z ResourceWarning: Enable tracemalloc to get the object allocation traceback
check	Compile and run offline checks	2026-10-03T05:37:19.2937766Z /home/runner/work/spotquant/spotquant/spotquant/model.py:350: ResourceWarning: unclosed database in <sqlite3.Connection object at 0x7fea4c09f4c0>
check	Compile and run offline checks	2026-10-03T05:37:19.2938934Z   model.closes = deque((D(item) for item in body['closes']), maxlen=limit)
check	Compile and run offline checks	2026-10-03T05:37:19.2939453Z ResourceWarning: Enable tracemalloc to get the object allocation traceback
check	Compile and run offline checks	2026-10-03T05:37:19.3429689Z /home/runner/work/spotquant/spotquant/spotquant/model.py:350: ResourceWarning: unclosed database in <sqlite3.Connection object at 0x7fea4c37f790>
check	Compile and run offline checks	2026-10-03T05:37:19.3430497Z   model.closes = deque((D(item) for item in body['closes']), maxlen=limit)
check	Compile and run offline checks	2026-10-03T05:37:19.3430998Z ResourceWarning: Enable tracemalloc to get the object allocation traceback
check	Compile and run offline checks	2026-10-03T05:37:19.3602595Z ok
check	Compile and run offline checks	2026-10-03T05:37:19.4124381Z test_equal_size_groups_have_distinct_order_identity_and_sell_attribution (test_p4_execution.P4ExecutionTests.test_equal_size_groups_have_distinct_order_identity_and_sell_attribution) ... /home/runner/work/spotquant/spotquant/spotquant/model.py:350: ResourceWarning: unclosed database in <sqlite3.Connection object at 0x7fea4c09c9a0>
check	Compile and run offline checks	2026-10-03T05:37:19.4127124Z   model.closes = deque((D(item) for item in body['closes']), maxlen=limit)
check	Compile and run offline checks	2026-10-03T05:37:19.4128339Z ResourceWarning: Enable tracemalloc to get the object allocation traceback
check	Compile and run offline checks	2026-10-03T05:37:19.4764776Z ok
check	Compile and run offline checks	2026-10-03T05:37:19.5249945Z test_external_cash_is_unknown_and_does_not_send (test_p4_execution.P4ExecutionTests.test_external_cash_is_unknown_and_does_not_send) ... ok
check	Compile and run offline checks	2026-10-03T05:37:19.5869123Z test_floored_exit_retains_fractional_ownership_and_reentry_resets_peak (test_p4_execution.P4ExecutionTests.test_floored_exit_retains_fractional_ownership_and_reentry_resets_peak) ... /home/runner/work/spotquant/spotquant/spotquant/state.py:90: ResourceWarning: unclosed database in <sqlite3.Connection object at 0x7fea4c09fa60>
check	Compile and run offline checks	2026-10-03T05:37:19.5871795Z   row = self.db.execute('SELECT value FROM meta WHERE key=?', (key,)).fetchone()
check	Compile and run offline checks	2026-10-03T05:37:19.5872700Z ResourceWarning: Enable tracemalloc to get the object allocation traceback
check	Compile and run offline checks	2026-10-03T05:37:19.5874322Z /home/runner/work/spotquant/spotquant/spotquant/state.py:90: ResourceWarning: unclosed database in <sqlite3.Connection object at 0x7fea4c09c9a0>
check	Compile and run offline checks	2026-10-03T05:37:19.5875729Z   row = self.db.execute('SELECT value FROM meta WHERE key=?', (key,)).fetchone()
check	Compile and run offline checks	2026-10-03T05:37:19.5876691Z ResourceWarning: Enable tracemalloc to get the object allocation traceback
check	Compile and run offline checks	2026-10-03T05:37:19.5878393Z /home/runner/work/spotquant/spotquant/spotquant/state.py:90: ResourceWarning: unclosed database in <sqlite3.Connection object at 0x7fea4c09fb50>
check	Compile and run offline checks	2026-10-03T05:37:19.5879469Z   row = self.db.execute('SELECT value FROM meta WHERE key=?', (key,)).fetchone()
check	Compile and run offline checks	2026-10-03T05:37:19.5880004Z ResourceWarning: Enable tracemalloc to get the object allocation traceback
check	Compile and run offline checks	2026-10-03T05:37:19.5880892Z /home/runner/work/spotquant/spotquant/spotquant/state.py:90: ResourceWarning: unclosed database in <sqlite3.Connection object at 0x7fea4c09ca90>
check	Compile and run offline checks	2026-10-03T05:37:19.5882138Z   row = self.db.execute('SELECT value FROM meta WHERE key=?', (key,)).fetchone()
check	Compile and run offline checks	2026-10-03T05:37:19.5882935Z ResourceWarning: Enable tracemalloc to get the object allocation traceback
check	Compile and run offline checks	2026-10-03T05:37:19.5884252Z /home/runner/work/spotquant/spotquant/spotquant/state.py:90: ResourceWarning: unclosed database in <sqlite3.Connection object at 0x7fea4c09f4c0>
check	Compile and run offline checks	2026-10-03T05:37:19.5885730Z   row = self.db.execute('SELECT value FROM meta WHERE key=?', (key,)).fetchone()
check	Compile and run offline checks	2026-10-03T05:37:19.5886941Z ResourceWarning: Enable tracemalloc to get the object allocation traceback
check	Compile and run offline checks	2026-10-03T05:37:19.6372130Z /home/runner/work/spotquant/spotquant/spotquant/model.py:350: ResourceWarning: unclosed database in <sqlite3.Connection object at 0x7fea4c09ca90>
check	Compile and run offline checks	2026-10-03T05:37:19.6373557Z   model.closes = deque((D(item) for item in body['closes']), maxlen=limit)
check	Compile and run offline checks	2026-10-03T05:37:19.6374450Z ResourceWarning: Enable tracemalloc to get the object allocation traceback
check	Compile and run offline checks	2026-10-03T05:37:19.6950067Z /home/runner/work/spotquant/spotquant/spotquant/model.py:350: ResourceWarning: unclosed database in <sqlite3.Connection object at 0x7fea4c09fb50>
check	Compile and run offline checks	2026-10-03T05:37:19.6951513Z   model.closes = deque((D(item) for item in body['closes']), maxlen=limit)
check	Compile and run offline checks	2026-10-03T05:37:19.6952404Z ResourceWarning: Enable tracemalloc to get the object allocation traceback
check	Compile and run offline checks	2026-10-03T05:37:19.7810519Z ok
check	Compile and run offline checks	2026-10-03T05:37:19.8476377Z test_prepared_sale_recovers_after_a_new_daily_bar (test_p4_execution.P4ExecutionTests.test_prepared_sale_recovers_after_a_new_daily_bar) ... /home/runner/work/spotquant/spotquant/spotquant/model.py:233: ResourceWarning: unclosed database in <sqlite3.Connection object at 0x7fea4c09fa60>
check	Compile and run offline checks	2026-10-03T05:37:19.8478466Z   self.true_ranges.append((open_time, max(high - low, abs(high - self.close), abs(low - self.close))))
check	Compile and run offline checks	2026-10-03T05:37:19.8479263Z ResourceWarning: Enable tracemalloc to get the object allocation traceback
check	Compile and run offline checks	2026-10-03T05:37:19.8480056Z /home/runner/work/spotquant/spotquant/spotquant/model.py:233: ResourceWarning: unclosed database in <sqlite3.Connection object at 0x7fea4c09c9a0>
check	Compile and run offline checks	2026-10-03T05:37:19.8480907Z   self.true_ranges.append((open_time, max(high - low, abs(high - self.close), abs(low - self.close))))
check	Compile and run offline checks	2026-10-03T05:37:19.8481496Z ResourceWarning: Enable tracemalloc to get the object allocation traceback
check	Compile and run offline checks	2026-10-03T05:37:19.8482282Z /home/runner/work/spotquant/spotquant/spotquant/model.py:233: ResourceWarning: unclosed database in <sqlite3.Connection object at 0x7fea4c09ca90>
check	Compile and run offline checks	2026-10-03T05:37:19.8483122Z   self.true_ranges.append((open_time, max(high - low, abs(high - self.close), abs(low - self.close))))
check	Compile and run offline checks	2026-10-03T05:37:19.8483694Z ResourceWarning: Enable tracemalloc to get the object allocation traceback
check	Compile and run offline checks	2026-10-03T05:37:19.9382117Z ok
check	Compile and run offline checks	2026-10-03T05:37:20.0981192Z test_prepared_stop_replacement_recovers_after_a_new_daily_bar (test_p4_execution.P4ExecutionTests.test_prepared_stop_replacement_recovers_after_a_new_daily_bar) ... ok
check	Compile and run offline checks	2026-10-03T05:37:20.2160750Z test_query_outage_after_send_recovers_with_original_identity (test_p4_execution.P4ExecutionTests.test_query_outage_after_send_recovers_with_original_identity) ... ok
check	Compile and run offline checks	2026-10-03T05:37:20.3918414Z test_real_session_partial_entry_restart_stop_amend_and_offline_trigger (test_p4_execution.P4ExecutionTests.test_real_session_partial_entry_restart_stop_amend_and_offline_trigger) ... ok
check	Compile and run offline checks	2026-10-03T05:37:20.5340518Z test_stop_fill_between_decision_and_write_requires_reconciliation (test_p4_execution.P4ExecutionTests.test_stop_fill_between_decision_and_write_requires_reconciliation) ... ok
check	Compile and run offline checks	2026-10-03T05:37:20.6390531Z test_unconfirmed_protection_stays_unknown_on_subsequent_sessions (test_p4_execution.P4ExecutionTests.test_unconfirmed_protection_stays_unknown_on_subsequent_sessions) ... ok
check	Compile and run offline checks	2026-10-03T05:37:20.6392059Z test_a_balance_the_sleeves_do_not_own_is_unknown (test_preview.PreviewTests.test_a_balance_the_sleeves_do_not_own_is_unknown) ... ok
check	Compile and run offline checks	2026-10-03T05:37:20.6395759Z test_a_single_bullish_entry_does_not_invent_consensus (test_preview.PreviewTests.test_a_single_bullish_entry_does_not_invent_consensus) ... ok
check	Compile and run offline checks	2026-10-03T05:37:20.6397110Z test_a_stop_wider_than_the_sell_band_is_not_placeable (test_preview.PreviewTests.test_a_stop_wider_than_the_sell_band_is_not_placeable) ... ok
check	Compile and run offline checks	2026-10-03T05:37:20.6398608Z test_cold_start_does_not_buy_an_already_bullish_regime (test_preview.PreviewTests.test_cold_start_does_not_buy_an_already_bullish_regime) ... ok
check	Compile and run offline checks	2026-10-03T05:37:20.6401905Z test_consensus_advisory_shares_sum_to_the_actual_pooled_buy (test_preview.PreviewTests.test_consensus_advisory_shares_sum_to_the_actual_pooled_buy) ... ok
check	Compile and run offline checks	2026-10-03T05:37:20.6406694Z test_consensus_default_increases_a_real_entry_with_a_bullish_holder (test_preview.PreviewTests.test_consensus_default_increases_a_real_entry_with_a_bullish_holder) ... ok
check	Compile and run offline checks	2026-10-03T05:37:20.6408580Z test_crash_reversal_wins_when_the_ordinary_entry_is_also_armed (test_preview.PreviewTests.test_crash_reversal_wins_when_the_ordinary_entry_is_also_armed) ... ok
check	Compile and run offline checks	2026-10-03T05:37:20.6410535Z test_dust_on_three_sleeves_exits_together_and_does_not_buy_again (test_preview.PreviewTests.test_dust_on_three_sleeves_exits_together_and_does_not_buy_again) ... ok
check	Compile and run offline checks	2026-10-03T05:37:20.6411987Z test_entry_stop_uses_the_completed_close_when_the_streak_high_is_through_it (test_preview.PreviewTests.test_entry_stop_uses_the_completed_close_when_the_streak_high_is_through_it) ... ok
check	Compile and run offline checks	2026-10-03T05:37:20.6413812Z test_external_btc_is_unknown (test_preview.PreviewTests.test_external_btc_is_unknown) ... ok
check	Compile and run offline checks	2026-10-03T05:37:20.6415840Z test_fresh_bull_close_previews_a_market_buy_and_a_stop_price (test_preview.PreviewTests.test_fresh_bull_close_previews_a_market_buy_and_a_stop_price) ... ok
check	Compile and run offline checks	2026-10-03T05:37:20.6418514Z test_owned_coins_exit_a_blowoff_while_still_above_the_average (test_preview.PreviewTests.test_owned_coins_exit_a_blowoff_while_still_above_the_average) ... ok
check	Compile and run offline checks	2026-10-03T05:37:20.6420936Z test_owned_coins_exit_when_the_close_is_four_percent_under_the_fill (test_preview.PreviewTests.test_owned_coins_exit_when_the_close_is_four_percent_under_the_fill) ... ok
check	Compile and run offline checks	2026-10-03T05:37:20.6423228Z test_owned_coins_exit_when_the_close_is_not_bullish (test_preview.PreviewTests.test_owned_coins_exit_when_the_close_is_not_bullish) ... ok
check	Compile and run offline checks	2026-10-03T05:37:20.6425479Z test_owned_hold_uses_the_close_until_the_fill_and_then_the_fill_peak (test_preview.PreviewTests.test_owned_hold_uses_the_close_until_the_fill_and_then_the_fill_peak) ... ok
check	Compile and run offline checks	2026-10-03T05:37:20.6428329Z test_sleeves_share_the_pool_and_an_exit_frees_cash_for_an_entry_at_the_same_open (test_preview.PreviewTests.test_sleeves_share_the_pool_and_an_exit_frees_cash_for_an_entry_at_the_same_open) ... ok
check	Compile and run offline checks	2026-10-03T05:37:20.6430699Z test_the_capital_limit_caps_the_whole_pool (test_preview.PreviewTests.test_the_capital_limit_caps_the_whole_pool) ... ok
check	Compile and run offline checks	2026-10-03T05:37:20.6432619Z test_the_forward_rules_hash_is_the_one_in_the_spec (test_research.ResearchTests.test_the_forward_rules_hash_is_the_one_in_the_spec) ... ok
check	Compile and run offline checks	2026-10-03T05:37:20.6500755Z test_the_loader_reads_the_named_symbol_and_extra_roots (test_research.ResearchTests.test_the_loader_reads_the_named_symbol_and_extra_roots) ... ok
check	Compile and run offline checks	2026-10-03T05:37:20.6507874Z test_corrupt_existing_input_is_refused_and_preserved (test_restore_btc.RestoreTests.test_corrupt_existing_input_is_refused_and_preserved) ... ok
check	Compile and run offline checks	2026-10-03T05:37:20.7922331Z test_a_failed_preview_still_keeps_the_positions_in_step_with_the_model (test_session.SessionTests.test_a_failed_preview_still_keeps_the_positions_in_step_with_the_model) ... ok
check	Compile and run offline checks	2026-10-03T05:37:20.8401340Z test_a_flat_account_reads_later_trades_from_the_cursor (test_session.SessionTests.test_a_flat_account_reads_later_trades_from_the_cursor) ... /home/runner/work/spotquant/spotquant/spotquant/model.py:350: ResourceWarning: unclosed database in <sqlite3.Connection object at 0x7fea4c09e980>
check	Compile and run offline checks	2026-10-03T05:37:20.8402621Z   model.closes = deque((D(item) for item in body['closes']), maxlen=limit)
check	Compile and run offline checks	2026-10-03T05:37:20.8403133Z ResourceWarning: Enable tracemalloc to get the object allocation traceback
check	Compile and run offline checks	2026-10-03T05:37:20.8787816Z /home/runner/work/spotquant/spotquant/spotquant/preview.py:413: ResourceWarning: unclosed database in <sqlite3.Connection object at 0x7fea4c09fb50>
check	Compile and run offline checks	2026-10-03T05:37:20.8789588Z   views = {w: decision_view(v, positions.get(w), owners) for w, v in views.items()}
check	Compile and run offline checks	2026-10-03T05:37:20.8790563Z ResourceWarning: Enable tracemalloc to get the object allocation traceback
check	Compile and run offline checks	2026-10-03T05:37:20.9302563Z ok
check	Compile and run offline checks	2026-10-03T05:37:20.9452579Z test_a_followed_buy_previews_the_fill_stop_and_a_failed_cycle_drops_the_old_view (test_session.SessionTests.test_a_followed_buy_previews_the_fill_stop_and_a_failed_cycle_drops_the_old_view) ... /home/runner/work/spotquant/spotquant/spotquant/types.py:37: ResourceWarning: unclosed database in <sqlite3.Connection object at 0x7fea4c09c9a0>
check	Compile and run offline checks	2026-10-03T05:37:20.9455125Z   return (value / step).to_integral_value(rounding=ROUND_DOWN) * step
check	Compile and run offline checks	2026-10-03T05:37:20.9455774Z ResourceWarning: Enable tracemalloc to get the object allocation traceback
check	Compile and run offline checks	2026-10-03T05:37:20.9456718Z /home/runner/work/spotquant/spotquant/spotquant/types.py:37: ResourceWarning: unclosed database in <sqlite3.Connection object at 0x7fea4c09e980>
check	Compile and run offline checks	2026-10-03T05:37:20.9457633Z   return (value / step).to_integral_value(rounding=ROUND_DOWN) * step
check	Compile and run offline checks	2026-10-03T05:37:20.9458586Z ResourceWarning: Enable tracemalloc to get the object allocation traceback
check	Compile and run offline checks	2026-10-03T05:37:20.9459554Z /home/runner/work/spotquant/spotquant/spotquant/types.py:37: ResourceWarning: unclosed database in <sqlite3.Connection object at 0x7fea4c09fb50>
check	Compile and run offline checks	2026-10-03T05:37:20.9460386Z   return (value / step).to_integral_value(rounding=ROUND_DOWN) * step
check	Compile and run offline checks	2026-10-03T05:37:20.9460862Z ResourceWarning: Enable tracemalloc to get the object allocation traceback
check	Compile and run offline checks	2026-10-03T05:37:21.0423751Z ok
check	Compile and run offline checks	2026-10-03T05:37:21.0923938Z test_a_full_transfer_out_without_a_sell_is_unknown_and_drops_the_followed_flag (test_session.SessionTests.test_a_full_transfer_out_without_a_sell_is_unknown_and_drops_the_followed_flag) ... /home/runner/work/spotquant/spotquant/spotquant/state.py:90: ResourceWarning: unclosed database in <sqlite3.Connection object at 0x7fea4c09c310>
check	Compile and run offline checks	2026-10-03T05:37:21.0926723Z   row = self.db.execute('SELECT value FROM meta WHERE key=?', (key,)).fetchone()
check	Compile and run offline checks	2026-10-03T05:37:21.0927822Z ResourceWarning: Enable tracemalloc to get the object allocation traceback
check	Compile and run offline checks	2026-10-03T05:37:21.0929524Z /home/runner/work/spotquant/spotquant/spotquant/state.py:90: ResourceWarning: unclosed database in <sqlite3.Connection object at 0x7fea4c09e980>
check	Compile and run offline checks	2026-10-03T05:37:21.0930938Z   row = self.db.execute('SELECT value FROM meta WHERE key=?', (key,)).fetchone()
check	Compile and run offline checks	2026-10-03T05:37:21.0931857Z ResourceWarning: Enable tracemalloc to get the object allocation traceback
check	Compile and run offline checks	2026-10-03T05:37:21.0933266Z /home/runner/work/spotquant/spotquant/spotquant/state.py:90: ResourceWarning: unclosed database in <sqlite3.Connection object at 0x7fea4c37f790>
check	Compile and run offline checks	2026-10-03T05:37:21.0934627Z   row = self.db.execute('SELECT value FROM meta WHERE key=?', (key,)).fetchone()
check	Compile and run offline checks	2026-10-03T05:37:21.0935542Z ResourceWarning: Enable tracemalloc to get the object allocation traceback
check	Compile and run offline checks	2026-10-03T05:37:21.1309338Z /home/runner/work/spotquant/spotquant/spotquant/preview.py:413: ResourceWarning: unclosed database in <sqlite3.Connection object at 0x7fea4c09e980>
check	Compile and run offline checks	2026-10-03T05:37:21.1311134Z   views = {w: decision_view(v, positions.get(w), owners) for w, v in views.items()}
check	Compile and run offline checks	2026-10-03T05:37:21.1312098Z ResourceWarning: Enable tracemalloc to get the object allocation traceback
check	Compile and run offline checks	2026-10-03T05:37:21.1629107Z ok
check	Compile and run offline checks	2026-10-03T05:37:21.2813779Z test_a_sell_on_the_account_closes_the_followed_sleeves (test_session.SessionTests.test_a_sell_on_the_account_closes_the_followed_sleeves) ... ok
check	Compile and run offline checks	2026-10-03T05:37:21.3606143Z test_an_old_checkpoint_is_rejected_even_when_flat (test_session.SessionTests.test_an_old_checkpoint_is_rejected_even_when_flat) ... ok
check	Compile and run offline checks	2026-10-03T05:37:21.3986044Z test_cold_start_then_two_bullish_closes_preview_entry (test_session.SessionTests.test_cold_start_then_two_bullish_closes_preview_entry) ... /home/runner/work/spotquant/spotquant/spotquant/preview.py:343: ResourceWarning: unclosed database in <sqlite3.Connection object at 0x7fea4c09e980>
check	Compile and run offline checks	2026-10-03T05:37:21.3987724Z   voters = sum(bool(views[w].bull) and decision['sleeves'][str(w)]['action'] in ('enter', 'hold')
check	Compile and run offline checks	2026-10-03T05:37:21.3988943Z ResourceWarning: Enable tracemalloc to get the object allocation traceback
check	Compile and run offline checks	2026-10-03T05:37:21.3990337Z /home/runner/work/spotquant/spotquant/spotquant/preview.py:343: ResourceWarning: unclosed database in <sqlite3.Connection object at 0x7fea4c09ca90>
check	Compile and run offline checks	2026-10-03T05:37:21.3992054Z   voters = sum(bool(views[w].bull) and decision['sleeves'][str(w)]['action'] in ('enter', 'hold')
check	Compile and run offline checks	2026-10-03T05:37:21.3992875Z ResourceWarning: Enable tracemalloc to get the object allocation traceback
check	Compile and run offline checks	2026-10-03T05:37:21.3993681Z /home/runner/work/spotquant/spotquant/spotquant/preview.py:343: ResourceWarning: unclosed database in <sqlite3.Connection object at 0x7fea4c09fb50>
check	Compile and run offline checks	2026-10-03T05:37:21.3994506Z   voters = sum(bool(views[w].bull) and decision['sleeves'][str(w)]['action'] in ('enter', 'hold')
check	Compile and run offline checks	2026-10-03T05:37:21.3995067Z ResourceWarning: Enable tracemalloc to get the object allocation traceback
check	Compile and run offline checks	2026-10-03T05:37:21.3995844Z /home/runner/work/spotquant/spotquant/spotquant/preview.py:343: ResourceWarning: unclosed database in <sqlite3.Connection object at 0x7fea4c37f790>
check	Compile and run offline checks	2026-10-03T05:37:21.3996654Z   voters = sum(bool(views[w].bull) and decision['sleeves'][str(w)]['action'] in ('enter', 'hold')
check	Compile and run offline checks	2026-10-03T05:37:21.3997202Z ResourceWarning: Enable tracemalloc to get the object allocation traceback
check	Compile and run offline checks	2026-10-03T05:37:21.4294272Z ok
check	Compile and run offline checks	2026-10-03T05:37:21.4611612Z test_external_btc_stops_the_observation (test_session.SessionTests.test_external_btc_stops_the_observation) ... ok
check	Compile and run offline checks	2026-10-03T05:37:21.5807413Z test_open_order_details_stay_on_the_report (test_session.SessionTests.test_open_order_details_stay_on_the_report) ... ok
check	Compile and run offline checks	2026-10-03T05:37:21.5960560Z test_actual_bounded_sessions_enter_protect_and_independently_audit (test_session_account.SessionAccountTests.test_actual_bounded_sessions_enter_protect_and_independently_audit) ... /home/runner/work/spotquant/spotquant/spotquant/model.py:233: ResourceWarning: unclosed database in <sqlite3.Connection object at 0x7fea4c09e980>
check	Compile and run offline checks	2026-10-03T05:37:21.5962441Z   self.true_ranges.append((open_time, max(high - low, abs(high - self.close), abs(low - self.close))))
check	Compile and run offline checks	2026-10-03T05:37:21.7023094Z ResourceWarning: Enable tracemalloc to get the object allocation traceback
check	Compile and run offline checks	2026-10-03T05:37:21.7023531Z ok
check	Compile and run offline checks	2026-10-03T05:37:21.7027269Z test_basis_waits_for_current_date_publication (test_session_account.SessionAccountTests.test_basis_waits_for_current_date_publication) ... ok
check	Compile and run offline checks	2026-10-03T05:37:21.7032065Z test_candles_are_completed_and_quotes_interpolate_without_future_candles (test_session_account.SessionAccountTests.test_candles_are_completed_and_quotes_interpolate_without_future_candles) ... ok
check	Compile and run offline checks	2026-10-03T05:37:21.7720749Z test_deadline_is_installed_and_prevents_late_client_dispatch (test_session_account.SessionAccountTests.test_deadline_is_installed_and_prevents_late_client_dispatch) ... ok
check	Compile and run offline checks	2026-10-03T05:37:21.7725377Z test_dispatched_cancel_finishes_at_venue_even_after_client_deadline (test_session_account.SessionAccountTests.test_dispatched_cancel_finishes_at_venue_even_after_client_deadline) ... ok
check	Compile and run offline checks	2026-10-03T05:37:21.7729782Z test_stop_acts_between_sessions_and_cash_fill_identity_holds (test_session_account.SessionAccountTests.test_stop_acts_between_sessions_and_cash_fill_identity_holds) ... /home/runner/work/spotquant/spotquant/research/session_account.py:13: ResourceWarning: unclosed database in <sqlite3.Connection object at 0x7fea4c37f790>
check	Compile and run offline checks	2026-10-03T05:37:21.7731476Z   completed = [(t, h, l, c) for t, o, h, l, c, q in bars if t + DAY <= start]
check	Compile and run offline checks	2026-10-03T05:37:21.7732091Z ResourceWarning: Enable tracemalloc to get the object allocation traceback
check	Compile and run offline checks	2026-10-03T05:37:21.7732910Z /home/runner/work/spotquant/spotquant/research/session_account.py:13: ResourceWarning: unclosed database in <sqlite3.Connection object at 0x7fea4c09fb50>
check	Compile and run offline checks	2026-10-03T05:37:21.7733683Z   completed = [(t, h, l, c) for t, o, h, l, c, q in bars if t + DAY <= start]
check	Compile and run offline checks	2026-10-03T05:37:21.7734169Z ResourceWarning: Enable tracemalloc to get the object allocation traceback
check	Compile and run offline checks	2026-10-03T05:37:21.7734962Z /home/runner/work/spotquant/spotquant/research/session_account.py:13: ResourceWarning: unclosed database in <sqlite3.Connection object at 0x7fea4c09e980>
check	Compile and run offline checks	2026-10-03T05:37:21.7735726Z   completed = [(t, h, l, c) for t, o, h, l, c, q in bars if t + DAY <= start]
check	Compile and run offline checks	2026-10-03T05:37:21.7736368Z ResourceWarning: Enable tracemalloc to get the object allocation traceback
check	Compile and run offline checks	2026-10-03T05:37:21.7737526Z ok
check	Compile and run offline checks	2026-10-03T05:37:21.7740350Z test_a_base_winner_is_rejected_when_its_skip_drawdown_is_worse (test_simplify.SimplificationTests.test_a_base_winner_is_rejected_when_its_skip_drawdown_is_worse) ... ok
check	Compile and run offline checks	2026-10-03T05:37:21.7741740Z test_delete_all_only_when_every_matched_scenario_passes (test_simplify.SimplificationTests.test_delete_all_only_when_every_matched_scenario_passes) ... ok
check	Compile and run offline checks	2026-10-03T05:37:21.7816603Z test_identity_mismatch_and_client_id_prefix (test_state.StateTests.test_identity_mismatch_and_client_id_prefix) ... ok
check	Compile and run offline checks	2026-10-03T05:37:23.0997163Z test_the_observation_table_keeps_only_the_latest_rows (test_state.StateTests.test_the_observation_table_keeps_only_the_latest_rows) ... ok
check	Compile and run offline checks	2026-10-03T05:37:23.0997789Z 
check	Compile and run offline checks	2026-10-03T05:37:23.0998148Z ----------------------------------------------------------------------
check	Compile and run offline checks	2026-10-03T05:37:23.0998541Z Ran 333 tests in 95.016s
check	Compile and run offline checks	2026-10-03T05:37:23.0998701Z 
check	Compile and run offline checks	2026-10-03T05:37:23.0998784Z OK (skipped=11)
check	Post Run actions/setup-python@ece7cb06caefa5fff74198d8649806c4678c61a1	﻿2026-10-03T05:37:23.1407079Z Post job cleanup.
check	Post Run actions/checkout@fbc6f3992d24b796d5a048ff273f7fcc4a7b6c09	﻿2026-10-03T05:37:23.2933605Z Post job cleanup.
check	Post Run actions/checkout@fbc6f3992d24b796d5a048ff273f7fcc4a7b6c09	2026-10-03T05:37:23.3811767Z [command]/usr/bin/git version
check	Post Run actions/checkout@fbc6f3992d24b796d5a048ff273f7fcc4a7b6c09	2026-10-03T05:37:23.3854314Z git version 2.55.0
check	Post Run actions/checkout@fbc6f3992d24b796d5a048ff273f7fcc4a7b6c09	2026-10-03T05:37:23.3895287Z Temporarily overriding HOME='/home/runner/work/_temp/d6459624-58c6-4656-80f8-78f7d380b43c' before making global git config changes
check	Post Run actions/checkout@fbc6f3992d24b796d5a048ff273f7fcc4a7b6c09	2026-10-03T05:37:23.3897001Z Adding repository directory to the temporary git global config as a safe directory
check	Post Run actions/checkout@fbc6f3992d24b796d5a048ff273f7fcc4a7b6c09	2026-10-03T05:37:23.3901947Z [command]/usr/bin/git config --global --add safe.directory /home/runner/work/spotquant/spotquant
check	Post Run actions/checkout@fbc6f3992d24b796d5a048ff273f7fcc4a7b6c09	2026-10-03T05:37:23.3938441Z [command]/usr/bin/git config --local --name-only --get-regexp core\.sshCommand
check	Post Run actions/checkout@fbc6f3992d24b796d5a048ff273f7fcc4a7b6c09	2026-10-03T05:37:23.3974782Z [command]/usr/bin/git submodule foreach --recursive sh -c "git config --local --name-only --get-regexp 'core\.sshCommand' && git config --local --unset-all 'core.sshCommand' || :"
check	Post Run actions/checkout@fbc6f3992d24b796d5a048ff273f7fcc4a7b6c09	2026-10-03T05:37:23.4231334Z [command]/usr/bin/git config --local --name-only --get-regexp http\.https\:\/\/github\.com\/\.extraheader
check	Post Run actions/checkout@fbc6f3992d24b796d5a048ff273f7fcc4a7b6c09	2026-10-03T05:37:23.4265751Z [command]/usr/bin/git submodule foreach --recursive sh -c "git config --local --name-only --get-regexp 'http\.https\:\/\/github\.com\/\.extraheader' && git config --local --unset-all 'http.https://github.com/.extraheader' || :"
check	Post Run actions/checkout@fbc6f3992d24b796d5a048ff273f7fcc4a7b6c09	2026-10-03T05:37:23.4655149Z [command]/usr/bin/git config --local --name-only --get-regexp ^includeIf\.gitdir:
check	Post Run actions/checkout@fbc6f3992d24b796d5a048ff273f7fcc4a7b6c09	2026-10-03T05:37:23.4702043Z [command]/usr/bin/git submodule foreach --recursive git config --local --show-origin --name-only --get-regexp remote.origin.url
check	Complete job	﻿2026-10-03T05:37:23.5198699Z Cleaning up orphan processes
