check	Set up job	﻿2026-10-03T04:52:56.0789699Z Current runner version: '2.337.0'
check	Set up job	2026-10-03T04:52:56.0815701Z ##[group]Runner Image Provisioner
check	Set up job	2026-10-03T04:52:56.0816596Z Hosted Compute Agent
check	Set up job	2026-10-03T04:52:56.0817588Z Version: 20260901.588
check	Set up job	2026-10-03T04:52:56.0818333Z Commit: f88ec8081b781fac6c440065ac7ff9e710ce3d0b
check	Set up job	2026-10-03T04:52:56.0819087Z Build Date: 2026-09-01T19:56:44Z
check	Set up job	2026-10-03T04:52:56.0819851Z Worker ID: {fc28c53b-fdf7-4efb-a76d-e8f708cc46f5}
check	Set up job	2026-10-03T04:52:56.0820639Z Azure Region: northcentralus
check	Set up job	2026-10-03T04:52:56.0821250Z ##[endgroup]
check	Set up job	2026-10-03T04:52:56.0823561Z ##[group]Operating System
check	Set up job	2026-10-03T04:52:56.0824268Z Ubuntu
check	Set up job	2026-10-03T04:52:56.0824898Z 24.04.5
check	Set up job	2026-10-03T04:52:56.0825474Z LTS
check	Set up job	2026-10-03T04:52:56.0826043Z ##[endgroup]
check	Set up job	2026-10-03T04:52:56.0827154Z ##[group]Runner Image
check	Set up job	2026-10-03T04:52:56.0827910Z Image: ubuntu-24.04
check	Set up job	2026-10-03T04:52:56.0828739Z Version: 20260927.320.1
check	Set up job	2026-10-03T04:52:56.0830164Z Included Software: https://github.com/actions/runner-images/blob/ubuntu24/20260927.320/images/ubuntu/Ubuntu2404-Readme.md
check	Set up job	2026-10-03T04:52:56.0832016Z Image Release: https://github.com/actions/runner-images/releases/tag/ubuntu24%2F20260927.320
check	Set up job	2026-10-03T04:52:56.0833041Z ##[endgroup]
check	Set up job	2026-10-03T04:52:56.0834193Z ##[group]GITHUB_TOKEN Permissions
check	Set up job	2026-10-03T04:52:56.0836351Z Contents: read
check	Set up job	2026-10-03T04:52:56.0837368Z Metadata: read
check	Set up job	2026-10-03T04:52:56.0838013Z ##[endgroup]
check	Set up job	2026-10-03T04:52:56.0840067Z Secret source: Actions
check	Set up job	2026-10-03T04:52:56.0841219Z Cache mode: write
check	Set up job	2026-10-03T04:52:56.0842276Z Prepare workflow directory
check	Set up job	2026-10-03T04:52:56.1189828Z Prepare all required actions
check	Set up job	2026-10-03T04:52:56.1239740Z Getting action download info
check	Set up job	2026-10-03T04:52:56.3866822Z Download action repository 'actions/checkout@fbc6f3992d24b796d5a048ff273f7fcc4a7b6c09' (SHA:fbc6f3992d24b796d5a048ff273f7fcc4a7b6c09)
check	Set up job	2026-10-03T04:52:56.4777610Z Download action repository 'actions/setup-python@ece7cb06caefa5fff74198d8649806c4678c61a1' (SHA:ece7cb06caefa5fff74198d8649806c4678c61a1)
check	Set up job	2026-10-03T04:52:56.6550464Z Complete job name: check
check	Run actions/checkout@fbc6f3992d24b796d5a048ff273f7fcc4a7b6c09	﻿2026-10-03T04:52:56.7324031Z ##[group]Run actions/checkout@fbc6f3992d24b796d5a048ff273f7fcc4a7b6c09
check	Run actions/checkout@fbc6f3992d24b796d5a048ff273f7fcc4a7b6c09	2026-10-03T04:52:56.7325134Z with:
check	Run actions/checkout@fbc6f3992d24b796d5a048ff273f7fcc4a7b6c09	2026-10-03T04:52:56.7325635Z   ref: 7f5967ea581800431cb017dbad8d3f4131763985
check	Run actions/checkout@fbc6f3992d24b796d5a048ff273f7fcc4a7b6c09	2026-10-03T04:52:56.7326263Z   persist-credentials: false
check	Run actions/checkout@fbc6f3992d24b796d5a048ff273f7fcc4a7b6c09	2026-10-03T04:52:56.7327078Z   repository: geniusgrok/spotquant
check	Run actions/checkout@fbc6f3992d24b796d5a048ff273f7fcc4a7b6c09	2026-10-03T04:52:56.7331010Z   token: ***
check	Run actions/checkout@fbc6f3992d24b796d5a048ff273f7fcc4a7b6c09	2026-10-03T04:52:56.7331457Z   ssh-strict: true
check	Run actions/checkout@fbc6f3992d24b796d5a048ff273f7fcc4a7b6c09	2026-10-03T04:52:56.7331906Z   ssh-user: git
check	Run actions/checkout@fbc6f3992d24b796d5a048ff273f7fcc4a7b6c09	2026-10-03T04:52:56.7332351Z   clean: true
check	Run actions/checkout@fbc6f3992d24b796d5a048ff273f7fcc4a7b6c09	2026-10-03T04:52:56.7332813Z   sparse-checkout-cone-mode: true
check	Run actions/checkout@fbc6f3992d24b796d5a048ff273f7fcc4a7b6c09	2026-10-03T04:52:56.7333348Z   fetch-depth: 1
check	Run actions/checkout@fbc6f3992d24b796d5a048ff273f7fcc4a7b6c09	2026-10-03T04:52:56.7333788Z   fetch-tags: false
check	Run actions/checkout@fbc6f3992d24b796d5a048ff273f7fcc4a7b6c09	2026-10-03T04:52:56.7334242Z   show-progress: true
check	Run actions/checkout@fbc6f3992d24b796d5a048ff273f7fcc4a7b6c09	2026-10-03T04:52:56.7334702Z   lfs: false
check	Run actions/checkout@fbc6f3992d24b796d5a048ff273f7fcc4a7b6c09	2026-10-03T04:52:56.7335150Z   submodules: false
check	Run actions/checkout@fbc6f3992d24b796d5a048ff273f7fcc4a7b6c09	2026-10-03T04:52:56.7335611Z   set-safe-directory: true
check	Run actions/checkout@fbc6f3992d24b796d5a048ff273f7fcc4a7b6c09	2026-10-03T04:52:56.7336134Z   allow-unsafe-pr-checkout: false
check	Run actions/checkout@fbc6f3992d24b796d5a048ff273f7fcc4a7b6c09	2026-10-03T04:52:56.7337106Z ##[endgroup]
check	Run actions/checkout@fbc6f3992d24b796d5a048ff273f7fcc4a7b6c09	2026-10-03T04:52:56.8349040Z Syncing repository: geniusgrok/spotquant
check	Run actions/checkout@fbc6f3992d24b796d5a048ff273f7fcc4a7b6c09	2026-10-03T04:52:56.8352112Z ##[group]Getting Git version info
check	Run actions/checkout@fbc6f3992d24b796d5a048ff273f7fcc4a7b6c09	2026-10-03T04:52:56.8353287Z Working directory is '/home/runner/work/spotquant/spotquant'
check	Run actions/checkout@fbc6f3992d24b796d5a048ff273f7fcc4a7b6c09	2026-10-03T04:52:56.8354930Z [command]/usr/bin/git version
check	Run actions/checkout@fbc6f3992d24b796d5a048ff273f7fcc4a7b6c09	2026-10-03T04:52:56.8405113Z git version 2.55.0
check	Run actions/checkout@fbc6f3992d24b796d5a048ff273f7fcc4a7b6c09	2026-10-03T04:52:56.8428099Z ##[endgroup]
check	Run actions/checkout@fbc6f3992d24b796d5a048ff273f7fcc4a7b6c09	2026-10-03T04:52:56.8442823Z Temporarily overriding HOME='/home/runner/work/_temp/51023f0a-dbd0-440d-a5e9-46e86c07a06a' before making global git config changes
check	Run actions/checkout@fbc6f3992d24b796d5a048ff273f7fcc4a7b6c09	2026-10-03T04:52:56.8445259Z Adding repository directory to the temporary git global config as a safe directory
check	Run actions/checkout@fbc6f3992d24b796d5a048ff273f7fcc4a7b6c09	2026-10-03T04:52:56.8448387Z [command]/usr/bin/git config --global --add safe.directory /home/runner/work/spotquant/spotquant
check	Run actions/checkout@fbc6f3992d24b796d5a048ff273f7fcc4a7b6c09	2026-10-03T04:52:56.8498602Z Deleting the contents of '/home/runner/work/spotquant/spotquant'
check	Run actions/checkout@fbc6f3992d24b796d5a048ff273f7fcc4a7b6c09	2026-10-03T04:52:56.8504041Z ##[group]Initializing the repository
check	Run actions/checkout@fbc6f3992d24b796d5a048ff273f7fcc4a7b6c09	2026-10-03T04:52:56.8509476Z [command]/usr/bin/git init /home/runner/work/spotquant/spotquant
check	Run actions/checkout@fbc6f3992d24b796d5a048ff273f7fcc4a7b6c09	2026-10-03T04:52:56.8612402Z hint: Using 'master' as the name for the initial branch. This default branch name
check	Run actions/checkout@fbc6f3992d24b796d5a048ff273f7fcc4a7b6c09	2026-10-03T04:52:56.8614484Z hint: will change to "main" in Git 3.0. To configure the initial branch name
check	Run actions/checkout@fbc6f3992d24b796d5a048ff273f7fcc4a7b6c09	2026-10-03T04:52:56.8617773Z hint: to use in all of your new repositories, which will suppress this warning,
check	Run actions/checkout@fbc6f3992d24b796d5a048ff273f7fcc4a7b6c09	2026-10-03T04:52:56.8619088Z hint: call:
check	Run actions/checkout@fbc6f3992d24b796d5a048ff273f7fcc4a7b6c09	2026-10-03T04:52:56.8619837Z hint:
check	Run actions/checkout@fbc6f3992d24b796d5a048ff273f7fcc4a7b6c09	2026-10-03T04:52:56.8620632Z hint: 	git config --global init.defaultBranch <name>
check	Run actions/checkout@fbc6f3992d24b796d5a048ff273f7fcc4a7b6c09	2026-10-03T04:52:56.8621606Z hint:
check	Run actions/checkout@fbc6f3992d24b796d5a048ff273f7fcc4a7b6c09	2026-10-03T04:52:56.8622554Z hint: Names commonly chosen instead of 'master' are 'main', 'trunk' and
check	Run actions/checkout@fbc6f3992d24b796d5a048ff273f7fcc4a7b6c09	2026-10-03T04:52:56.8624129Z hint: 'development'. The just-created branch can be renamed via this command:
check	Run actions/checkout@fbc6f3992d24b796d5a048ff273f7fcc4a7b6c09	2026-10-03T04:52:56.8625340Z hint:
check	Run actions/checkout@fbc6f3992d24b796d5a048ff273f7fcc4a7b6c09	2026-10-03T04:52:56.8625991Z hint: 	git branch -m <name>
check	Run actions/checkout@fbc6f3992d24b796d5a048ff273f7fcc4a7b6c09	2026-10-03T04:52:56.8627011Z hint:
check	Run actions/checkout@fbc6f3992d24b796d5a048ff273f7fcc4a7b6c09	2026-10-03T04:52:56.8628032Z hint: Disable this message with "git config set advice.defaultBranchName false"
check	Run actions/checkout@fbc6f3992d24b796d5a048ff273f7fcc4a7b6c09	2026-10-03T04:52:56.8629697Z Initialized empty Git repository in /home/runner/work/spotquant/spotquant/.git/
check	Run actions/checkout@fbc6f3992d24b796d5a048ff273f7fcc4a7b6c09	2026-10-03T04:52:56.8632250Z [command]/usr/bin/git remote add origin https://github.com/geniusgrok/spotquant
check	Run actions/checkout@fbc6f3992d24b796d5a048ff273f7fcc4a7b6c09	2026-10-03T04:52:56.8677061Z ##[endgroup]
check	Run actions/checkout@fbc6f3992d24b796d5a048ff273f7fcc4a7b6c09	2026-10-03T04:52:56.8678853Z ##[group]Disabling automatic garbage collection
check	Run actions/checkout@fbc6f3992d24b796d5a048ff273f7fcc4a7b6c09	2026-10-03T04:52:56.8681210Z [command]/usr/bin/git config --local gc.auto 0
check	Run actions/checkout@fbc6f3992d24b796d5a048ff273f7fcc4a7b6c09	2026-10-03T04:52:56.8715820Z ##[endgroup]
check	Run actions/checkout@fbc6f3992d24b796d5a048ff273f7fcc4a7b6c09	2026-10-03T04:52:56.8717269Z ##[group]Setting up auth
check	Run actions/checkout@fbc6f3992d24b796d5a048ff273f7fcc4a7b6c09	2026-10-03T04:52:56.8722615Z [command]/usr/bin/git config --local --name-only --get-regexp core\.sshCommand
check	Run actions/checkout@fbc6f3992d24b796d5a048ff273f7fcc4a7b6c09	2026-10-03T04:52:56.8757349Z [command]/usr/bin/git submodule foreach --recursive sh -c "git config --local --name-only --get-regexp 'core\.sshCommand' && git config --local --unset-all 'core.sshCommand' || :"
check	Run actions/checkout@fbc6f3992d24b796d5a048ff273f7fcc4a7b6c09	2026-10-03T04:52:56.9115620Z [command]/usr/bin/git config --local --name-only --get-regexp http\.https\:\/\/github\.com\/\.extraheader
check	Run actions/checkout@fbc6f3992d24b796d5a048ff273f7fcc4a7b6c09	2026-10-03T04:52:56.9165995Z [command]/usr/bin/git submodule foreach --recursive sh -c "git config --local --name-only --get-regexp 'http\.https\:\/\/github\.com\/\.extraheader' && git config --local --unset-all 'http.https://github.com/.extraheader' || :"
check	Run actions/checkout@fbc6f3992d24b796d5a048ff273f7fcc4a7b6c09	2026-10-03T04:52:56.9397216Z [command]/usr/bin/git config --local --name-only --get-regexp ^includeIf\.gitdir:
check	Run actions/checkout@fbc6f3992d24b796d5a048ff273f7fcc4a7b6c09	2026-10-03T04:52:56.9434615Z [command]/usr/bin/git submodule foreach --recursive git config --local --show-origin --name-only --get-regexp remote.origin.url
check	Run actions/checkout@fbc6f3992d24b796d5a048ff273f7fcc4a7b6c09	2026-10-03T04:52:56.9656988Z [command]/usr/bin/git config --local http.https://github.com/.extraheader AUTHORIZATION: basic ***
check	Run actions/checkout@fbc6f3992d24b796d5a048ff273f7fcc4a7b6c09	2026-10-03T04:52:56.9699775Z ##[endgroup]
check	Run actions/checkout@fbc6f3992d24b796d5a048ff273f7fcc4a7b6c09	2026-10-03T04:52:56.9701245Z ##[group]Fetching the repository
check	Run actions/checkout@fbc6f3992d24b796d5a048ff273f7fcc4a7b6c09	2026-10-03T04:52:56.9711910Z [command]/usr/bin/git -c protocol.version=2 fetch --no-tags --prune --no-recurse-submodules --depth=1 origin 7f5967ea581800431cb017dbad8d3f4131763985
check	Run actions/checkout@fbc6f3992d24b796d5a048ff273f7fcc4a7b6c09	2026-10-03T04:52:59.4987468Z From https://github.com/geniusgrok/spotquant
check	Run actions/checkout@fbc6f3992d24b796d5a048ff273f7fcc4a7b6c09	2026-10-03T04:52:59.4989976Z  * branch            7f5967ea581800431cb017dbad8d3f4131763985 -> FETCH_HEAD
check	Run actions/checkout@fbc6f3992d24b796d5a048ff273f7fcc4a7b6c09	2026-10-03T04:52:59.4996007Z ##[endgroup]
check	Run actions/checkout@fbc6f3992d24b796d5a048ff273f7fcc4a7b6c09	2026-10-03T04:52:59.4998448Z ##[group]Determining the checkout info
check	Run actions/checkout@fbc6f3992d24b796d5a048ff273f7fcc4a7b6c09	2026-10-03T04:52:59.5000579Z ##[endgroup]
check	Run actions/checkout@fbc6f3992d24b796d5a048ff273f7fcc4a7b6c09	2026-10-03T04:52:59.5001811Z [command]/usr/bin/git sparse-checkout disable
check	Run actions/checkout@fbc6f3992d24b796d5a048ff273f7fcc4a7b6c09	2026-10-03T04:52:59.5054177Z [command]/usr/bin/git config --local --unset-all extensions.worktreeConfig
check	Run actions/checkout@fbc6f3992d24b796d5a048ff273f7fcc4a7b6c09	2026-10-03T04:52:59.5090068Z ##[group]Checking out the ref
check	Run actions/checkout@fbc6f3992d24b796d5a048ff273f7fcc4a7b6c09	2026-10-03T04:52:59.5094916Z [command]/usr/bin/git checkout --progress --force 7f5967ea581800431cb017dbad8d3f4131763985
check	Run actions/checkout@fbc6f3992d24b796d5a048ff273f7fcc4a7b6c09	2026-10-03T04:53:00.3829099Z Note: switching to '7f5967ea581800431cb017dbad8d3f4131763985'.
check	Run actions/checkout@fbc6f3992d24b796d5a048ff273f7fcc4a7b6c09	2026-10-03T04:53:00.3831345Z 
check	Run actions/checkout@fbc6f3992d24b796d5a048ff273f7fcc4a7b6c09	2026-10-03T04:53:00.3833648Z You are in 'detached HEAD' state. You can look around, make experimental
check	Run actions/checkout@fbc6f3992d24b796d5a048ff273f7fcc4a7b6c09	2026-10-03T04:53:00.3834626Z changes and commit them, and you can discard any commits you make in this
check	Run actions/checkout@fbc6f3992d24b796d5a048ff273f7fcc4a7b6c09	2026-10-03T04:53:00.3835784Z state without impacting any branches by switching back to a branch.
check	Run actions/checkout@fbc6f3992d24b796d5a048ff273f7fcc4a7b6c09	2026-10-03T04:53:00.3836433Z 
check	Run actions/checkout@fbc6f3992d24b796d5a048ff273f7fcc4a7b6c09	2026-10-03T04:53:00.3837075Z If you want to create a new branch to retain commits you create, you may
check	Run actions/checkout@fbc6f3992d24b796d5a048ff273f7fcc4a7b6c09	2026-10-03T04:53:00.3837969Z do so (now or later) by using -c with the switch command. Example:
check	Run actions/checkout@fbc6f3992d24b796d5a048ff273f7fcc4a7b6c09	2026-10-03T04:53:00.3838909Z 
check	Run actions/checkout@fbc6f3992d24b796d5a048ff273f7fcc4a7b6c09	2026-10-03T04:53:00.3839145Z   git switch -c <new-branch-name>
check	Run actions/checkout@fbc6f3992d24b796d5a048ff273f7fcc4a7b6c09	2026-10-03T04:53:00.3839494Z 
check	Run actions/checkout@fbc6f3992d24b796d5a048ff273f7fcc4a7b6c09	2026-10-03T04:53:00.3839724Z Or undo this operation with:
check	Run actions/checkout@fbc6f3992d24b796d5a048ff273f7fcc4a7b6c09	2026-10-03T04:53:00.3840034Z 
check	Run actions/checkout@fbc6f3992d24b796d5a048ff273f7fcc4a7b6c09	2026-10-03T04:53:00.3840224Z   git switch -
check	Run actions/checkout@fbc6f3992d24b796d5a048ff273f7fcc4a7b6c09	2026-10-03T04:53:00.3840498Z 
check	Run actions/checkout@fbc6f3992d24b796d5a048ff273f7fcc4a7b6c09	2026-10-03T04:53:00.3840955Z Turn off this advice by setting config variable advice.detachedHead to false
check	Run actions/checkout@fbc6f3992d24b796d5a048ff273f7fcc4a7b6c09	2026-10-03T04:53:00.3841543Z 
check	Run actions/checkout@fbc6f3992d24b796d5a048ff273f7fcc4a7b6c09	2026-10-03T04:53:00.3842199Z HEAD is now at 7f5967e Merge 75c7d8efb07c98d21f1350d0f6186b48ed48a5a2 into ffd14d3aa53b191d15bd8377f0809a8846c53232
check	Run actions/checkout@fbc6f3992d24b796d5a048ff273f7fcc4a7b6c09	2026-10-03T04:53:00.3864097Z ##[endgroup]
check	Run actions/checkout@fbc6f3992d24b796d5a048ff273f7fcc4a7b6c09	2026-10-03T04:53:00.3910119Z [command]/usr/bin/git log -1 --format=%H
check	Run actions/checkout@fbc6f3992d24b796d5a048ff273f7fcc4a7b6c09	2026-10-03T04:53:00.3937577Z 7f5967ea581800431cb017dbad8d3f4131763985
check	Run actions/checkout@fbc6f3992d24b796d5a048ff273f7fcc4a7b6c09	2026-10-03T04:53:00.3947107Z ##[group]Removing auth
check	Run actions/checkout@fbc6f3992d24b796d5a048ff273f7fcc4a7b6c09	2026-10-03T04:53:00.3951003Z [command]/usr/bin/git config --local --name-only --get-regexp core\.sshCommand
check	Run actions/checkout@fbc6f3992d24b796d5a048ff273f7fcc4a7b6c09	2026-10-03T04:53:00.3984806Z [command]/usr/bin/git submodule foreach --recursive sh -c "git config --local --name-only --get-regexp 'core\.sshCommand' && git config --local --unset-all 'core.sshCommand' || :"
check	Run actions/checkout@fbc6f3992d24b796d5a048ff273f7fcc4a7b6c09	2026-10-03T04:53:00.4209901Z [command]/usr/bin/git config --local --name-only --get-regexp http\.https\:\/\/github\.com\/\.extraheader
check	Run actions/checkout@fbc6f3992d24b796d5a048ff273f7fcc4a7b6c09	2026-10-03T04:53:00.4236116Z http.https://github.com/.extraheader
check	Run actions/checkout@fbc6f3992d24b796d5a048ff273f7fcc4a7b6c09	2026-10-03T04:53:00.4243457Z [command]/usr/bin/git config --local --unset-all http.https://github.com/.extraheader
check	Run actions/checkout@fbc6f3992d24b796d5a048ff273f7fcc4a7b6c09	2026-10-03T04:53:00.4278736Z [command]/usr/bin/git submodule foreach --recursive sh -c "git config --local --name-only --get-regexp 'http\.https\:\/\/github\.com\/\.extraheader' && git config --local --unset-all 'http.https://github.com/.extraheader' || :"
check	Run actions/checkout@fbc6f3992d24b796d5a048ff273f7fcc4a7b6c09	2026-10-03T04:53:00.4500479Z [command]/usr/bin/git config --local --name-only --get-regexp ^includeIf\.gitdir:
check	Run actions/checkout@fbc6f3992d24b796d5a048ff273f7fcc4a7b6c09	2026-10-03T04:53:00.4533249Z [command]/usr/bin/git submodule foreach --recursive git config --local --show-origin --name-only --get-regexp remote.origin.url
check	Run actions/checkout@fbc6f3992d24b796d5a048ff273f7fcc4a7b6c09	2026-10-03T04:53:00.4756571Z ##[endgroup]
check	Run actions/setup-python@ece7cb06caefa5fff74198d8649806c4678c61a1	﻿2026-10-03T04:53:00.5031156Z ##[group]Run actions/setup-python@ece7cb06caefa5fff74198d8649806c4678c61a1
check	Run actions/setup-python@ece7cb06caefa5fff74198d8649806c4678c61a1	2026-10-03T04:53:00.5031693Z with:
check	Run actions/setup-python@ece7cb06caefa5fff74198d8649806c4678c61a1	2026-10-03T04:53:00.5031952Z   python-version: 3.13
check	Run actions/setup-python@ece7cb06caefa5fff74198d8649806c4678c61a1	2026-10-03T04:53:00.5032227Z   check-latest: false
check	Run actions/setup-python@ece7cb06caefa5fff74198d8649806c4678c61a1	2026-10-03T04:53:00.5034912Z   token: ***
check	Run actions/setup-python@ece7cb06caefa5fff74198d8649806c4678c61a1	2026-10-03T04:53:00.5103590Z   update-environment: true
check	Run actions/setup-python@ece7cb06caefa5fff74198d8649806c4678c61a1	2026-10-03T04:53:00.5104151Z   allow-prereleases: false
check	Run actions/setup-python@ece7cb06caefa5fff74198d8649806c4678c61a1	2026-10-03T04:53:00.5104747Z   freethreaded: false
check	Run actions/setup-python@ece7cb06caefa5fff74198d8649806c4678c61a1	2026-10-03T04:53:00.5105271Z ##[endgroup]
check	Run actions/setup-python@ece7cb06caefa5fff74198d8649806c4678c61a1	2026-10-03T04:53:00.6450671Z ##[group]Installed versions
check	Run actions/setup-python@ece7cb06caefa5fff74198d8649806c4678c61a1	2026-10-03T04:53:00.6540120Z Successfully set up CPython (3.13.15)
check	Run actions/setup-python@ece7cb06caefa5fff74198d8649806c4678c61a1	2026-10-03T04:53:00.6541179Z ##[endgroup]
check	Compile and run offline checks	﻿2026-10-03T04:53:00.6731219Z ##[group]Run python -m compileall -q spotquant research tests
check	Compile and run offline checks	2026-10-03T04:53:00.6731880Z [36;1mpython -m compileall -q spotquant research tests[0m
check	Compile and run offline checks	2026-10-03T04:53:00.6732330Z [36;1mpython -m unittest discover -s tests -v[0m
check	Compile and run offline checks	2026-10-03T04:53:00.7028106Z shell: /usr/bin/bash -e {0}
check	Compile and run offline checks	2026-10-03T04:53:00.7028497Z env:
check	Compile and run offline checks	2026-10-03T04:53:00.7028880Z   pythonLocation: /opt/hostedtoolcache/Python/3.13.15/x64
check	Compile and run offline checks	2026-10-03T04:53:00.7029441Z   PKG_CONFIG_PATH: /opt/hostedtoolcache/Python/3.13.15/x64/lib/pkgconfig
check	Compile and run offline checks	2026-10-03T04:53:00.7029964Z   Python_ROOT_DIR: /opt/hostedtoolcache/Python/3.13.15/x64
check	Compile and run offline checks	2026-10-03T04:53:00.7030422Z   Python2_ROOT_DIR: /opt/hostedtoolcache/Python/3.13.15/x64
check	Compile and run offline checks	2026-10-03T04:53:00.7030884Z   Python3_ROOT_DIR: /opt/hostedtoolcache/Python/3.13.15/x64
check	Compile and run offline checks	2026-10-03T04:53:00.7031351Z   LD_LIBRARY_PATH: /opt/hostedtoolcache/Python/3.13.15/x64/lib
check	Compile and run offline checks	2026-10-03T04:53:00.7031754Z ##[endgroup]
check	Compile and run offline checks	2026-10-03T04:53:02.6826089Z test_a_close_four_percent_under_the_fill_sells_the_next_open (test_account.AccountTests.test_a_close_four_percent_under_the_fill_sells_the_next_open) ... ok
check	Compile and run offline checks	2026-10-03T04:53:02.6829021Z test_a_cold_start_waits_for_a_fresh_cross_and_the_first_open_never_buys (test_account.AccountTests.test_a_cold_start_waits_for_a_fresh_cross_and_the_first_open_never_buys) ... ok
check	Compile and run offline checks	2026-10-03T04:53:02.6831052Z test_a_stop_due_on_the_bar_after_the_window_stays_visible (test_account.AccountTests.test_a_stop_due_on_the_bar_after_the_window_stays_visible) ... ok
check	Compile and run offline checks	2026-10-03T04:53:02.6833592Z test_conversion_haircut_is_applied_twice_on_an_idle_account (test_account.AccountTests.test_conversion_haircut_is_applied_twice_on_an_idle_account) ... ok
check	Compile and run offline checks	2026-10-03T04:53:02.6836387Z test_entry_is_delayed_until_the_next_open_and_trail_exits (test_account.AccountTests.test_entry_is_delayed_until_the_next_open_and_trail_exits) ... ok
check	Compile and run offline checks	2026-10-03T04:53:02.6842877Z test_one_sleeve_prints_the_single_account (test_account.AccountTests.test_one_sleeve_prints_the_single_account) ... ok
check	Compile and run offline checks	2026-10-03T04:53:02.6845260Z test_the_final_cny_mark_enters_the_drawdown (test_account.AccountTests.test_the_final_cny_mark_enters_the_drawdown) ... ok
check	Compile and run offline checks	2026-10-03T04:53:02.6851239Z test_two_sleeves_split_the_pool_and_exit_on_their_own_coins (test_account.AccountTests.test_two_sleeves_split_the_pool_and_exit_on_their_own_coins) ... ok
check	Compile and run offline checks	2026-10-03T04:53:02.6853600Z test_atr_counts_the_previous_close_gap_and_waits_for_fourteen_ranges (test_adoption_spot.AdoptionTests.test_atr_counts_the_previous_close_gap_and_waits_for_fourteen_ranges) ... ok
check	Compile and run offline checks	2026-10-03T04:53:03.2312414Z {"candidate": "atr-stop", "scenario": "base", "session": 0}
check	Compile and run offline checks	2026-10-03T04:53:03.2928552Z test_canonical_meter_never_installs_research_decisions (test_adoption_spot.AdoptionTests.test_canonical_meter_never_installs_research_decisions) ... /home/runner/work/spotquant/spotquant/spotquant/model.py:350: ResourceWarning: unclosed database in <sqlite3.Connection object at 0x7f2e632ef5b0>
check	Compile and run offline checks	2026-10-03T04:53:03.2932009Z   model.closes = deque((D(item) for item in body['closes']), maxlen=limit)
check	Compile and run offline checks	2026-10-03T04:53:03.2933425Z ResourceWarning: Enable tracemalloc to get the object allocation traceback
check	Compile and run offline checks	2026-10-03T04:53:03.2935638Z /home/runner/work/spotquant/spotquant/spotquant/model.py:350: ResourceWarning: unclosed database in <sqlite3.Connection object at 0x7f2e632ef3d0>
check	Compile and run offline checks	2026-10-03T04:53:03.2937774Z   model.closes = deque((D(item) for item in body['closes']), maxlen=limit)
check	Compile and run offline checks	2026-10-03T04:53:03.2939090Z ResourceWarning: Enable tracemalloc to get the object allocation traceback
check	Compile and run offline checks	2026-10-03T04:53:03.8208912Z /home/runner/work/spotquant/spotquant/spotquant/model.py:233: ResourceWarning: unclosed database in <sqlite3.Connection object at 0x7f2e632ef970>
check	Compile and run offline checks	2026-10-03T04:53:03.8209948Z   self.true_ranges.append((open_time, max(high - low, abs(high - self.close), abs(low - self.close))))
check	Compile and run offline checks	2026-10-03T04:53:03.8211080Z ResourceWarning: Enable tracemalloc to get the object allocation traceback
check	Compile and run offline checks	2026-10-03T04:53:03.8212308Z /home/runner/work/spotquant/spotquant/spotquant/model.py:233: ResourceWarning: unclosed database in <sqlite3.Connection object at 0x7f2e632ef6a0>
check	Compile and run offline checks	2026-10-03T04:53:03.8214258Z   self.true_ranges.append((open_time, max(high - low, abs(high - self.close), abs(low - self.close))))
check	Compile and run offline checks	2026-10-03T04:53:03.8215305Z ResourceWarning: Enable tracemalloc to get the object allocation traceback
check	Compile and run offline checks	2026-10-03T04:53:04.4905976Z ok
check	Compile and run offline checks	2026-10-03T04:53:04.4926412Z test_canonical_meter_rejects_surrounding_research_hook (test_adoption_spot.AdoptionTests.test_canonical_meter_rejects_surrounding_research_hook) ... ok
check	Compile and run offline checks	2026-10-03T04:53:04.4929854Z test_canonical_synthetic_account_matches_selected_research_all_six_groups (test_adoption_spot.AdoptionTests.test_canonical_synthetic_account_matches_selected_research_all_six_groups) ... /home/runner/work/spotquant/spotquant/research/session_account.py:13: ResourceWarning: unclosed database in <sqlite3.Connection object at 0x7f2e632efb50>
check	Compile and run offline checks	2026-10-03T04:53:04.4932469Z   completed = [(t, h, l, c) for t, o, h, l, c, q in bars if t + DAY <= start]
check	Compile and run offline checks	2026-10-03T04:53:04.4933394Z ResourceWarning: Enable tracemalloc to get the object allocation traceback
check	Compile and run offline checks	2026-10-03T04:53:04.4934914Z /home/runner/work/spotquant/spotquant/research/session_account.py:13: ResourceWarning: unclosed database in <sqlite3.Connection object at 0x7f2e632efa60>
check	Compile and run offline checks	2026-10-03T04:53:04.4936307Z   completed = [(t, h, l, c) for t, o, h, l, c, q in bars if t + DAY <= start]
check	Compile and run offline checks	2026-10-03T04:53:04.4937974Z ResourceWarning: Enable tracemalloc to get the object allocation traceback
check	Compile and run offline checks	2026-10-03T04:53:04.9914737Z {"candidate": "atr-stop", "scenario": "base", "session": 0}
check	Compile and run offline checks	2026-10-03T04:53:04.9937537Z /home/runner/work/spotquant/spotquant/spotquant/model.py:350: ResourceWarning: unclosed database in <sqlite3.Connection object at 0x7f2e632eee30>
check	Compile and run offline checks	2026-10-03T04:53:04.9939263Z   model.closes = deque((D(item) for item in body['closes']), maxlen=limit)
check	Compile and run offline checks	2026-10-03T04:53:04.9940355Z ResourceWarning: Enable tracemalloc to get the object allocation traceback
check	Compile and run offline checks	2026-10-03T04:53:04.9942123Z /home/runner/work/spotquant/spotquant/spotquant/model.py:350: ResourceWarning: unclosed database in <sqlite3.Connection object at 0x7f2e632efa60>
check	Compile and run offline checks	2026-10-03T04:53:04.9944016Z   model.closes = deque((D(item) for item in body['closes']), maxlen=limit)
check	Compile and run offline checks	2026-10-03T04:53:04.9945263Z ResourceWarning: Enable tracemalloc to get the object allocation traceback
check	Compile and run offline checks	2026-10-03T04:53:05.4690013Z /home/runner/work/spotquant/spotquant/spotquant/model.py:350: ResourceWarning: unclosed database in <sqlite3.Connection object at 0x7f2e632ef6a0>
check	Compile and run offline checks	2026-10-03T04:53:05.4691539Z   model.closes = deque((D(item) for item in body['closes']), maxlen=limit)
check	Compile and run offline checks	2026-10-03T04:53:05.4692503Z ResourceWarning: Enable tracemalloc to get the object allocation traceback
check	Compile and run offline checks	2026-10-03T04:53:05.4693942Z /home/runner/work/spotquant/spotquant/spotquant/model.py:350: ResourceWarning: unclosed database in <sqlite3.Connection object at 0x7f2e632efb50>
check	Compile and run offline checks	2026-10-03T04:53:05.4695323Z   model.closes = deque((D(item) for item in body['closes']), maxlen=limit)
check	Compile and run offline checks	2026-10-03T04:53:05.4696242Z ResourceWarning: Enable tracemalloc to get the object allocation traceback
check	Compile and run offline checks	2026-10-03T04:53:06.1162198Z /home/runner/work/spotquant/spotquant/spotquant/model.py:233: ResourceWarning: unclosed database in <sqlite3.Connection object at 0x7f2e632eee30>
check	Compile and run offline checks	2026-10-03T04:53:06.1163728Z   self.true_ranges.append((open_time, max(high - low, abs(high - self.close), abs(low - self.close))))
check	Compile and run offline checks	2026-10-03T04:53:06.1164864Z ResourceWarning: Enable tracemalloc to get the object allocation traceback
check	Compile and run offline checks	2026-10-03T04:53:06.1166343Z /home/runner/work/spotquant/spotquant/spotquant/model.py:233: ResourceWarning: unclosed database in <sqlite3.Connection object at 0x7f2e632ef790>
check	Compile and run offline checks	2026-10-03T04:53:06.1168223Z   self.true_ranges.append((open_time, max(high - low, abs(high - self.close), abs(low - self.close))))
check	Compile and run offline checks	2026-10-03T04:53:06.1169332Z ResourceWarning: Enable tracemalloc to get the object allocation traceback
check	Compile and run offline checks	2026-10-03T04:53:06.5503079Z {"candidate": "atr-stop", "scenario": "base", "session": 0}
check	Compile and run offline checks	2026-10-03T04:53:06.5788193Z /home/runner/work/spotquant/spotquant/spotquant/model.py:350: ResourceWarning: unclosed database in <sqlite3.Connection object at 0x7f2e632ef880>
check	Compile and run offline checks	2026-10-03T04:53:06.5789608Z   model.closes = deque((D(item) for item in body['closes']), maxlen=limit)
check	Compile and run offline checks	2026-10-03T04:53:06.5790277Z ResourceWarning: Enable tracemalloc to get the object allocation traceback
check	Compile and run offline checks	2026-10-03T04:53:08.2632281Z /home/runner/work/spotquant/spotquant/spotquant/model.py:233: ResourceWarning: unclosed database in <sqlite3.Connection object at 0x7f2e632ef1f0>
check	Compile and run offline checks	2026-10-03T04:53:08.2633557Z   self.true_ranges.append((open_time, max(high - low, abs(high - self.close), abs(low - self.close))))
check	Compile and run offline checks	2026-10-03T04:53:08.2634373Z ResourceWarning: Enable tracemalloc to get the object allocation traceback
check	Compile and run offline checks	2026-10-03T04:53:08.2635404Z /home/runner/work/spotquant/spotquant/spotquant/model.py:233: ResourceWarning: unclosed database in <sqlite3.Connection object at 0x7f2e632ef3d0>
check	Compile and run offline checks	2026-10-03T04:53:08.2636518Z   self.true_ranges.append((open_time, max(high - low, abs(high - self.close), abs(low - self.close))))
check	Compile and run offline checks	2026-10-03T04:53:08.2637583Z ResourceWarning: Enable tracemalloc to get the object allocation traceback
check	Compile and run offline checks	2026-10-03T04:53:09.0446505Z ok
check	Compile and run offline checks	2026-10-03T04:53:09.0967357Z test_canonical_unscaled_and_file_calibrated_rows_enter_immutable99_consumer (test_adoption_spot.AdoptionTests.test_canonical_unscaled_and_file_calibrated_rows_enter_immutable99_consumer) ... /home/runner/work/spotquant/spotquant/spotquant/model.py:233: ResourceWarning: unclosed database in <sqlite3.Connection object at 0x7f2e632efa60>
check	Compile and run offline checks	2026-10-03T04:53:09.0971913Z   self.true_ranges.append((open_time, max(high - low, abs(high - self.close), abs(low - self.close))))
check	Compile and run offline checks	2026-10-03T04:53:09.0973010Z ResourceWarning: Enable tracemalloc to get the object allocation traceback
check	Compile and run offline checks	2026-10-03T04:53:09.0974417Z /home/runner/work/spotquant/spotquant/spotquant/model.py:233: ResourceWarning: unclosed database in <sqlite3.Connection object at 0x7f2e632ef5b0>
check	Compile and run offline checks	2026-10-03T04:53:09.0975970Z   self.true_ranges.append((open_time, max(high - low, abs(high - self.close), abs(low - self.close))))
check	Compile and run offline checks	2026-10-03T04:53:09.0977298Z ResourceWarning: Enable tracemalloc to get the object allocation traceback
check	Compile and run offline checks	2026-10-03T04:53:09.5604899Z {"candidate": "atr-stop", "scenario": "base", "session": 0}
check	Compile and run offline checks	2026-10-03T04:53:09.5901832Z /home/runner/work/spotquant/spotquant/spotquant/model.py:350: ResourceWarning: unclosed database in <sqlite3.Connection object at 0x7f2e632ef010>
check	Compile and run offline checks	2026-10-03T04:53:09.5903517Z   model.closes = deque((D(item) for item in body['closes']), maxlen=limit)
check	Compile and run offline checks	2026-10-03T04:53:09.5904202Z ResourceWarning: Enable tracemalloc to get the object allocation traceback
check	Compile and run offline checks	2026-10-03T04:53:09.5905177Z /home/runner/work/spotquant/spotquant/spotquant/model.py:350: ResourceWarning: unclosed database in <sqlite3.Connection object at 0x7f2e632ef100>
check	Compile and run offline checks	2026-10-03T04:53:09.5906135Z   model.closes = deque((D(item) for item in body['closes']), maxlen=limit)
check	Compile and run offline checks	2026-10-03T04:53:09.5907148Z ResourceWarning: Enable tracemalloc to get the object allocation traceback
check	Compile and run offline checks	2026-10-03T04:53:10.0363005Z /home/runner/work/spotquant/spotquant/spotquant/model.py:233: ResourceWarning: unclosed database in <sqlite3.Connection object at 0x7f2e632ef1f0>
check	Compile and run offline checks	2026-10-03T04:53:10.0364932Z   self.true_ranges.append((open_time, max(high - low, abs(high - self.close), abs(low - self.close))))
check	Compile and run offline checks	2026-10-03T04:53:10.0366194Z ResourceWarning: Enable tracemalloc to get the object allocation traceback
check	Compile and run offline checks	2026-10-03T04:53:10.0368535Z /home/runner/work/spotquant/spotquant/spotquant/model.py:233: ResourceWarning: unclosed database in <sqlite3.Connection object at 0x7f2e632ef970>
check	Compile and run offline checks	2026-10-03T04:53:10.0369667Z   self.true_ranges.append((open_time, max(high - low, abs(high - self.close), abs(low - self.close))))
check	Compile and run offline checks	2026-10-03T04:53:10.0370389Z ResourceWarning: Enable tracemalloc to get the object allocation traceback
check	Compile and run offline checks	2026-10-03T04:53:10.6919294Z /home/runner/work/spotquant/spotquant/spotquant/model.py:350: ResourceWarning: unclosed database in <sqlite3.Connection object at 0x7f2e632efb50>
check	Compile and run offline checks	2026-10-03T04:53:10.6920822Z   model.closes = deque((D(item) for item in body['closes']), maxlen=limit)
check	Compile and run offline checks	2026-10-03T04:53:10.6922050Z ResourceWarning: Enable tracemalloc to get the object allocation traceback
check	Compile and run offline checks	2026-10-03T04:53:10.6923170Z /home/runner/work/spotquant/spotquant/spotquant/model.py:350: ResourceWarning: unclosed database in <sqlite3.Connection object at 0x7f2e632ef2e0>
check	Compile and run offline checks	2026-10-03T04:53:10.6924082Z   model.closes = deque((D(item) for item in body['closes']), maxlen=limit)
check	Compile and run offline checks	2026-10-03T04:53:10.6924700Z ResourceWarning: Enable tracemalloc to get the object allocation traceback
check	Compile and run offline checks	2026-10-03T04:53:11.1217710Z {"candidate": "atr-stop", "scenario": "base", "session": 0}
check	Compile and run offline checks	2026-10-03T04:53:11.1533683Z /home/runner/work/spotquant/spotquant/spotquant/model.py:350: ResourceWarning: unclosed database in <sqlite3.Connection object at 0x7f2e632ef5b0>
check	Compile and run offline checks	2026-10-03T04:53:11.1535170Z   model.closes = deque((D(item) for item in body['closes']), maxlen=limit)
check	Compile and run offline checks	2026-10-03T04:53:11.1536075Z ResourceWarning: Enable tracemalloc to get the object allocation traceback
check	Compile and run offline checks	2026-10-03T04:53:11.1537735Z /home/runner/work/spotquant/spotquant/spotquant/model.py:350: ResourceWarning: unclosed database in <sqlite3.Connection object at 0x7f2e632efa60>
check	Compile and run offline checks	2026-10-03T04:53:11.1539143Z   model.closes = deque((D(item) for item in body['closes']), maxlen=limit)
check	Compile and run offline checks	2026-10-03T04:53:11.1540051Z ResourceWarning: Enable tracemalloc to get the object allocation traceback
check	Compile and run offline checks	2026-10-03T04:53:11.5684495Z /home/runner/work/spotquant/spotquant/spotquant/model.py:233: ResourceWarning: unclosed database in <sqlite3.Connection object at 0x7f2e632efe20>
check	Compile and run offline checks	2026-10-03T04:53:11.5686168Z   self.true_ranges.append((open_time, max(high - low, abs(high - self.close), abs(low - self.close))))
check	Compile and run offline checks	2026-10-03T04:53:11.5687609Z ResourceWarning: Enable tracemalloc to get the object allocation traceback
check	Compile and run offline checks	2026-10-03T04:53:11.5689012Z /home/runner/work/spotquant/spotquant/spotquant/model.py:233: ResourceWarning: unclosed database in <sqlite3.Connection object at 0x7f2e632ef100>
check	Compile and run offline checks	2026-10-03T04:53:11.5690532Z   self.true_ranges.append((open_time, max(high - low, abs(high - self.close), abs(low - self.close))))
check	Compile and run offline checks	2026-10-03T04:53:11.5691625Z ResourceWarning: Enable tracemalloc to get the object allocation traceback
check	Compile and run offline checks	2026-10-03T04:53:12.1681647Z ok
check	Compile and run offline checks	2026-10-03T04:53:12.1694858Z test_completed_atr_checkpoint_and_chronology (test_adoption_spot.AdoptionTests.test_completed_atr_checkpoint_and_chronology) ... ok
check	Compile and run offline checks	2026-10-03T04:53:12.1862299Z test_decision_floor_actual_peak_and_through_mark_exit (test_adoption_spot.AdoptionTests.test_decision_floor_actual_peak_and_through_mark_exit) ... ok
check	Compile and run offline checks	2026-10-03T04:53:12.2109877Z test_diagnostic_profile_cutoff_owned_sizes_and_rerun_binding (test_adoption_spot.AdoptionTests.test_diagnostic_profile_cutoff_owned_sizes_and_rerun_binding) ... ok
check	Compile and run offline checks	2026-10-03T04:53:12.2915762Z test_legacy_flat_held_and_pending_reject_before_recovery (test_adoption_spot.AdoptionTests.test_legacy_flat_held_and_pending_reject_before_recovery) ... ok
check	Compile and run offline checks	2026-10-03T04:53:12.4170109Z test_malformed_checkpoint_or_pending_payload_blocks_recovery (test_adoption_spot.AdoptionTests.test_malformed_checkpoint_or_pending_payload_blocks_recovery) ... /home/runner/work/spotquant/spotquant/spotquant/model.py:233: ResourceWarning: unclosed database in <sqlite3.Connection object at 0x7f2e632ef010>
check	Compile and run offline checks	2026-10-03T04:53:12.4172816Z   self.true_ranges.append((open_time, max(high - low, abs(high - self.close), abs(low - self.close))))
check	Compile and run offline checks	2026-10-03T04:53:12.4173917Z ResourceWarning: Enable tracemalloc to get the object allocation traceback
check	Compile and run offline checks	2026-10-03T04:53:12.4175335Z /home/runner/work/spotquant/spotquant/spotquant/model.py:233: ResourceWarning: unclosed database in <sqlite3.Connection object at 0x7f2e632eef20>
check	Compile and run offline checks	2026-10-03T04:53:12.4177068Z   self.true_ranges.append((open_time, max(high - low, abs(high - self.close), abs(low - self.close))))
check	Compile and run offline checks	2026-10-03T04:53:12.4178118Z ResourceWarning: Enable tracemalloc to get the object allocation traceback
check	Compile and run offline checks	2026-10-03T04:53:12.4739574Z ok
check	Compile and run offline checks	2026-10-03T04:53:12.4902307Z test_native_floor_status_and_campaign_boundary (test_adoption_spot.AdoptionTests.test_native_floor_status_and_campaign_boundary) ... ok
check	Compile and run offline checks	2026-10-03T04:53:12.4920061Z test_actual_validation_bad_risk_is_never_labeled_matched_alpha (test_alpha_assessment.AssessmentTests.test_actual_validation_bad_risk_is_never_labeled_matched_alpha) ... ok
check	Compile and run offline checks	2026-10-03T04:53:12.5982264Z test_assessment_project_and_global_calibrations_keep_actual_raw_hashes (test_alpha_assessment.AssessmentTests.test_assessment_project_and_global_calibrations_keep_actual_raw_hashes) ... ok
check	Compile and run offline checks	2026-10-03T04:53:12.7713521Z test_canonical_financial_cash_path_is_retained_with_real_helpers (test_alpha_assessment.AssessmentTests.test_canonical_financial_cash_path_is_retained_with_real_helpers) ... ok
check	Compile and run offline checks	2026-10-03T04:53:12.7722267Z test_causal_sizes_are_actual_and_coin_trigger_gap_has_identity (test_alpha_assessment.AssessmentTests.test_causal_sizes_are_actual_and_coin_trigger_gap_has_identity) ... ok
check	Compile and run offline checks	2026-10-03T04:53:12.7737897Z test_cli_accepts_project_calibration_paths (test_alpha_assessment.AssessmentTests.test_cli_accepts_project_calibration_paths) ... ok
check	Compile and run offline checks	2026-10-03T04:53:12.7744211Z test_coin_fill_conflicting_client_or_campaign_relations_stay_unknown (test_alpha_assessment.AssessmentTests.test_coin_fill_conflicting_client_or_campaign_relations_stay_unknown) ... ok
check	Compile and run offline checks	2026-10-03T04:53:12.7752010Z test_coin_fill_links_preserve_partial_fills_repeated_unknown_writes_and_unknown_exits (test_alpha_assessment.AssessmentTests.test_coin_fill_links_preserve_partial_fills_repeated_unknown_writes_and_unknown_exits) ... ok
check	Compile and run offline checks	2026-10-03T04:53:12.7813764Z test_coin_nested_schema_and_own_hash_scheme_accepts_all20_rejects_mismatch (test_alpha_assessment.AssessmentTests.test_coin_nested_schema_and_own_hash_scheme_accepts_all20_rejects_mismatch) ... ok
check	Compile and run offline checks	2026-10-03T04:53:12.8158458Z test_coin_original_cagr_uses_registered_year_not_daily_normalization (test_alpha_assessment.AssessmentTests.test_coin_original_cagr_uses_registered_year_not_daily_normalization) ... ok
check	Compile and run offline checks	2026-10-03T04:53:12.8164097Z test_diagnostic_warmup_distinct_ids_future_tail_and_actual_fill (test_alpha_assessment.AssessmentTests.test_diagnostic_warmup_distinct_ids_future_tail_and_actual_fill) ... ok
check	Compile and run offline checks	2026-10-03T04:53:12.8229126Z test_exact_matrix_missing_extra_malformed_and_retained_incomplete (test_alpha_assessment.AssessmentTests.test_exact_matrix_missing_extra_malformed_and_retained_incomplete) ... ok
check	Compile and run offline checks	2026-10-03T04:53:12.8298793Z test_explicit_manifest_verifies_raw_hashes_and_rejects_duplicates (test_alpha_assessment.AssessmentTests.test_explicit_manifest_verifies_raw_hashes_and_rejects_duplicates) ... ok
check	Compile and run offline checks	2026-10-03T04:53:12.8355982Z test_final_rejected_inventory_closes_work_without_claiming_validity (test_alpha_assessment.AssessmentTests.test_final_rejected_inventory_closes_work_without_claiming_validity) ... ok
check	Compile and run offline checks	2026-10-03T04:53:13.1717134Z test_forward_assessor_only_equivalence_uses_committed_trees_and_full_analysis_identity (test_alpha_assessment.AssessmentTests.test_forward_assessor_only_equivalence_uses_committed_trees_and_full_analysis_identity) ... ok
check	Compile and run offline checks	2026-10-03T04:53:13.1773201Z test_forward_latest_only_atomic_integrity_future_and_source_mismatch (test_alpha_assessment.AssessmentTests.test_forward_latest_only_atomic_integrity_future_and_source_mismatch) ... ok
check	Compile and run offline checks	2026-10-03T04:53:13.1805200Z test_full_baseline_evidence_detects_money_ownership_actions_and_clocks (test_alpha_assessment.AssessmentTests.test_full_baseline_evidence_detects_money_ownership_actions_and_clocks) ... ok
check	Compile and run offline checks	2026-10-03T04:53:13.1821393Z test_invalid_base_keeps_all_ten_obligations_with_no_fabricated_profile (test_alpha_assessment.AssessmentTests.test_invalid_base_keeps_all_ten_obligations_with_no_fabricated_profile) ... ok
check	Compile and run offline checks	2026-10-03T04:53:13.1834884Z test_lossless_gzip_hashes_original_bytes_and_rejects_duplicate_keys (test_alpha_assessment.AssessmentTests.test_lossless_gzip_hashes_original_bytes_and_rejects_duplicate_keys) ... ok
check	Compile and run offline checks	2026-10-03T04:53:13.1843440Z test_original_read_completion_and_actual_write_deadlines_not_epsilon (test_alpha_assessment.AssessmentTests.test_original_read_completion_and_actual_write_deadlines_not_epsilon) ... ok
check	Compile and run offline checks	2026-10-03T04:53:13.1851627Z test_original_reference_is_pinned_before_any_source_or_comparison_work (test_alpha_assessment.AssessmentTests.test_original_reference_is_pinned_before_any_source_or_comparison_work) ... ok
check	Compile and run offline checks	2026-10-03T04:53:13.1896970Z test_outage_uses_actual_filtered_789_and_complete_requires_archive (test_alpha_assessment.AssessmentTests.test_outage_uses_actual_filtered_789_and_complete_requires_archive) ... ok
check	Compile and run offline checks	2026-10-03T04:53:13.2259406Z test_project_calibration_is_exact_complete_deterministic_subset (test_alpha_assessment.AssessmentTests.test_project_calibration_is_exact_complete_deterministic_subset) ... ok
check	Compile and run offline checks	2026-10-03T04:53:13.2264076Z test_reduced_mdd_cannot_hide_more_than_one_percent_cagr_loss (test_alpha_assessment.AssessmentTests.test_reduced_mdd_cannot_hide_more_than_one_percent_cagr_loss) ... ok
check	Compile and run offline checks	2026-10-03T04:53:13.2294237Z test_risk_requires_exact_file_hash_profile_and_bound_candidate (test_alpha_assessment.AssessmentTests.test_risk_requires_exact_file_hash_profile_and_bound_candidate) ... ok
check	Compile and run offline checks	2026-10-03T04:53:13.2300185Z test_selection_all_stresses_core_tie_slow_combo_pending_and_failed_fallback (test_alpha_assessment.AssessmentTests.test_selection_all_stresses_core_tie_slow_combo_pending_and_failed_fallback) ... ok
check	Compile and run offline checks	2026-10-03T04:53:13.2384519Z test_source_input_spec_protocol_candidate_capital_starts_fail_closed (test_alpha_assessment.AssessmentTests.test_source_input_spec_protocol_candidate_capital_starts_fail_closed) ... ok
check	Compile and run offline checks	2026-10-03T04:53:13.2405998Z test_training_only_scale_is_independent_of_future_values_and_self_unity (test_alpha_assessment.AssessmentTests.test_training_only_scale_is_independent_of_future_values_and_self_unity) ... ok
check	Compile and run offline checks	2026-10-03T04:53:13.2648501Z test_atr_partial_exit_remainder_retains_tightened_stop (test_alpha_spot.AlphaSpotTests.test_atr_partial_exit_remainder_retains_tightened_stop) ... ok
check	Compile and run offline checks	2026-10-03T04:53:13.2898508Z test_atr_stop_never_loosens_and_crossed_mark_uses_real_sell (test_alpha_spot.AlphaSpotTests.test_atr_stop_never_loosens_and_crossed_mark_uses_real_sell) ... ok
check	Compile and run offline checks	2026-10-03T04:53:13.3153608Z test_atr_uses_only_completed_ranges_and_close_variant_preserves_repair (test_alpha_spot.AlphaSpotTests.test_atr_uses_only_completed_ranges_and_close_variant_preserves_repair) ... ok
check	Compile and run offline checks	2026-10-03T04:53:13.3182795Z test_bundle_hashes_exact_registered_protocol_path (test_alpha_spot.AlphaSpotTests.test_bundle_hashes_exact_registered_protocol_path) ... ok
check	Compile and run offline checks	2026-10-03T04:53:13.3207068Z test_calibration_rejects_unbound_future_and_nonfinite_profiles (test_alpha_spot.AlphaSpotTests.test_calibration_rejects_unbound_future_and_nonfinite_profiles) ... ok
check	Compile and run offline checks	2026-10-03T04:53:13.3209324Z test_components_are_finite_and_core_modes_exclusive (test_alpha_spot.AlphaSpotTests.test_components_are_finite_and_core_modes_exclusive) ... ok
check	Compile and run offline checks	2026-10-03T04:53:13.3820129Z test_core_checkpoint_identity_rejects_even_flat_account_mismatch (test_alpha_spot.AlphaSpotTests.test_core_checkpoint_identity_rejects_even_flat_account_mismatch) ... ok
check	Compile and run offline checks	2026-10-03T04:53:13.3825353Z test_core_provenance_ignores_partial_exit_and_slow_waits_for_bull_signal (test_alpha_spot.AlphaSpotTests.test_core_provenance_ignores_partial_exit_and_slow_waits_for_bull_signal) ... ok
check	Compile and run offline checks	2026-10-03T04:53:13.3966893Z test_core_stop_renews_opportunity_and_restore_keeps_its_identity (test_alpha_spot.AlphaSpotTests.test_core_stop_renews_opportunity_and_restore_keeps_its_identity) ... /home/runner/work/spotquant/spotquant/spotquant/model.py:233: ResourceWarning: unclosed database in <sqlite3.Connection object at 0x7f2e6337fb50>
check	Compile and run offline checks	2026-10-03T04:53:13.3968933Z   self.true_ranges.append((open_time, max(high - low, abs(high - self.close), abs(low - self.close))))
check	Compile and run offline checks	2026-10-03T04:53:13.3969748Z ResourceWarning: Enable tracemalloc to get the object allocation traceback
check	Compile and run offline checks	2026-10-03T04:53:13.4976039Z /opt/hostedtoolcache/Python/3.13.15/x64/lib/python3.13/json/encoder.py:254: ResourceWarning: unclosed database in <sqlite3.Connection object at 0x7f2e6337fe20>
check	Compile and run offline checks	2026-10-03T04:53:13.4977508Z   _iterencode = c_make_encoder(
check	Compile and run offline checks	2026-10-03T04:53:13.4978078Z ResourceWarning: Enable tracemalloc to get the object allocation traceback
check	Compile and run offline checks	2026-10-03T04:53:13.5861961Z /home/runner/work/spotquant/spotquant/spotquant/model.py:350: ResourceWarning: unclosed database in <sqlite3.Connection object at 0x7f2e6337fe20>
check	Compile and run offline checks	2026-10-03T04:53:13.5862977Z   model.closes = deque((D(item) for item in body['closes']), maxlen=limit)
check	Compile and run offline checks	2026-10-03T04:53:13.5863601Z ResourceWarning: Enable tracemalloc to get the object allocation traceback
check	Compile and run offline checks	2026-10-03T04:53:13.6617305Z /home/runner/work/spotquant/spotquant/spotquant/model.py:350: ResourceWarning: unclosed database in <sqlite3.Connection object at 0x7f2e6337fb50>
check	Compile and run offline checks	2026-10-03T04:53:13.6618332Z   model.closes = deque((D(item) for item in body['closes']), maxlen=limit)
check	Compile and run offline checks	2026-10-03T04:53:13.6618957Z ResourceWarning: Enable tracemalloc to get the object allocation traceback
check	Compile and run offline checks	2026-10-03T04:53:13.7318445Z /home/runner/work/spotquant/spotquant/spotquant/model.py:350: ResourceWarning: unclosed database in <sqlite3.Connection object at 0x7f2e6337ff10>
check	Compile and run offline checks	2026-10-03T04:53:13.7319375Z   model.closes = deque((D(item) for item in body['closes']), maxlen=limit)
check	Compile and run offline checks	2026-10-03T04:53:13.7319989Z ResourceWarning: Enable tracemalloc to get the object allocation traceback
check	Compile and run offline checks	2026-10-03T04:53:13.8214037Z /home/runner/work/spotquant/spotquant/spotquant/model.py:350: ResourceWarning: unclosed database in <sqlite3.Connection object at 0x7f2e6337f970>
check	Compile and run offline checks	2026-10-03T04:53:13.8215295Z   model.closes = deque((D(item) for item in body['closes']), maxlen=limit)
check	Compile and run offline checks	2026-10-03T04:53:13.8215928Z ResourceWarning: Enable tracemalloc to get the object allocation traceback
check	Compile and run offline checks	2026-10-03T04:53:14.0395294Z /home/runner/work/spotquant/spotquant/spotquant/model.py:233: ResourceWarning: unclosed database in <sqlite3.Connection object at 0x7f2e6337fe20>
check	Compile and run offline checks	2026-10-03T04:53:14.0397681Z   self.true_ranges.append((open_time, max(high - low, abs(high - self.close), abs(low - self.close))))
check	Compile and run offline checks	2026-10-03T04:53:14.0398608Z ResourceWarning: Enable tracemalloc to get the object allocation traceback
check	Compile and run offline checks	2026-10-03T04:53:14.4530002Z /home/runner/work/spotquant/spotquant/spotquant/model.py:350: ResourceWarning: unclosed database in <sqlite3.Connection object at 0x7f2e6337fc40>
check	Compile and run offline checks	2026-10-03T04:53:14.4531177Z   model.closes = deque((D(item) for item in body['closes']), maxlen=limit)
check	Compile and run offline checks	2026-10-03T04:53:14.4531856Z ResourceWarning: Enable tracemalloc to get the object allocation traceback
check	Compile and run offline checks	2026-10-03T04:53:14.6007810Z ok
check	Compile and run offline checks	2026-10-03T04:53:14.6158894Z test_failed_follow_keeps_research_and_model_commit_atomic (test_alpha_spot.AlphaSpotTests.test_failed_follow_keeps_research_and_model_commit_atomic) ... /home/runner/work/spotquant/spotquant/spotquant/model.py:233: ResourceWarning: unclosed database in <sqlite3.Connection object at 0x7f2e6337fc40>
check	Compile and run offline checks	2026-10-03T04:53:14.6161522Z   self.true_ranges.append((open_time, max(high - low, abs(high - self.close), abs(low - self.close))))
check	Compile and run offline checks	2026-10-03T04:53:14.6162634Z ResourceWarning: Enable tracemalloc to get the object allocation traceback
check	Compile and run offline checks	2026-10-03T04:53:14.6373461Z ok
check	Compile and run offline checks	2026-10-03T04:53:14.6379741Z test_partial_fills_move_only_actual_money_and_unknown_intents_do_not_consume (test_alpha_spot.AlphaSpotTests.test_partial_fills_move_only_actual_money_and_unknown_intents_do_not_consume) ... ok
check	Compile and run offline checks	2026-10-03T04:53:14.6643539Z test_participation_adds_to_held_bulls_only_and_confirms_once (test_alpha_spot.AlphaSpotTests.test_participation_adds_to_held_bulls_only_and_confirms_once) ... ok
check	Compile and run offline checks	2026-10-03T04:53:14.6882829Z test_participation_never_arms_empty_second_bull (test_alpha_spot.AlphaSpotTests.test_participation_never_arms_empty_second_bull) ... ok
check	Compile and run offline checks	2026-10-03T04:53:14.9906408Z test_protection_peak_after_real_entry_excludes_prefill_high (test_alpha_spot.AlphaSpotTests.test_protection_peak_after_real_entry_excludes_prefill_high) ... ok
check	Compile and run offline checks	2026-10-03T04:53:15.3558827Z test_real_core_stop_does_not_reenter_until_new_completed_day (test_alpha_spot.AlphaSpotTests.test_real_core_stop_does_not_reenter_until_new_completed_day) ... ok
check	Compile and run offline checks	2026-10-03T04:53:15.9659307Z test_real_sessions_core_separate_fills_protection_and_cash (test_alpha_spot.AlphaSpotTests.test_real_sessions_core_separate_fills_protection_and_cash) ... ok
check	Compile and run offline checks	2026-10-03T04:53:15.9665163Z test_reentry_actual_exit_reclaim_two_closes_allowance_and_reset (test_alpha_spot.AlphaSpotTests.test_reentry_actual_exit_reclaim_two_closes_allowance_and_reset) ... ok
check	Compile and run offline checks	2026-10-03T04:53:15.9808602Z test_risk_scale_changes_only_new_buy_after_cutoff (test_alpha_spot.AlphaSpotTests.test_risk_scale_changes_only_new_buy_after_cutoff) ... /home/runner/work/spotquant/spotquant/spotquant/model.py:233: ResourceWarning: unclosed database in <sqlite3.Connection object at 0x7f2e632efe20>
check	Compile and run offline checks	2026-10-03T04:53:15.9811263Z   self.true_ranges.append((open_time, max(high - low, abs(high - self.close), abs(low - self.close))))
check	Compile and run offline checks	2026-10-03T04:53:15.9812362Z ResourceWarning: Enable tracemalloc to get the object allocation traceback
check	Compile and run offline checks	2026-10-03T04:53:15.9909395Z ok
check	Compile and run offline checks	2026-10-03T04:53:15.9994453Z test_scoped_hooks_restore_after_exception_and_checkpoint_mode_mismatch (test_alpha_spot.AlphaSpotTests.test_scoped_hooks_restore_after_exception_and_checkpoint_mode_mismatch) ... ok
check	Compile and run offline checks	2026-10-03T04:53:15.9996967Z test_subpools_conserve_btc_usdt_fees_and_dust_without_transfers (test_alpha_spot.AlphaSpotTests.test_subpools_conserve_btc_usdt_fees_and_dust_without_transfers) ... ok
check	Compile and run offline checks	2026-10-03T04:53:16.4670729Z {"complete_accounts": 0, "accounts": 1}
check	Compile and run offline checks	2026-10-03T04:53:16.4671574Z {"candidate": "consensus", "scenario": "base", "session": 0}
check	Compile and run offline checks	2026-10-03T04:53:16.4775130Z test_three_real_session_noop_equal_to_current_consensus (test_alpha_spot.AlphaSpotTests.test_three_real_session_noop_equal_to_current_consensus) ... /home/runner/work/spotquant/spotquant/spotquant/model.py:373: ResourceWarning: unclosed database in <sqlite3.Connection object at 0x7f2e632efa60>
check	Compile and run offline checks	2026-10-03T04:53:16.4777806Z   if any(type(body[k]) is not bool for k in ('bull', 'enter', 'cap_enter')):
check	Compile and run offline checks	2026-10-03T04:53:16.4778703Z ResourceWarning: Enable tracemalloc to get the object allocation traceback
check	Compile and run offline checks	2026-10-03T04:53:16.4780096Z /home/runner/work/spotquant/spotquant/spotquant/model.py:373: ResourceWarning: unclosed database in <sqlite3.Connection object at 0x7f2e632ef5b0>
check	Compile and run offline checks	2026-10-03T04:53:16.4781448Z   if any(type(body[k]) is not bool for k in ('bull', 'enter', 'cap_enter')):
check	Compile and run offline checks	2026-10-03T04:53:16.4782321Z ResourceWarning: Enable tracemalloc to get the object allocation traceback
check	Compile and run offline checks	2026-10-03T04:53:16.9113663Z /home/runner/work/spotquant/spotquant/spotquant/model.py:233: ResourceWarning: unclosed database in <sqlite3.Connection object at 0x7f2e632efb50>
check	Compile and run offline checks	2026-10-03T04:53:16.9114926Z   self.true_ranges.append((open_time, max(high - low, abs(high - self.close), abs(low - self.close))))
check	Compile and run offline checks	2026-10-03T04:53:16.9115715Z ResourceWarning: Enable tracemalloc to get the object allocation traceback
check	Compile and run offline checks	2026-10-03T04:53:16.9116933Z /home/runner/work/spotquant/spotquant/spotquant/model.py:233: ResourceWarning: unclosed database in <sqlite3.Connection object at 0x7f2e632ef100>
check	Compile and run offline checks	2026-10-03T04:53:16.9118055Z   self.true_ranges.append((open_time, max(high - low, abs(high - self.close), abs(low - self.close))))
check	Compile and run offline checks	2026-10-03T04:53:16.9118784Z ResourceWarning: Enable tracemalloc to get the object allocation traceback
check	Compile and run offline checks	2026-10-03T04:53:17.5172857Z /home/runner/work/spotquant/spotquant/spotquant/model.py:233: ResourceWarning: unclosed database in <sqlite3.Connection object at 0x7f2e632ef6a0>
check	Compile and run offline checks	2026-10-03T04:53:17.5174946Z   self.true_ranges.append((open_time, max(high - low, abs(high - self.close), abs(low - self.close))))
check	Compile and run offline checks	2026-10-03T04:53:17.5176190Z ResourceWarning: Enable tracemalloc to get the object allocation traceback
check	Compile and run offline checks	2026-10-03T04:53:17.5177734Z /home/runner/work/spotquant/spotquant/spotquant/model.py:233: ResourceWarning: unclosed database in <sqlite3.Connection object at 0x7f2e632ef4c0>
check	Compile and run offline checks	2026-10-03T04:53:17.5179001Z   self.true_ranges.append((open_time, max(high - low, abs(high - self.close), abs(low - self.close))))
check	Compile and run offline checks	2026-10-03T04:53:17.5179881Z ResourceWarning: Enable tracemalloc to get the object allocation traceback
check	Compile and run offline checks	2026-10-03T04:53:17.9340156Z {"candidate": "core0", "scenario": "base", "session": 0}
check	Compile and run offline checks	2026-10-03T04:53:17.9627310Z /home/runner/work/spotquant/spotquant/spotquant/model.py:350: ResourceWarning: unclosed database in <sqlite3.Connection object at 0x7f2e632ef880>
check	Compile and run offline checks	2026-10-03T04:53:17.9629147Z   model.closes = deque((D(item) for item in body['closes']), maxlen=limit)
check	Compile and run offline checks	2026-10-03T04:53:17.9630098Z ResourceWarning: Enable tracemalloc to get the object allocation traceback
check	Compile and run offline checks	2026-10-03T04:53:17.9631502Z /home/runner/work/spotquant/spotquant/spotquant/model.py:350: ResourceWarning: unclosed database in <sqlite3.Connection object at 0x7f2e632efa60>
check	Compile and run offline checks	2026-10-03T04:53:17.9632895Z   model.closes = deque((D(item) for item in body['closes']), maxlen=limit)
check	Compile and run offline checks	2026-10-03T04:53:17.9633818Z ResourceWarning: Enable tracemalloc to get the object allocation traceback
check	Compile and run offline checks	2026-10-03T04:53:18.3753061Z /home/runner/work/spotquant/spotquant/spotquant/model.py:233: ResourceWarning: unclosed database in <sqlite3.Connection object at 0x7f2e632eee30>
check	Compile and run offline checks	2026-10-03T04:53:18.3754920Z   self.true_ranges.append((open_time, max(high - low, abs(high - self.close), abs(low - self.close))))
check	Compile and run offline checks	2026-10-03T04:53:18.3756135Z ResourceWarning: Enable tracemalloc to get the object allocation traceback
check	Compile and run offline checks	2026-10-03T04:53:18.3757643Z /home/runner/work/spotquant/spotquant/spotquant/model.py:233: ResourceWarning: unclosed database in <sqlite3.Connection object at 0x7f2e632ef5b0>
check	Compile and run offline checks	2026-10-03T04:53:18.3758749Z   self.true_ranges.append((open_time, max(high - low, abs(high - self.close), abs(low - self.close))))
check	Compile and run offline checks	2026-10-03T04:53:18.3759806Z ResourceWarning: Enable tracemalloc to get the object allocation traceback
check	Compile and run offline checks	2026-10-03T04:53:18.9578505Z ok
check	Compile and run offline checks	2026-10-03T04:53:18.9585915Z test_preserves_source_and_money_rows_and_excludes_failed_original (test_assemble_spot.AssembleSpotTests.test_preserves_source_and_money_rows_and_excludes_failed_original) ... ok
check	Compile and run offline checks	2026-10-03T04:53:18.9607528Z test_rejects_wrong_bytes_missing_rerun_and_invalid_execution (test_assemble_spot.AssembleSpotTests.test_rejects_wrong_bytes_missing_rerun_and_invalid_execution) ... ok
check	Compile and run offline checks	2026-10-03T04:53:18.9609512Z test_better_return_with_worse_drawdown_does_not_dominate (test_baselines.BaselineTests.test_better_return_with_worse_drawdown_does_not_dominate) ... ok
check	Compile and run offline checks	2026-10-03T04:53:18.9611447Z test_initial_cash_is_conserved_across_partial_monthly_buy (test_baselines.BaselineTests.test_initial_cash_is_conserved_across_partial_monthly_buy) ... ok
check	Compile and run offline checks	2026-10-03T04:53:18.9614328Z test_a_missing_balance_list_is_not_an_empty_account (test_binance.BinanceTests.test_a_missing_balance_list_is_not_an_empty_account) ... ok
check	Compile and run offline checks	2026-10-03T04:53:18.9616327Z test_completed_daily_normalizes_and_stops_at_today (test_binance.BinanceTests.test_completed_daily_normalizes_and_stops_at_today) ... ok
check	Compile and run offline checks	2026-10-03T04:53:18.9618992Z test_completed_daily_rejects_a_gap_and_keeps_a_contiguous_page (test_binance.BinanceTests.test_completed_daily_rejects_a_gap_and_keeps_a_contiguous_page) ... ok
check	Compile and run offline checks	2026-10-03T04:53:18.9621271Z test_completed_daily_rejects_a_page_that_does_not_start_at_the_cursor (test_binance.BinanceTests.test_completed_daily_rejects_a_page_that_does_not_start_at_the_cursor) ... ok
check	Compile and run offline checks	2026-10-03T04:53:18.9623454Z test_completed_daily_rejects_a_short_page_before_today (test_binance.BinanceTests.test_completed_daily_rejects_a_short_page_before_today) ... ok
check	Compile and run offline checks	2026-10-03T04:53:18.9625920Z test_demo_host_and_no_order_method (test_binance.BinanceTests.test_demo_host_and_no_order_method) ... ok
check	Compile and run offline checks	2026-10-03T04:53:18.9627968Z test_missing_percent_band_blocks_before_the_account_call (test_binance.BinanceTests.test_missing_percent_band_blocks_before_the_account_call) ... ok
check	Compile and run offline checks	2026-10-03T04:53:18.9629959Z test_missing_spot_permission_blocks_before_the_account_call (test_binance.BinanceTests.test_missing_spot_permission_blocks_before_the_account_call) ... ok
check	Compile and run offline checks	2026-10-03T04:53:18.9631869Z test_missing_stop_loss_blocks_before_the_account_call (test_binance.BinanceTests.test_missing_stop_loss_blocks_before_the_account_call) ... ok
check	Compile and run offline checks	2026-10-03T04:53:18.9636092Z test_snapshot_signs_gets_and_checks_uid (test_binance.BinanceTests.test_snapshot_signs_gets_and_checks_uid) ... ok
check	Compile and run offline checks	2026-10-03T04:53:18.9651349Z test_execute_is_blocked_before_config_is_opened (test_cli.CliTests.test_execute_is_blocked_before_config_is_opened) ... ok
check	Compile and run offline checks	2026-10-03T04:53:18.9743982Z test_status_persists_a_failed_observation (test_cli.CliTests.test_status_persists_a_failed_observation) ... ok
check	Compile and run offline checks	2026-10-03T04:53:18.9752731Z test_baseline_joint_rejects_a_selected_budget_with_incumbent_endpoint (test_complete_assessment.CompleteAssessmentTests.test_baseline_joint_rejects_a_selected_budget_with_incumbent_endpoint) ... ok
check	Compile and run offline checks	2026-10-03T04:53:18.9754925Z test_beta_is_distinct_from_residual (test_complete_assessment.CompleteAssessmentTests.test_beta_is_distinct_from_residual) ... ok
check	Compile and run offline checks	2026-10-03T04:53:18.9762620Z test_currency_regressions_use_their_own_btc_returns (test_complete_assessment.CompleteAssessmentTests.test_currency_regressions_use_their_own_btc_returns) ... ok
check	Compile and run offline checks	2026-10-03T04:53:18.9764782Z test_drawdown_keeps_the_initial_budget_in_the_peak (test_complete_assessment.CompleteAssessmentTests.test_drawdown_keeps_the_initial_budget_in_the_peak) ... ok
check	Compile and run offline checks	2026-10-03T04:53:18.9767137Z test_incomplete_baseline_blocks_every_promotion (test_complete_assessment.CompleteAssessmentTests.test_incomplete_baseline_blocks_every_promotion) ... ok
check	Compile and run offline checks	2026-10-03T04:53:18.9769195Z test_one_good_base_cannot_hide_a_stress_regression (test_complete_assessment.CompleteAssessmentTests.test_one_good_base_cannot_hide_a_stress_regression) ... ok
check	Compile and run offline checks	2026-10-03T04:53:18.9780331Z test_selected_joint_requires_matching_actual_budgets_for_both_strategies (test_complete_assessment.CompleteAssessmentTests.test_selected_joint_requires_matching_actual_budgets_for_both_strategies) ... ok
check	Compile and run offline checks	2026-10-03T04:53:18.9790123Z test_rejects_unknown_and_empty_identity (test_config.ConfigTests.test_rejects_unknown_and_empty_identity) ... ok
check	Compile and run offline checks	2026-10-03T04:53:18.9945622Z test_added_capital_and_strategy_mix_are_rejected (test_delivery_exports.DeliveryExportTests.test_added_capital_and_strategy_mix_are_rejected) ... ok
check	Compile and run offline checks	2026-10-03T04:53:19.0087166Z test_complete_fixed_accounts_export_and_input_substitution_is_rejected (test_delivery_exports.DeliveryExportTests.test_complete_fixed_accounts_export_and_input_substitution_is_rejected) ... ok
check	Compile and run offline checks	2026-10-03T04:53:19.0140380Z test_empty_joint_cannot_be_exported_as_complete_delivery (test_delivery_exports.DeliveryExportTests.test_empty_joint_cannot_be_exported_as_complete_delivery) ... ok
check	Compile and run offline checks	2026-10-03T04:53:19.0234706Z test_missing_daily_mark_and_forged_terminal_are_rejected (test_delivery_exports.DeliveryExportTests.test_missing_daily_mark_and_forged_terminal_are_rejected) ... ok
check	Compile and run offline checks	2026-10-03T04:53:19.0363615Z test_backup_reopens_read_only_and_detects_tampering (test_durable_fills.DurableFillTests.test_backup_reopens_read_only_and_detects_tampering) ... ok
check	Compile and run offline checks	2026-10-03T04:53:19.0432107Z test_gap_and_reverse_clock_require_reconciliation (test_durable_fills.DurableFillTests.test_gap_and_reverse_clock_require_reconciliation) ... ok
check	Compile and run offline checks	2026-10-03T04:53:19.0520596Z test_manifest_source_tampering_is_bound_to_backup (test_durable_fills.DurableFillTests.test_manifest_source_tampering_is_bound_to_backup) ... ok
check	Compile and run offline checks	2026-10-03T04:53:19.0592650Z test_mutation_rolls_back_new_fills_and_watermark (test_durable_fills.DurableFillTests.test_mutation_rolls_back_new_fills_and_watermark) ... ok
check	Compile and run offline checks	2026-10-03T04:53:19.0685361Z test_overlap_keeps_late_same_time_id_and_avoids_epoch_query (test_durable_fills.DurableFillTests.test_overlap_keeps_late_same_time_id_and_avoids_epoch_query) ... ok
check	Compile and run offline checks	2026-10-03T04:53:19.0695556Z test_actual_budget_sum_exposure_conservation (test_edge_assessment.CapitalTests.test_actual_budget_sum_exposure_conservation) ... /home/runner/work/spotquant/spotquant/tests/test_edge_assessment.py:259: ResourceWarning: unclosed database in <sqlite3.Connection object at 0x7f2e632ef880>
check	Compile and run offline checks	2026-10-03T04:53:19.0699145Z   values = [dict(day_ms=d, equity_cny=budget * .998001, equity_usdt=initial,
check	Compile and run offline checks	2026-10-03T04:53:19.0700288Z ResourceWarning: Enable tracemalloc to get the object allocation traceback
check	Compile and run offline checks	2026-10-03T04:53:19.0702054Z /home/runner/work/spotquant/spotquant/tests/test_edge_assessment.py:259: ResourceWarning: unclosed database in <sqlite3.Connection object at 0x7f2e632ef100>
check	Compile and run offline checks	2026-10-03T04:53:19.0703498Z   values = [dict(day_ms=d, equity_cny=budget * .998001, equity_usdt=initial,
check	Compile and run offline checks	2026-10-03T04:53:19.0704203Z ResourceWarning: Enable tracemalloc to get the object allocation traceback
check	Compile and run offline checks	2026-10-03T04:53:19.0705365Z /home/runner/work/spotquant/spotquant/tests/test_edge_assessment.py:259: ResourceWarning: unclosed database in <sqlite3.Connection object at 0x7f2e632ef6a0>
check	Compile and run offline checks	2026-10-03T04:53:19.0706487Z   values = [dict(day_ms=d, equity_cny=budget * .998001, equity_usdt=initial,
check	Compile and run offline checks	2026-10-03T04:53:19.0707601Z ResourceWarning: Enable tracemalloc to get the object allocation traceback
check	Compile and run offline checks	2026-10-03T04:53:19.0708625Z /home/runner/work/spotquant/spotquant/tests/test_edge_assessment.py:259: ResourceWarning: unclosed database in <sqlite3.Connection object at 0x7f2e6323cc70>
check	Compile and run offline checks	2026-10-03T04:53:19.0709427Z   values = [dict(day_ms=d, equity_cny=budget * .998001, equity_usdt=initial,
check	Compile and run offline checks	2026-10-03T04:53:19.0709912Z ResourceWarning: Enable tracemalloc to get the object allocation traceback
check	Compile and run offline checks	2026-10-03T04:53:19.0710709Z /home/runner/work/spotquant/spotquant/tests/test_edge_assessment.py:259: ResourceWarning: unclosed database in <sqlite3.Connection object at 0x7f2e632efb50>
check	Compile and run offline checks	2026-10-03T04:53:19.0711487Z   values = [dict(day_ms=d, equity_cny=budget * .998001, equity_usdt=initial,
check	Compile and run offline checks	2026-10-03T04:53:19.0711960Z ResourceWarning: Enable tracemalloc to get the object allocation traceback
check	Compile and run offline checks	2026-10-03T04:53:19.0712922Z /home/runner/work/spotquant/spotquant/tests/test_edge_assessment.py:259: ResourceWarning: unclosed database in <sqlite3.Connection object at 0x7f2e6323c4f0>
check	Compile and run offline checks	2026-10-03T04:53:19.0713677Z   values = [dict(day_ms=d, equity_cny=budget * .998001, equity_usdt=initial,
check	Compile and run offline checks	2026-10-03T04:53:19.0714151Z ResourceWarning: Enable tracemalloc to get the object allocation traceback
check	Compile and run offline checks	2026-10-03T04:53:19.0714922Z /home/runner/work/spotquant/spotquant/tests/test_edge_assessment.py:259: ResourceWarning: unclosed database in <sqlite3.Connection object at 0x7f2e6323ca90>
check	Compile and run offline checks	2026-10-03T04:53:19.0715664Z   values = [dict(day_ms=d, equity_cny=budget * .998001, equity_usdt=initial,
check	Compile and run offline checks	2026-10-03T04:53:19.0716138Z ResourceWarning: Enable tracemalloc to get the object allocation traceback
check	Compile and run offline checks	2026-10-03T04:53:19.1350415Z ok
check	Compile and run offline checks	2026-10-03T04:53:19.1549337Z test_wrong_capital_role_daily_alignment_and_curve_scaling_rejected (test_edge_assessment.CapitalTests.test_wrong_capital_role_daily_alignment_and_curve_scaling_rejected) ... ok
check	Compile and run offline checks	2026-10-03T04:53:19.2281856Z test_actual_profile_exact_document_binding (test_edge_assessment.EnvelopeAndPhaseTests.test_actual_profile_exact_document_binding) ... ok
check	Compile and run offline checks	2026-10-03T04:53:19.2297277Z test_consumed_official_bytes_checksum_and_derived_receipts (test_edge_assessment.EnvelopeAndPhaseTests.test_consumed_official_bytes_checksum_and_derived_receipts) ... ok
check	Compile and run offline checks	2026-10-03T04:53:19.2325992Z test_daily_cash_reconstruction_and_terminal_rejection (test_edge_assessment.EnvelopeAndPhaseTests.test_daily_cash_reconstruction_and_terminal_rejection) ... ok
check	Compile and run offline checks	2026-10-03T04:53:19.2357987Z test_duplicate_account_identity_rejected_across_distinct_files (test_edge_assessment.EnvelopeAndPhaseTests.test_duplicate_account_identity_rejected_across_distinct_files) ... ok
check	Compile and run offline checks	2026-10-03T04:53:19.2375793Z test_envelope_source_contract_inputs_and_partial_retention (test_edge_assessment.EnvelopeAndPhaseTests.test_envelope_source_contract_inputs_and_partial_retention) ... ok
check	Compile and run offline checks	2026-10-03T04:53:19.2396262Z test_preliminary_pending_and_final_fail_closed_without_inventory (test_edge_assessment.EnvelopeAndPhaseTests.test_preliminary_pending_and_final_fail_closed_without_inventory) ... ok
check	Compile and run offline checks	2026-10-03T04:53:19.2399395Z test_original_session_clocks_and_outage (test_edge_assessment.EqualityAndSourceTests.test_original_session_clocks_and_outage) ... ok
check	Compile and run offline checks	2026-10-03T04:53:19.2412595Z test_six_groups_and_operating_drift_and_original_annotations (test_edge_assessment.EqualityAndSourceTests.test_six_groups_and_operating_drift_and_original_annotations) ... ok
check	Compile and run offline checks	2026-10-03T04:53:19.2861985Z test_source_committed_tree_digest_contract_and_dirty (test_edge_assessment.EqualityAndSourceTests.test_source_committed_tree_digest_contract_and_dirty) ... ok
check	Compile and run offline checks	2026-10-03T04:53:31.0791896Z test_actual_calibrated_and_coin_strict_mdd_exact_boundaries (test_edge_assessment.FinancialReviewCoverageTests.test_actual_calibrated_and_coin_strict_mdd_exact_boundaries) ... ok
check	Compile and run offline checks	2026-10-03T04:53:33.4367265Z test_complete_roundtrip_and_correct_negative_candidates (test_edge_assessment.FinancialReviewCoverageTests.test_complete_roundtrip_and_correct_negative_candidates) ... ok
check	Compile and run offline checks	2026-10-03T04:53:33.5526981Z test_exact_gate_input_schema_finite_and_raw_binding (test_edge_assessment.FinancialReviewCoverageTests.test_exact_gate_input_schema_finite_and_raw_binding) ... ok
check	Compile and run offline checks	2026-10-03T04:53:42.1204574Z test_exact_negative_mdd_complete_proof_roundtrip (test_edge_assessment.FinancialReviewCoverageTests.test_exact_negative_mdd_complete_proof_roundtrip) ... ok
check	Compile and run offline checks	2026-10-03T04:54:12.4744590Z test_missing_each_category_duplicate_unknown_failed_and_wrong_raw (test_edge_assessment.FinancialReviewCoverageTests.test_missing_each_category_duplicate_unknown_failed_and_wrong_raw) ... ok
check	Compile and run offline checks	2026-10-03T04:54:17.5768957Z test_typed_finite_and_exact_evidence_binding (test_edge_assessment.FinancialReviewCoverageTests.test_typed_finite_and_exact_evidence_binding) ... ok
check	Compile and run offline checks	2026-10-03T04:54:17.5919184Z test_combo_all_eligible_order_ties_no_controls (test_edge_assessment.InventoryTests.test_combo_all_eligible_order_ties_no_controls) ... ok
check	Compile and run offline checks	2026-10-03T04:54:17.5923823Z test_full_matrix_includes_losing_singles_risk_controls_offsets_budgets (test_edge_assessment.InventoryTests.test_full_matrix_includes_losing_singles_risk_controls_offsets_budgets) ... ok
check	Compile and run offline checks	2026-10-03T04:54:17.5961312Z test_manifest_hash_nested_duplicate_and_original_envelope (test_edge_assessment.InventoryTests.test_manifest_hash_nested_duplicate_and_original_envelope) ... ok
check	Compile and run offline checks	2026-10-03T04:54:17.5975127Z test_strict_json_and_exclusive_outputs (test_edge_assessment.InventoryTests.test_strict_json_and_exclusive_outputs) ... ok
check	Compile and run offline checks	2026-10-03T04:54:17.6009878Z test_already_flat_but_unreflected_cash_change_rejected (test_edge_assessment.MissingDailyEvidenceTests.test_already_flat_but_unreflected_cash_change_rejected) ... ok
check	Compile and run offline checks	2026-10-03T04:54:17.6365709Z test_genuine_eventless_flat_carry_and_verified_intraday_flat (test_edge_assessment.MissingDailyEvidenceTests.test_genuine_eventless_flat_carry_and_verified_intraday_flat) ... ok
check	Compile and run offline checks	2026-10-03T04:54:17.6396868Z test_perp_midnight_funding_before_same_stamp_fill_preserved (test_edge_assessment.MissingDailyEvidenceTests.test_perp_midnight_funding_before_same_stamp_fill_preserved) ... ok
check	Compile and run offline checks	2026-10-03T04:54:17.6428654Z test_terminal_only_missing_held_day_rejected (test_edge_assessment.MissingDailyEvidenceTests.test_terminal_only_missing_held_day_rejected) ... ok
check	Compile and run offline checks	2026-10-03T04:54:17.6432949Z test_cash_identifiable_and_degenerate_market (test_edge_assessment.RiskAndGateTests.test_cash_identifiable_and_degenerate_market) ... ok
check	Compile and run offline checks	2026-10-03T04:54:17.6436981Z test_es99_ceil_and_sign (test_edge_assessment.RiskAndGateTests.test_es99_ceil_and_sign) ... ok
check	Compile and run offline checks	2026-10-03T04:54:17.6441305Z test_exact_adoption_equality_and_just_fail (test_edge_assessment.RiskAndGateTests.test_exact_adoption_equality_and_just_fail) ... ok
check	Compile and run offline checks	2026-10-03T04:54:17.6443767Z test_perp_strict_mdd_and_actual_risk_only_fallback (test_edge_assessment.RiskAndGateTests.test_perp_strict_mdd_and_actual_risk_only_fallback) ... ok
check	Compile and run offline checks	2026-10-03T04:54:17.7115028Z test_profile_schema_scale_raw_binding_and_unity (test_edge_assessment.RiskAndGateTests.test_profile_schema_scale_raw_binding_and_unity) ... ok
check	Compile and run offline checks	2026-10-03T04:54:17.9910691Z test_training_only_future_perturbation_exact_731_and_project_separation (test_edge_assessment.RiskAndGateTests.test_training_only_future_perturbation_exact_731_and_project_separation) ... ok
check	Compile and run offline checks	2026-10-03T04:54:17.9917571Z test_actual_stop_versus_sma_and_price_opportunity_is_not_profit (test_edge_attribution.AttributionTests.test_actual_stop_versus_sma_and_price_opportunity_is_not_profit) ... ok
check	Compile and run offline checks	2026-10-03T04:54:17.9921611Z test_decision_action_reason_and_error_preserve_later_summary_provenance (test_edge_attribution.AttributionTests.test_decision_action_reason_and_error_preserve_later_summary_provenance) ... ok
check	Compile and run offline checks	2026-10-03T04:54:17.9927362Z test_decision_constraint_summary_is_attributed_at_actual_later_sizing (test_edge_attribution.AttributionTests.test_decision_constraint_summary_is_attributed_at_actual_later_sizing) ... ok
check	Compile and run offline checks	2026-10-03T04:54:17.9934804Z test_extended_other_and_tampered_rich_fill (test_edge_attribution.AttributionTests.test_extended_other_and_tampered_rich_fill) ... ok
check	Compile and run offline checks	2026-10-03T04:54:17.9937717Z test_first_difference_and_later_equity_propagation_are_distinct (test_edge_attribution.AttributionTests.test_first_difference_and_later_equity_propagation_are_distinct) ... ok
check	Compile and run offline checks	2026-10-03T04:54:17.9954660Z test_hash_mismatch_duplicate_json_and_output_overwrite_fail_closed (test_edge_attribution.AttributionTests.test_hash_mismatch_duplicate_json_and_output_overwrite_fail_closed) ... ok
check	Compile and run offline checks	2026-10-03T04:54:17.9957177Z test_initialization_valuation_is_not_an_elapsed_flat_day (test_edge_attribution.AttributionTests.test_initialization_valuation_is_not_an_elapsed_flat_day) ... ok
check	Compile and run offline checks	2026-10-03T04:54:17.9961839Z test_macro_context_pairing_retains_distinct_actual_identities (test_edge_attribution.AttributionTests.test_macro_context_pairing_retains_distinct_actual_identities) ... ok
check	Compile and run offline checks	2026-10-03T04:54:17.9967230Z test_missing_fill_reason_or_owner_stays_unknown (test_edge_attribution.AttributionTests.test_missing_fill_reason_or_owner_stays_unknown) ... ok
check	Compile and run offline checks	2026-10-03T04:54:17.9969986Z test_mixed_observations_and_prior_equity_remain_unisolated (test_edge_attribution.AttributionTests.test_mixed_observations_and_prior_equity_remain_unisolated) ... ok
check	Compile and run offline checks	2026-10-03T04:54:17.9972770Z test_partial_sell_does_not_create_flat_campaign (test_edge_attribution.AttributionTests.test_partial_sell_does_not_create_flat_campaign) ... ok
check	Compile and run offline checks	2026-10-03T04:54:17.9975590Z test_post_execution_summary_cannot_precede_actual_cause (test_edge_attribution.AttributionTests.test_post_execution_summary_cannot_precede_actual_cause) ... ok
check	Compile and run offline checks	2026-10-03T04:54:17.9978669Z test_retained_dust_is_owned_and_not_exact_account_zero (test_edge_attribution.AttributionTests.test_retained_dust_is_owned_and_not_exact_account_zero) ... ok
check	Compile and run offline checks	2026-10-03T04:54:17.9981655Z test_same_opportunity_retains_raw_timing_numeric_and_rounding_differences (test_edge_attribution.AttributionTests.test_same_opportunity_retains_raw_timing_numeric_and_rounding_differences) ... ok
check	Compile and run offline checks	2026-10-03T04:54:17.9983993Z test_topup_exit_timeout_and_unavailable_event_categories (test_edge_attribution.AttributionTests.test_topup_exit_timeout_and_unavailable_event_categories) ... ok
check	Compile and run offline checks	2026-10-03T04:54:17.9986095Z test_unlinked_coin_fill_does_not_inherit_nearest_opportunity (test_edge_attribution.AttributionTests.test_unlinked_coin_fill_does_not_inherit_nearest_opportunity) ... ok
check	Compile and run offline checks	2026-10-03T04:54:17.9988509Z test_write_quantity_is_requested_size_with_unknown_upstream_cause (test_edge_attribution.AttributionTests.test_write_quantity_is_requested_size_with_unknown_upstream_cause) ... ok
check	Compile and run offline checks	2026-10-03T04:54:17.9993142Z test_changed_registered_raw_rejects_before_market_verification (test_edge_features.BuilderTests.test_changed_registered_raw_rejects_before_market_verification) ... ok
check	Compile and run offline checks	2026-10-03T04:54:18.0010554Z test_existing_output_rejects_before_build_and_keeps_bytes (test_edge_features.BuilderTests.test_existing_output_rejects_before_build_and_keeps_bytes) ... ok
check	Compile and run offline checks	2026-10-03T04:54:18.0022077Z test_invalid_transformed_data_rejects_before_output_creation (test_edge_features.BuilderTests.test_invalid_transformed_data_rejects_before_output_creation) ... ok
check	Compile and run offline checks	2026-10-03T04:54:18.0031792Z test_official_archive_requires_matching_companion_and_expected_hash (test_edge_features.BuilderTests.test_official_archive_requires_matching_companion_and_expected_hash) ... ok
check	Compile and run offline checks	2026-10-03T04:54:18.0059136Z test_validated_output_is_exclusive_and_reader_compatible (test_edge_features.BuilderTests.test_validated_output_is_exclusive_and_reader_compatible) ... ok
check	Compile and run offline checks	2026-10-03T04:54:18.0066907Z test_basis_before_at_and_current_utc_availability_date (test_edge_features.FeatureTests.test_basis_before_at_and_current_utc_availability_date) ... ok
check	Compile and run offline checks	2026-10-03T04:54:18.0083571Z test_coverage_is_recomputed_and_tracks_exact_jitter_gap (test_edge_features.FeatureTests.test_coverage_is_recomputed_and_tracks_exact_jitter_gap) ... ok
check	Compile and run offline checks	2026-10-03T04:54:18.0099108Z test_duplicate_json_keys_and_nonfinite_json_numbers_reject (test_edge_features.FeatureTests.test_duplicate_json_keys_and_nonfinite_json_numbers_reject) ... ok
check	Compile and run offline checks	2026-10-03T04:54:18.0105444Z test_empty_features_are_missing_never_zero (test_edge_features.FeatureTests.test_empty_features_are_missing_never_zero) ... ok
check	Compile and run offline checks	2026-10-03T04:54:18.0142684Z test_file_content_and_source_identity_checks (test_edge_features.FeatureTests.test_file_content_and_source_identity_checks) ... ok
check	Compile and run offline checks	2026-10-03T04:54:18.0149939Z test_frozen_window_blocks_valid_tail_and_before_window (test_edge_features.FeatureTests.test_frozen_window_blocks_valid_tail_and_before_window) ... ok
check	Compile and run offline checks	2026-10-03T04:54:18.0157012Z test_funding_before_at_and_exact_expiry_with_negative_rate (test_edge_features.FeatureTests.test_funding_before_at_and_exact_expiry_with_negative_rate) ... ok
check	Compile and run offline checks	2026-10-03T04:54:18.0170550Z test_future_tail_perturbation_cannot_change_prior_decisions (test_edge_features.FeatureTests.test_future_tail_perturbation_cannot_change_prior_decisions) ... ok
check	Compile and run offline checks	2026-10-03T04:54:18.0207756Z test_invalid_and_nonfinite_decimal_values (test_edge_features.FeatureTests.test_invalid_and_nonfinite_decimal_values) ... ok
check	Compile and run offline checks	2026-10-03T04:54:18.0228436Z test_invalid_container_shapes_reject (test_edge_features.FeatureTests.test_invalid_container_shapes_reject) ... ok
check	Compile and run offline checks	2026-10-03T04:54:18.0235114Z test_invalid_lookup_names_and_times_reject (test_edge_features.FeatureTests.test_invalid_lookup_names_and_times_reject) ... ok
check	Compile and run offline checks	2026-10-03T04:54:18.0307923Z test_invalid_time_lag_boundary_and_order_records (test_edge_features.FeatureTests.test_invalid_time_lag_boundary_and_order_records) ... ok
check	Compile and run offline checks	2026-10-03T04:54:18.0315230Z test_lookup_journal_binds_input_sources_and_missing_cause (test_edge_features.FeatureTests.test_lookup_journal_binds_input_sources_and_missing_cause) ... ok
check	Compile and run offline checks	2026-10-03T04:54:18.0322568Z test_missing_day_is_explicit_and_cannot_carry_yesterdays_basis (test_edge_features.FeatureTests.test_missing_day_is_explicit_and_cannot_carry_yesterdays_basis) ... ok
check	Compile and run offline checks	2026-10-03T04:54:18.0344276Z test_null_requires_cause_and_known_value_cannot_have_one (test_edge_features.FeatureTests.test_null_requires_cause_and_known_value_cannot_have_one) ... ok
check	Compile and run offline checks	2026-10-03T04:54:18.0349529Z test_registered_rules_are_finite_and_project_bound (test_edge_features.FeatureTests.test_registered_rules_are_finite_and_project_bound) ... ok
check	Compile and run offline checks	2026-10-03T04:54:18.0356351Z test_settlement_jitter_is_not_repaired_or_tolerated (test_edge_features.FeatureTests.test_settlement_jitter_is_not_repaired_or_tolerated) ... ok
check	Compile and run offline checks	2026-10-03T04:54:18.0390938Z test_actual_acquisition_stamps_retained_bytes_and_rejects_redirect (test_edge_forward.ForwardTests.test_actual_acquisition_stamps_retained_bytes_and_rejects_redirect) ... ok
check	Compile and run offline checks	2026-10-03T04:54:18.1796283Z test_atomic_failure_preserves_original_and_source_change_blocks (test_edge_forward.ForwardTests.test_atomic_failure_preserves_original_and_source_change_blocks) ... ok
check	Compile and run offline checks	2026-10-03T04:54:18.3781892Z test_backfill_duplicate_future_and_gap_rejections_leave_bytes_unchanged (test_edge_forward.ForwardTests.test_backfill_duplicate_future_and_gap_rejections_leave_bytes_unchanged) ... ok
check	Compile and run offline checks	2026-10-03T04:54:18.9489179Z test_bearish_ordinary_full_exit_restores_then_requires_fresh_cross (test_edge_forward.ForwardTests.test_bearish_ordinary_full_exit_restores_then_requires_fresh_cross) ... ok
check	Compile and run offline checks	2026-10-03T04:54:18.9492187Z test_coin_unplaceable_protection_rejects_model_size (test_edge_forward.ForwardTests.test_coin_unplaceable_protection_rejects_model_size) ... skipped 'perpetual protection preflight'
check	Compile and run offline checks	2026-10-03T04:54:19.2214149Z test_complete_public_print_path_models_protection_with_exact_source (test_edge_forward.ForwardTests.test_complete_public_print_path_models_protection_with_exact_source) ... ok
check	Compile and run offline checks	2026-10-03T04:54:19.6336206Z test_entry_day_prefill_wick_does_not_tighten_owned_stop (test_edge_forward.ForwardTests.test_entry_day_prefill_wick_does_not_tighten_owned_stop) ... ok
check	Compile and run offline checks	2026-10-03T04:54:19.6338855Z test_funding_sign_no_past_cashflows_and_missing_is_not_zero (test_edge_forward.ForwardTests.test_funding_sign_no_past_cashflows_and_missing_is_not_zero) ... skipped 'perpetual-only settlement accounting'
check	Compile and run offline checks	2026-10-03T04:54:19.6837091Z test_initialization_is_actual_cold_start_and_exclusive (test_edge_forward.ForwardTests.test_initialization_is_actual_cold_start_and_exclusive) ... ok
check	Compile and run offline checks	2026-10-03T04:54:19.6839224Z test_macro_cap_binds_executable_entry_and_keeps_original_target (test_edge_forward.ForwardTests.test_macro_cap_binds_executable_entry_and_keeps_original_target) ... skipped 'Coin canonical macro stop budget'
check	Compile and run offline checks	2026-10-03T04:54:19.6841551Z test_macro_depth_and_minimum_limits_do_not_relabel_target (test_edge_forward.ForwardTests.test_macro_depth_and_minimum_limits_do_not_relabel_target) ... skipped 'Coin depth and minimum caps'
check	Compile and run offline checks	2026-10-03T04:54:19.6843277Z test_macro_volatility_target_uses_higher_mark_not_entry_price (test_edge_forward.ForwardTests.test_macro_volatility_target_uses_higher_mark_not_entry_price) ... skipped 'Coin macro entry-versus-mark geometry'
check	Compile and run offline checks	2026-10-03T04:54:19.8378466Z test_missing_executable_depth_blocks_new_risk (test_edge_forward.ForwardTests.test_missing_executable_depth_blocks_new_risk) ... ok
check	Compile and run offline checks	2026-10-03T04:54:20.2565153Z test_partial_ordinary_exit_and_later_passive_exit_restore (test_edge_forward.ForwardTests.test_partial_ordinary_exit_and_later_passive_exit_restore) ... ok
check	Compile and run offline checks	2026-10-03T04:54:20.2567595Z test_primary_target_unchanged_and_fee_margin_limited_fill (test_edge_forward.ForwardTests.test_primary_target_unchanged_and_fee_margin_limited_fill) ... skipped 'Coin target versus constrained fill'
check	Compile and run offline checks	2026-10-03T04:54:20.6732578Z test_prior_unresolved_span_blocks_later_local_passive_fill (test_edge_forward.ForwardTests.test_prior_unresolved_span_blocks_later_local_passive_fill) ... ok
check	Compile and run offline checks	2026-10-03T04:54:20.8960538Z test_proposal_modeled_fill_fee_net_conservation_and_checkpoint (test_edge_forward.ForwardTests.test_proposal_modeled_fill_fee_net_conservation_and_checkpoint) ... ok
check	Compile and run offline checks	2026-10-03T04:54:21.1677856Z test_protective_ohlc_is_unknown_not_a_fabricated_stop_fill (test_edge_forward.ForwardTests.test_protective_ohlc_is_unknown_not_a_fabricated_stop_fill) ... ok
check	Compile and run offline checks	2026-10-03T04:54:21.1679754Z test_raw_alfred_vintage_parsing_and_future_rejection (test_edge_forward.ForwardTests.test_raw_alfred_vintage_parsing_and_future_rejection) ... skipped 'ALFRED macro source'
check	Compile and run offline checks	2026-10-03T04:54:21.1699678Z test_receipt_url_future_boundary_and_raw_tamper (test_edge_forward.ForwardTests.test_receipt_url_future_boundary_and_raw_tamper) ... ok
check	Compile and run offline checks	2026-10-03T04:54:21.2001700Z test_recomputed_checkpoint_tamper_and_missing_raw_are_rejected (test_edge_forward.ForwardTests.test_recomputed_checkpoint_tamper_and_missing_raw_are_rejected) ... ok
check	Compile and run offline checks	2026-10-03T04:54:21.4349959Z test_size_minimum_rounding_depth_and_no_topup (test_edge_forward.ForwardTests.test_size_minimum_rounding_depth_and_no_topup) ... ok
check	Compile and run offline checks	2026-10-03T04:54:21.4376204Z test_stale_and_nonfinite_book_rejected (test_edge_forward.ForwardTests.test_stale_and_nonfinite_book_rejected) ... ok
check	Compile and run offline checks	2026-10-03T04:54:21.4393294Z test_strict_json_numbers_and_duplicate_keys (test_edge_forward.ForwardTests.test_strict_json_numbers_and_duplicate_keys) ... ok
check	Compile and run offline checks	2026-10-03T04:54:21.5072299Z test_archive_metadata_equivalence_actual_protected_byte_rejection (test_edge_forward.SourceAndExportTests.test_archive_metadata_equivalence_actual_protected_byte_rejection) ... ok
check	Compile and run offline checks	2026-10-03T04:54:21.5674223Z test_executable_configuration_and_protocol_are_protected (test_edge_forward.SourceAndExportTests.test_executable_configuration_and_protocol_are_protected) ... ok
check	Compile and run offline checks	2026-10-03T04:54:21.6038536Z test_frozen_proof_exact_categories_records_and_adapter (test_edge_forward.SourceAndExportTests.test_frozen_proof_exact_categories_records_and_adapter) ... ok
check	Compile and run offline checks	2026-10-03T04:54:21.9931663Z test_active_substep_partial_fill_does_not_authorize_a_topup (test_edge_spot.EdgeSpotTests.test_active_substep_partial_fill_does_not_authorize_a_topup) ... ok
check	Compile and run offline checks	2026-10-03T04:54:21.9972697Z test_calibration_all_profiles_strict_fields_kind_boundaries_duplicate (test_edge_spot.EdgeSpotTests.test_calibration_all_profiles_strict_fields_kind_boundaries_duplicate) ... ok
check	Compile and run offline checks	2026-10-03T04:54:22.0288616Z test_crowding_strict_actual_clock_momentum_and_missing_safety (test_edge_spot.EdgeSpotTests.test_crowding_strict_actual_clock_momentum_and_missing_safety) ... ok
check	Compile and run offline checks	2026-10-03T04:54:22.0655382Z test_exit_confirmation_preserves_bearish_vote_and_safety_priority (test_edge_spot.EdgeSpotTests.test_exit_confirmation_preserves_bearish_vote_and_safety_priority) ... ok
check	Compile and run offline checks	2026-10-03T04:54:22.0963540Z test_hooks_restored_on_decision_and_measurement_failure (test_edge_spot.EdgeSpotTests.test_hooks_restored_on_decision_and_measurement_failure) ... ok
check	Compile and run offline checks	2026-10-03T04:54:22.1024996Z test_previous_sma_uses_its_own_completed_window_and_equality_is_below (test_edge_spot.EdgeSpotTests.test_previous_sma_uses_its_own_completed_window_and_equality_is_below) ... ok
check	Compile and run offline checks	2026-10-03T04:54:22.5987688Z {"candidate": "cash", "scenario": "base", "session": 0}
check	Compile and run offline checks	2026-10-03T04:54:22.6863471Z test_real_cash_and_two_protected_controls_fees_stop_no_same_day_reentry (test_edge_spot.EdgeSpotTests.test_real_cash_and_two_protected_controls_fees_stop_no_same_day_reentry) ... /home/runner/work/spotquant/spotquant/spotquant/model.py:350: ResourceWarning: unclosed database in <sqlite3.Connection object at 0x7f2e6337f6a0>
check	Compile and run offline checks	2026-10-03T04:54:22.6866950Z   model.closes = deque((D(item) for item in body['closes']), maxlen=limit)
check	Compile and run offline checks	2026-10-03T04:54:22.6867670Z ResourceWarning: Enable tracemalloc to get the object allocation traceback
check	Compile and run offline checks	2026-10-03T04:54:22.6868653Z /home/runner/work/spotquant/spotquant/spotquant/model.py:350: ResourceWarning: unclosed database in <sqlite3.Connection object at 0x7f2e633a6980>
check	Compile and run offline checks	2026-10-03T04:54:22.6869959Z   model.closes = deque((D(item) for item in body['closes']), maxlen=limit)
check	Compile and run offline checks	2026-10-03T04:54:22.6870783Z ResourceWarning: Enable tracemalloc to get the object allocation traceback
check	Compile and run offline checks	2026-10-03T04:54:23.1031032Z /home/runner/work/spotquant/spotquant/spotquant/state.py:90: ResourceWarning: unclosed database in <sqlite3.Connection object at 0x7f2e633a6980>
check	Compile and run offline checks	2026-10-03T04:54:23.1032179Z   row = self.db.execute('SELECT value FROM meta WHERE key=?', (key,)).fetchone()
check	Compile and run offline checks	2026-10-03T04:54:23.1032908Z ResourceWarning: Enable tracemalloc to get the object allocation traceback
check	Compile and run offline checks	2026-10-03T04:54:23.1033947Z /home/runner/work/spotquant/spotquant/spotquant/state.py:90: ResourceWarning: unclosed database in <sqlite3.Connection object at 0x7f2e6337cf40>
check	Compile and run offline checks	2026-10-03T04:54:23.1034958Z   row = self.db.execute('SELECT value FROM meta WHERE key=?', (key,)).fetchone()
check	Compile and run offline checks	2026-10-03T04:54:23.1035619Z ResourceWarning: Enable tracemalloc to get the object allocation traceback
check	Compile and run offline checks	2026-10-03T04:54:23.6352730Z /opt/hostedtoolcache/Python/3.13.15/x64/lib/python3.13/copyreg.py:99: ResourceWarning: unclosed database in <sqlite3.Connection object at 0x7f2e63617790>
check	Compile and run offline checks	2026-10-03T04:54:23.6354629Z   return cls.__new__(cls, *args)
check	Compile and run offline checks	2026-10-03T04:54:23.6355591Z ResourceWarning: Enable tracemalloc to get the object allocation traceback
check	Compile and run offline checks	2026-10-03T04:54:23.6357585Z /opt/hostedtoolcache/Python/3.13.15/x64/lib/python3.13/copyreg.py:99: ResourceWarning: unclosed database in <sqlite3.Connection object at 0x7f2e632ef100>
check	Compile and run offline checks	2026-10-03T04:54:23.6358739Z   return cls.__new__(cls, *args)
check	Compile and run offline checks	2026-10-03T04:54:23.6359347Z ResourceWarning: Enable tracemalloc to get the object allocation traceback
check	Compile and run offline checks	2026-10-03T04:54:24.0659260Z /home/runner/work/spotquant/spotquant/spotquant/model.py:350: ResourceWarning: unclosed database in <sqlite3.Connection object at 0x7f2e63617790>
check	Compile and run offline checks	2026-10-03T04:54:24.0661320Z   model.closes = deque((D(item) for item in body['closes']), maxlen=limit)
check	Compile and run offline checks	2026-10-03T04:54:24.0662589Z ResourceWarning: Enable tracemalloc to get the object allocation traceback
check	Compile and run offline checks	2026-10-03T04:54:24.5496288Z /home/runner/work/spotquant/spotquant/spotquant/types.py:46: ResourceWarning: unclosed database in <sqlite3.Connection object at 0x7f2e633a6980>
check	Compile and run offline checks	2026-10-03T04:54:24.5498289Z   return {str(key): serial(item) for key, item in value.items()}
check	Compile and run offline checks	2026-10-03T04:54:24.5499332Z ResourceWarning: Enable tracemalloc to get the object allocation traceback
check	Compile and run offline checks	2026-10-03T04:54:24.5500654Z /home/runner/work/spotquant/spotquant/spotquant/types.py:46: ResourceWarning: unclosed database in <sqlite3.Connection object at 0x7f2e632ef790>
check	Compile and run offline checks	2026-10-03T04:54:24.5501921Z   return {str(key): serial(item) for key, item in value.items()}
check	Compile and run offline checks	2026-10-03T04:54:24.5502704Z ResourceWarning: Enable tracemalloc to get the object allocation traceback
check	Compile and run offline checks	2026-10-03T04:54:25.0541113Z {"candidate": "protected-participation-25", "scenario": "base", "session": 0}
check	Compile and run offline checks	2026-10-03T04:54:25.0727259Z /home/runner/work/spotquant/spotquant/spotquant/model.py:233: ResourceWarning: unclosed database in <sqlite3.Connection object at 0x7f2e63617790>
check	Compile and run offline checks	2026-10-03T04:54:25.0728766Z   self.true_ranges.append((open_time, max(high - low, abs(high - self.close), abs(low - self.close))))
check	Compile and run offline checks	2026-10-03T04:54:25.0729791Z ResourceWarning: Enable tracemalloc to get the object allocation traceback
check	Compile and run offline checks	2026-10-03T04:54:25.0731053Z /home/runner/work/spotquant/spotquant/spotquant/model.py:233: ResourceWarning: unclosed database in <sqlite3.Connection object at 0x7f2e633a6980>
check	Compile and run offline checks	2026-10-03T04:54:25.0732665Z   self.true_ranges.append((open_time, max(high - low, abs(high - self.close), abs(low - self.close))))
check	Compile and run offline checks	2026-10-03T04:54:25.0733616Z ResourceWarning: Enable tracemalloc to get the object allocation traceback
check	Compile and run offline checks	2026-10-03T04:54:25.7004711Z /home/runner/work/spotquant/spotquant/spotquant/model.py:350: ResourceWarning: unclosed database in <sqlite3.Connection object at 0x7f2e633a6980>
check	Compile and run offline checks	2026-10-03T04:54:25.7005915Z   model.closes = deque((D(item) for item in body['closes']), maxlen=limit)
check	Compile and run offline checks	2026-10-03T04:54:25.7006887Z ResourceWarning: Enable tracemalloc to get the object allocation traceback
check	Compile and run offline checks	2026-10-03T04:54:25.7008046Z /home/runner/work/spotquant/spotquant/spotquant/model.py:350: ResourceWarning: unclosed database in <sqlite3.Connection object at 0x7f2e63617790>
check	Compile and run offline checks	2026-10-03T04:54:25.7009196Z   model.closes = deque((D(item) for item in body['closes']), maxlen=limit)
check	Compile and run offline checks	2026-10-03T04:54:25.7009931Z ResourceWarning: Enable tracemalloc to get the object allocation traceback
check	Compile and run offline checks	2026-10-03T04:54:27.6200269Z /home/runner/work/spotquant/spotquant/spotquant/types.py:46: ResourceWarning: unclosed database in <sqlite3.Connection object at 0x7f2e633a6980>
check	Compile and run offline checks	2026-10-03T04:54:27.6201623Z   return {str(key): serial(item) for key, item in value.items()}
check	Compile and run offline checks	2026-10-03T04:54:27.6202231Z ResourceWarning: Enable tracemalloc to get the object allocation traceback
check	Compile and run offline checks	2026-10-03T04:54:27.6203757Z /home/runner/work/spotquant/spotquant/spotquant/types.py:46: ResourceWarning: unclosed database in <sqlite3.Connection object at 0x7f2e632ef790>
check	Compile and run offline checks	2026-10-03T04:54:27.6205005Z   return {str(key): serial(item) for key, item in value.items()}
check	Compile and run offline checks	2026-10-03T04:54:27.6205790Z ResourceWarning: Enable tracemalloc to get the object allocation traceback
check	Compile and run offline checks	2026-10-03T04:54:28.1312074Z {"candidate": "protected-participation-100", "scenario": "base", "session": 0}
check	Compile and run offline checks	2026-10-03T04:54:28.1519323Z /home/runner/work/spotquant/spotquant/spotquant/model.py:233: ResourceWarning: unclosed database in <sqlite3.Connection object at 0x7f2e63617790>
check	Compile and run offline checks	2026-10-03T04:54:28.1521002Z   self.true_ranges.append((open_time, max(high - low, abs(high - self.close), abs(low - self.close))))
check	Compile and run offline checks	2026-10-03T04:54:28.1522096Z ResourceWarning: Enable tracemalloc to get the object allocation traceback
check	Compile and run offline checks	2026-10-03T04:54:28.1523514Z /home/runner/work/spotquant/spotquant/spotquant/model.py:233: ResourceWarning: unclosed database in <sqlite3.Connection object at 0x7f2e633a6980>
check	Compile and run offline checks	2026-10-03T04:54:28.1525037Z   self.true_ranges.append((open_time, max(high - low, abs(high - self.close), abs(low - self.close))))
check	Compile and run offline checks	2026-10-03T04:54:28.1526101Z ResourceWarning: Enable tracemalloc to get the object allocation traceback
check	Compile and run offline checks	2026-10-03T04:54:28.7804144Z /home/runner/work/spotquant/spotquant/spotquant/model.py:350: ResourceWarning: unclosed database in <sqlite3.Connection object at 0x7f2e633a6980>
check	Compile and run offline checks	2026-10-03T04:54:28.7806016Z   model.closes = deque((D(item) for item in body['closes']), maxlen=limit)
check	Compile and run offline checks	2026-10-03T04:54:28.7807196Z ResourceWarning: Enable tracemalloc to get the object allocation traceback
check	Compile and run offline checks	2026-10-03T04:54:28.7808625Z /home/runner/work/spotquant/spotquant/spotquant/model.py:350: ResourceWarning: unclosed database in <sqlite3.Connection object at 0x7f2e63617790>
check	Compile and run offline checks	2026-10-03T04:54:28.7809947Z   model.closes = deque((D(item) for item in body['closes']), maxlen=limit)
check	Compile and run offline checks	2026-10-03T04:54:28.7810826Z ResourceWarning: Enable tracemalloc to get the object allocation traceback
check	Compile and run offline checks	2026-10-03T04:54:30.7173267Z /home/runner/work/spotquant/spotquant/spotquant/types.py:46: ResourceWarning: unclosed database in <sqlite3.Connection object at 0x7f2e633a6980>
check	Compile and run offline checks	2026-10-03T04:54:30.7174964Z   return {str(key): serial(item) for key, item in value.items()}
check	Compile and run offline checks	2026-10-03T04:54:30.7175977Z ResourceWarning: Enable tracemalloc to get the object allocation traceback
check	Compile and run offline checks	2026-10-03T04:54:30.7177827Z /home/runner/work/spotquant/spotquant/spotquant/types.py:46: ResourceWarning: unclosed database in <sqlite3.Connection object at 0x7f2e632ef790>
check	Compile and run offline checks	2026-10-03T04:54:30.7178866Z   return {str(key): serial(item) for key, item in value.items()}
check	Compile and run offline checks	2026-10-03T04:54:30.7179814Z ResourceWarning: Enable tracemalloc to get the object allocation traceback
check	Compile and run offline checks	2026-10-03T04:54:30.7190634Z ok
check	Compile and run offline checks	2026-10-03T04:54:30.7819939Z test_registered_components_and_minimum_rounding (test_edge_spot.EdgeSpotTests.test_registered_components_and_minimum_rounding) ... ok
check	Compile and run offline checks	2026-10-03T04:54:30.9118195Z test_risk_cutoff_and_held_protections_untouched (test_edge_spot.EdgeSpotTests.test_risk_cutoff_and_held_protections_untouched) ... ok
check	Compile and run offline checks	2026-10-03T04:54:31.0796277Z test_state_rule_checkpoint_profile_reject_before_recover_spy (test_edge_spot.EdgeSpotTests.test_state_rule_checkpoint_profile_reject_before_recover_spy) ... ok
check	Compile and run offline checks	2026-10-03T04:54:31.1477469Z test_stop_budget_caps_original_proposal_accounts_fees_and_blocks_missing (test_edge_spot.EdgeSpotTests.test_stop_budget_caps_original_proposal_accounts_fees_and_blocks_missing) ... ok
check	Compile and run offline checks	2026-10-03T04:54:31.1482301Z test_stop_risk_aggregates_allocated_sleeves_and_rounding_dust (test_edge_spot.EdgeSpotTests.test_stop_risk_aggregates_allocated_sleeves_and_rounding_dust) ... ok
check	Compile and run offline checks	2026-10-03T04:54:31.6052069Z {"candidate": "atr-stop", "scenario": "base", "session": 0}
check	Compile and run offline checks	2026-10-03T04:54:31.6334746Z test_unity_baseline_all_six_original_groups_and_budget (test_edge_spot.EdgeSpotTests.test_unity_baseline_all_six_original_groups_and_budget) ... /home/runner/work/spotquant/spotquant/spotquant/model.py:350: ResourceWarning: unclosed database in <sqlite3.Connection object at 0x7f2e633a6980>
check	Compile and run offline checks	2026-10-03T04:54:31.6337926Z   model.closes = deque((D(item) for item in body['closes']), maxlen=limit)
check	Compile and run offline checks	2026-10-03T04:54:31.6339010Z ResourceWarning: Enable tracemalloc to get the object allocation traceback
check	Compile and run offline checks	2026-10-03T04:54:31.6341000Z /home/runner/work/spotquant/spotquant/spotquant/model.py:350: ResourceWarning: unclosed database in <sqlite3.Connection object at 0x7f2e632ec040>
check	Compile and run offline checks	2026-10-03T04:54:31.6342614Z   model.closes = deque((D(item) for item in body['closes']), maxlen=limit)
check	Compile and run offline checks	2026-10-03T04:54:31.6343480Z ResourceWarning: Enable tracemalloc to get the object allocation traceback
check	Compile and run offline checks	2026-10-03T04:54:32.0479501Z /home/runner/work/spotquant/spotquant/spotquant/model.py:233: ResourceWarning: unclosed database in <sqlite3.Connection object at 0x7f2e632ec040>
check	Compile and run offline checks	2026-10-03T04:54:32.0480722Z   self.true_ranges.append((open_time, max(high - low, abs(high - self.close), abs(low - self.close))))
check	Compile and run offline checks	2026-10-03T04:54:32.0481511Z ResourceWarning: Enable tracemalloc to get the object allocation traceback
check	Compile and run offline checks	2026-10-03T04:54:32.0482533Z /home/runner/work/spotquant/spotquant/spotquant/model.py:233: ResourceWarning: unclosed database in <sqlite3.Connection object at 0x7f2e633a7e20>
check	Compile and run offline checks	2026-10-03T04:54:32.0483654Z   self.true_ranges.append((open_time, max(high - low, abs(high - self.close), abs(low - self.close))))
check	Compile and run offline checks	2026-10-03T04:54:32.0484700Z ResourceWarning: Enable tracemalloc to get the object allocation traceback
check	Compile and run offline checks	2026-10-03T04:54:32.7309267Z /opt/hostedtoolcache/Python/3.13.15/x64/lib/python3.13/json/encoder.py:254: ResourceWarning: unclosed database in <sqlite3.Connection object at 0x7f2e633a7e20>
check	Compile and run offline checks	2026-10-03T04:54:32.7311173Z   _iterencode = c_make_encoder(
check	Compile and run offline checks	2026-10-03T04:54:32.7312062Z ResourceWarning: Enable tracemalloc to get the object allocation traceback
check	Compile and run offline checks	2026-10-03T04:54:32.7313452Z /opt/hostedtoolcache/Python/3.13.15/x64/lib/python3.13/json/encoder.py:254: ResourceWarning: unclosed database in <sqlite3.Connection object at 0x7f2e633a6980>
check	Compile and run offline checks	2026-10-03T04:54:32.7315002Z   _iterencode = c_make_encoder(
check	Compile and run offline checks	2026-10-03T04:54:32.7315833Z ResourceWarning: Enable tracemalloc to get the object allocation traceback
check	Compile and run offline checks	2026-10-03T04:54:33.0734796Z {"candidate": "atr-stop", "scenario": "base", "session": 0}
check	Compile and run offline checks	2026-10-03T04:54:33.0778891Z /home/runner/work/spotquant/spotquant/spotquant/model.py:213: ResourceWarning: unclosed database in <sqlite3.Connection object at 0x7f2e633a6980>
check	Compile and run offline checks	2026-10-03T04:54:33.0780422Z   yday <= D(1) - self.cap_drop
check	Compile and run offline checks	2026-10-03T04:54:33.0781199Z ResourceWarning: Enable tracemalloc to get the object allocation traceback
check	Compile and run offline checks	2026-10-03T04:54:33.0782738Z /home/runner/work/spotquant/spotquant/spotquant/model.py:213: ResourceWarning: unclosed database in <sqlite3.Connection object at 0x7f2e632ec040>
check	Compile and run offline checks	2026-10-03T04:54:33.0783982Z   yday <= D(1) - self.cap_drop
check	Compile and run offline checks	2026-10-03T04:54:33.0784713Z ResourceWarning: Enable tracemalloc to get the object allocation traceback
check	Compile and run offline checks	2026-10-03T04:54:34.2154205Z /home/runner/work/spotquant/spotquant/spotquant/preview.py:343: ResourceWarning: unclosed database in <sqlite3.Connection object at 0x7f2e633a7e20>
check	Compile and run offline checks	2026-10-03T04:54:34.2155763Z   voters = sum(bool(views[w].bull) and decision['sleeves'][str(w)]['action'] in ('enter', 'hold')
check	Compile and run offline checks	2026-10-03T04:54:34.2156997Z ResourceWarning: Enable tracemalloc to get the object allocation traceback
check	Compile and run offline checks	2026-10-03T04:54:34.2158411Z /home/runner/work/spotquant/spotquant/spotquant/preview.py:343: ResourceWarning: unclosed database in <sqlite3.Connection object at 0x7f2e633a6980>
check	Compile and run offline checks	2026-10-03T04:54:34.2159909Z   voters = sum(bool(views[w].bull) and decision['sleeves'][str(w)]['action'] in ('enter', 'hold')
check	Compile and run offline checks	2026-10-03T04:54:34.2160887Z ResourceWarning: Enable tracemalloc to get the object allocation traceback
check	Compile and run offline checks	2026-10-03T04:54:34.5717240Z {"candidate": "atr-stop", "scenario": "base", "session": 0}
check	Compile and run offline checks	2026-10-03T04:54:34.5764790Z /home/runner/work/spotquant/spotquant/spotquant/model.py:212: ResourceWarning: unclosed database in <sqlite3.Connection object at 0x7f2e633a6980>
check	Compile and run offline checks	2026-10-03T04:54:34.5765781Z   return bool(
check	Compile and run offline checks	2026-10-03T04:54:34.5766253Z ResourceWarning: Enable tracemalloc to get the object allocation traceback
check	Compile and run offline checks	2026-10-03T04:54:34.5767616Z /home/runner/work/spotquant/spotquant/spotquant/model.py:212: ResourceWarning: unclosed database in <sqlite3.Connection object at 0x7f2e632ec040>
check	Compile and run offline checks	2026-10-03T04:54:34.5768538Z   return bool(
check	Compile and run offline checks	2026-10-03T04:54:34.5769026Z ResourceWarning: Enable tracemalloc to get the object allocation traceback
check	Compile and run offline checks	2026-10-03T04:54:35.6190029Z ok
check	Compile and run offline checks	2026-10-03T04:54:35.6191948Z test_a_balance_that_is_not_the_buy_is_unknown (test_follow.FollowTests.test_a_balance_that_is_not_the_buy_is_unknown) ... ok
check	Compile and run offline checks	2026-10-03T04:54:35.6193574Z test_a_full_transfer_out_with_no_sell_is_unknown (test_follow.FollowTests.test_a_full_transfer_out_with_no_sell_is_unknown) ... ok
check	Compile and run offline checks	2026-10-03T04:54:35.6195173Z test_a_pre_fill_wick_does_not_raise_the_peak (test_follow.FollowTests.test_a_pre_fill_wick_does_not_raise_the_peak) ... ok
check	Compile and run offline checks	2026-10-03T04:54:35.6197210Z test_a_sell_already_accounted_for_is_not_counted_twice (test_follow.FollowTests.test_a_sell_already_accounted_for_is_not_counted_twice) ... ok
check	Compile and run offline checks	2026-10-03T04:54:35.6200150Z test_a_sell_of_one_sleeve_does_not_erase_the_buy_of_another_at_the_same_open (test_follow.FollowTests.test_a_sell_of_one_sleeve_does_not_erase_the_buy_of_another_at_the_same_open) ... ok
check	Compile and run offline checks	2026-10-03T04:54:35.6202197Z test_a_sell_that_leaves_one_sleeve_closes_only_that_sleeve (test_follow.FollowTests.test_a_sell_that_leaves_one_sleeve_closes_only_that_sleeve) ... ok
check	Compile and run offline checks	2026-10-03T04:54:35.6204522Z test_btc_commission_is_part_of_the_balance_and_not_the_fill_price (test_follow.FollowTests.test_btc_commission_is_part_of_the_balance_and_not_the_fill_price) ... ok
check	Compile and run offline checks	2026-10-03T04:54:35.6206470Z test_equal_sleeves_are_unknown_even_when_both_want_to_exit (test_follow.FollowTests.test_equal_sleeves_are_unknown_even_when_both_want_to_exit) ... ok
check	Compile and run offline checks	2026-10-03T04:54:35.6210090Z test_sleeves_on_one_signal_day_share_one_fill_equally (test_follow.FollowTests.test_sleeves_on_one_signal_day_share_one_fill_equally) ... ok
check	Compile and run offline checks	2026-10-03T04:54:35.6211741Z test_two_order_ids_are_not_merged_into_one_fill (test_follow.FollowTests.test_two_order_ids_are_not_merged_into_one_fill) ... ok
check	Compile and run offline checks	2026-10-03T04:54:35.6239138Z test_expired_partial_and_intentional_half_reduction_remain_positions (test_grouped_close.GroupedCloseTests.test_expired_partial_and_intentional_half_reduction_remain_positions) ... ok
check	Compile and run offline checks	2026-10-03T04:54:35.6258706Z test_full_close_is_strategy_flat_while_real_ownership_and_capital_are_kept (test_grouped_close.GroupedCloseTests.test_full_close_is_strategy_flat_while_real_ownership_and_capital_are_kept) ... ok
check	Compile and run offline checks	2026-10-03T04:54:35.6273761Z test_future_final_readback_cannot_close_an_earlier_partial_fill (test_grouped_close.GroupedCloseTests.test_future_final_readback_cannot_close_an_earlier_partial_fill) ... ok
check	Compile and run offline checks	2026-10-03T04:54:35.6290184Z test_late_terminal_readback_does_not_commit_a_permanently_unprotected_remainder (test_grouped_close.GroupedCloseTests.test_late_terminal_readback_does_not_commit_a_permanently_unprotected_remainder) ... ok
check	Compile and run offline checks	2026-10-03T04:54:35.6315891Z test_missing_readback_or_incomplete_legacy_application_never_widens_dust (test_grouped_close.GroupedCloseTests.test_missing_readback_or_incomplete_legacy_application_never_widens_dust) ... ok
check	Compile and run offline checks	2026-10-03T04:54:35.6493378Z test_readonly_cycle_rolls_back_earlier_sleeve_before_late_terminal_guard (test_grouped_close.GroupedCloseTests.test_readonly_cycle_rolls_back_earlier_sleeve_before_late_terminal_guard) ... ok
check	Compile and run offline checks	2026-10-03T04:54:35.6621638Z test_readonly_recovery_and_executor_use_the_same_durable_native_metadata (test_grouped_close.GroupedCloseTests.test_readonly_recovery_and_executor_use_the_same_durable_native_metadata) ... ok
check	Compile and run offline checks	2026-10-03T04:54:35.6636377Z test_real_reentry_merges_owned_residual_and_resets_peak (test_grouped_close.GroupedCloseTests.test_real_reentry_merges_owned_residual_and_resets_peak) ... ok
check	Compile and run offline checks	2026-10-03T04:54:35.6640279Z test_a_close_four_percent_under_the_fill_invalidates_a_normal_entry (test_model.ModelTests.test_a_close_four_percent_under_the_fill_invalidates_a_normal_entry) ... ok
check	Compile and run offline checks	2026-10-03T04:54:35.6642355Z test_a_close_sixty_one_percent_above_the_average_is_a_blowoff (test_model.ModelTests.test_a_close_sixty_one_percent_above_the_average_is_a_blowoff) ... ok
check	Compile and run offline checks	2026-10-03T04:54:35.6644165Z test_a_crash_reversal_ignores_the_four_percent_close (test_model.ModelTests.test_a_crash_reversal_ignores_the_four_percent_close) ... ok
check	Compile and run offline checks	2026-10-03T04:54:35.6647687Z test_a_flat_followed_position_rearms_only_after_a_fresh_cross (test_model.ModelTests.test_a_flat_followed_position_rearms_only_after_a_fresh_cross) ... ok
check	Compile and run offline checks	2026-10-03T04:54:35.6649984Z test_bull_is_strict_and_checkpoint_roundtrips (test_model.ModelTests.test_bull_is_strict_and_checkpoint_roundtrips) ... ok
check	Compile and run offline checks	2026-10-03T04:54:35.6655883Z test_crash_reversal_arms_and_holds_until_the_handoff (test_model.ModelTests.test_crash_reversal_arms_and_holds_until_the_handoff) ... ok
check	Compile and run offline checks	2026-10-03T04:54:35.6657685Z test_defaults_match_the_selected_spot_book (test_model.ModelTests.test_defaults_match_the_selected_spot_book) ... ok
check	Compile and run offline checks	2026-10-03T04:54:35.6659029Z test_empty_checkpoint_roundtrips (test_model.ModelTests.test_empty_checkpoint_roundtrips) ... ok
check	Compile and run offline checks	2026-10-03T04:54:35.6660220Z test_equal_close_is_not_bullish (test_model.ModelTests.test_equal_close_is_not_bullish) ... ok
check	Compile and run offline checks	2026-10-03T04:54:35.6661317Z test_origin_and_contiguity (test_model.ModelTests.test_origin_and_contiguity) ... ok
check	Compile and run offline checks	2026-10-03T04:54:35.6663148Z test_restore_rejects_a_previous_close_that_is_not_in_the_window (test_model.ModelTests.test_restore_rejects_a_previous_close_that_is_not_in_the_window) ... ok
check	Compile and run offline checks	2026-10-03T04:54:35.6664887Z test_restore_rejects_a_rehashed_crash_flag (test_model.ModelTests.test_restore_rejects_a_rehashed_crash_flag) ... ok
check	Compile and run offline checks	2026-10-03T04:54:35.6667510Z test_restore_rejects_a_rehashed_crash_reversal (test_model.ModelTests.test_restore_rejects_a_rehashed_crash_reversal) ... ok
check	Compile and run offline checks	2026-10-03T04:54:35.6669396Z test_two_closes_arm_entry_and_an_exit_requires_a_fresh_cross (test_model.ModelTests.test_two_closes_arm_entry_and_an_exit_requires_a_fresh_cross) ... ok
check	Compile and run offline checks	2026-10-03T04:54:35.6676339Z test_partial_fill_needs_native_quantity_coverage (test_native_acceptance.NativeEvidenceTests.test_partial_fill_needs_native_quantity_coverage) ... ok
check	Compile and run offline checks	2026-10-03T04:54:35.6701699Z test_raw_bytes_source_and_environment_are_bound (test_native_acceptance.NativeEvidenceTests.test_raw_bytes_source_and_environment_are_bound) ... ok
check	Compile and run offline checks	2026-10-03T04:54:35.6708295Z test_repeated_or_canceled_readbacks_cannot_inflate_protection (test_native_acceptance.NativeEvidenceTests.test_repeated_or_canceled_readbacks_cannot_inflate_protection) ... ok
check	Compile and run offline checks	2026-10-03T04:54:35.6710807Z test_reserved_manifest_filename_cannot_overwrite_archive (test_native_acceptance.NativeEvidenceTests.test_reserved_manifest_filename_cannot_overwrite_archive) ... ok
check	Compile and run offline checks	2026-10-03T04:54:35.6720697Z test_symlink_case_cannot_leave_the_archive (test_native_acceptance.NativeEvidenceTests.test_symlink_case_cannot_leave_the_archive) ... ok
check	Compile and run offline checks	2026-10-03T04:54:35.6726104Z test_synthetic_and_early_trigger_do_not_establish_native_closure (test_native_acceptance.NativeEvidenceTests.test_synthetic_and_early_trigger_do_not_establish_native_closure) ... ok
check	Compile and run offline checks	2026-10-03T04:54:35.6729718Z test_changing_balances_during_order_scan_are_unknown (test_native_export.ExportTests.test_changing_balances_during_order_scan_are_unknown) ... ok
check	Compile and run offline checks	2026-10-03T04:54:35.6741306Z test_default_http_transport_preserves_explicit_demo_methods (test_native_export.ExportTests.test_default_http_transport_preserves_explicit_demo_methods) ... ok
check	Compile and run offline checks	2026-10-03T04:54:35.6742711Z test_demo_order_gate_rejects_live_before_transport (test_native_export.ExportTests.test_demo_order_gate_rejects_live_before_transport) ... ok
check	Compile and run offline checks	2026-10-03T04:54:35.6835759Z test_failed_native_preflight_keeps_proven_unsent_intent_prepared (test_native_export.ExportTests.test_failed_native_preflight_keeps_proven_unsent_intent_prepared) ... ok
check	Compile and run offline checks	2026-10-03T04:54:35.6839156Z test_missing_asset_balance_is_unknown (test_native_export.ExportTests.test_missing_asset_balance_is_unknown) ... ok
check	Compile and run offline checks	2026-10-03T04:54:35.6841020Z test_normalized_accounts_revalue_at_perpetual_mark_without_adding_margin (test_native_export.ExportTests.test_normalized_accounts_revalue_at_perpetual_mark_without_adding_margin) ... ok
check	Compile and run offline checks	2026-10-03T04:54:35.6844372Z test_read_only_export_includes_locked_cash_and_uses_fresh_price (test_native_export.ExportTests.test_read_only_export_includes_locked_cash_and_uses_fresh_price) ... ok
check	Compile and run offline checks	2026-10-03T04:54:35.6848886Z test_redirect_after_dispatch_is_unknown_not_a_proven_refusal (test_native_export.ExportTests.test_redirect_after_dispatch_is_unknown_not_a_proven_refusal) ... ok
check	Compile and run offline checks	2026-10-03T04:54:35.6997689Z test_lost_ack_restart_and_partial_fill_protection (test_offline.OfflineTests.test_lost_ack_restart_and_partial_fill_protection) ... ok
check	Compile and run offline checks	2026-10-03T04:54:35.7060744Z test_network_adapter_and_native_state_are_rejected (test_offline.OfflineTests.test_network_adapter_and_native_state_are_rejected) ... ok
check	Compile and run offline checks	2026-10-03T04:54:35.7164548Z test_query_outage_after_fill_never_resubmits_on_restart (test_offline.OfflineTests.test_query_outage_after_fill_never_resubmits_on_restart) ... ok
check	Compile and run offline checks	2026-10-03T04:54:35.7288055Z test_sell_proceeds_are_reconciled_before_a_new_buy (test_offline.OfflineTests.test_sell_proceeds_are_reconciled_before_a_new_buy) ... ok
check	Compile and run offline checks	2026-10-03T04:54:35.7380046Z test_stop_failure_does_not_report_protection (test_offline.OfflineTests.test_stop_failure_does_not_report_protection) ... ok
check	Compile and run offline checks	2026-10-03T04:54:35.7522419Z test_strategy_exit_cancels_confirmed_protection_before_selling (test_offline.OfflineTests.test_strategy_exit_cancels_confirmed_protection_before_selling) ... ok
check	Compile and run offline checks	2026-10-03T04:54:35.7742833Z test_terminal_partial_exit_protects_the_remaining_coins (test_offline.OfflineTests.test_terminal_partial_exit_protects_the_remaining_coins) ... ok
check	Compile and run offline checks	2026-10-03T04:54:35.7810952Z test_unconfirmed_send_and_external_funds_freeze (test_offline.OfflineTests.test_unconfirmed_send_and_external_funds_freeze) ... ok
check	Compile and run offline checks	2026-10-03T04:54:35.7918470Z test_unsupported_replacement_keeps_the_prior_stop (test_offline.OfflineTests.test_unsupported_replacement_keeps_the_prior_stop) ... ok
check	Compile and run offline checks	2026-10-03T04:54:35.7921516Z test_account_days_require_this_pair_and_thirty_actual_dates (test_operations.OperationsTests.test_account_days_require_this_pair_and_thirty_actual_dates) ... ok
check	Compile and run offline checks	2026-10-03T04:54:35.7923453Z test_hedge_does_not_erase_gross_exposure_or_double_count_margin (test_operations.OperationsTests.test_hedge_does_not_erase_gross_exposure_or_double_count_margin) ... ok
check	Compile and run offline checks	2026-10-03T04:54:35.7942094Z test_second_exporter_launch_failure_cleans_first_and_records_failed_day (test_operations.OperationsTests.test_second_exporter_launch_failure_cleans_first_and_records_failed_day) ... ok
check	Compile and run offline checks	2026-10-03T04:54:35.8074642Z test_two_attempts_on_one_real_day_do_not_manufacture_two_forward_days (test_operations.OperationsTests.test_two_attempts_on_one_real_day_do_not_manufacture_two_forward_days) ... ok
check	Compile and run offline checks	2026-10-03T04:54:35.8077326Z test_unknown_stale_and_mixed_valuation_refuse_summary (test_operations.OperationsTests.test_unknown_stale_and_mixed_valuation_refuse_summary) ... ok
check	Compile and run offline checks	2026-10-03T04:54:35.8148133Z test_crash_after_cancel_resumes_sale_and_protects_partial_remainder (test_p4_execution.P4ExecutionTests.test_crash_after_cancel_resumes_sale_and_protects_partial_remainder) ... /home/runner/work/spotquant/spotquant/spotquant/model.py:233: ResourceWarning: unclosed database in <sqlite3.Connection object at 0x7f2e633a6980>
check	Compile and run offline checks	2026-10-03T04:54:35.8150545Z   self.true_ranges.append((open_time, max(high - low, abs(high - self.close), abs(low - self.close))))
check	Compile and run offline checks	2026-10-03T04:54:35.8151562Z ResourceWarning: Enable tracemalloc to get the object allocation traceback
check	Compile and run offline checks	2026-10-03T04:54:35.8807599Z /home/runner/work/spotquant/spotquant/spotquant/model.py:233: ResourceWarning: unclosed database in <sqlite3.Connection object at 0x7f2e632ec4f0>
check	Compile and run offline checks	2026-10-03T04:54:35.8809271Z   self.true_ranges.append((open_time, max(high - low, abs(high - self.close), abs(low - self.close))))
check	Compile and run offline checks	2026-10-03T04:54:35.8810328Z ResourceWarning: Enable tracemalloc to get the object allocation traceback
check	Compile and run offline checks	2026-10-03T04:54:35.9257628Z /home/runner/work/spotquant/spotquant/spotquant/model.py:350: ResourceWarning: unclosed database in <sqlite3.Connection object at 0x7f2e633a7e20>
check	Compile and run offline checks	2026-10-03T04:54:35.9259161Z   model.closes = deque((D(item) for item in body['closes']), maxlen=limit)
check	Compile and run offline checks	2026-10-03T04:54:35.9260070Z ResourceWarning: Enable tracemalloc to get the object allocation traceback
check	Compile and run offline checks	2026-10-03T04:54:36.0157819Z ok
check	Compile and run offline checks	2026-10-03T04:54:36.0711479Z test_equal_size_groups_have_distinct_order_identity_and_sell_attribution (test_p4_execution.P4ExecutionTests.test_equal_size_groups_have_distinct_order_identity_and_sell_attribution) ... /home/runner/work/spotquant/spotquant/spotquant/model.py:350: ResourceWarning: unclosed database in <sqlite3.Connection object at 0x7f2e632ec4f0>
check	Compile and run offline checks	2026-10-03T04:54:36.0714728Z   model.closes = deque((D(item) for item in body['closes']), maxlen=limit)
check	Compile and run offline checks	2026-10-03T04:54:36.0715639Z ResourceWarning: Enable tracemalloc to get the object allocation traceback
check	Compile and run offline checks	2026-10-03T04:54:36.1391923Z ok
check	Compile and run offline checks	2026-10-03T04:54:36.1919931Z test_external_cash_is_unknown_and_does_not_send (test_p4_execution.P4ExecutionTests.test_external_cash_is_unknown_and_does_not_send) ... ok
check	Compile and run offline checks	2026-10-03T04:54:36.2591814Z test_floored_exit_retains_fractional_ownership_and_reentry_resets_peak (test_p4_execution.P4ExecutionTests.test_floored_exit_retains_fractional_ownership_and_reentry_resets_peak) ... /home/runner/work/spotquant/spotquant/spotquant/model.py:350: ResourceWarning: unclosed database in <sqlite3.Connection object at 0x7f2e6323d8a0>
check	Compile and run offline checks	2026-10-03T04:54:36.2594543Z   model.closes = deque((D(item) for item in body['closes']), maxlen=limit)
check	Compile and run offline checks	2026-10-03T04:54:36.2595165Z ResourceWarning: Enable tracemalloc to get the object allocation traceback
check	Compile and run offline checks	2026-10-03T04:54:36.2596129Z /home/runner/work/spotquant/spotquant/spotquant/model.py:350: ResourceWarning: unclosed database in <sqlite3.Connection object at 0x7f2e6323e980>
check	Compile and run offline checks	2026-10-03T04:54:36.2597278Z   model.closes = deque((D(item) for item in body['closes']), maxlen=limit)
check	Compile and run offline checks	2026-10-03T04:54:36.2597882Z ResourceWarning: Enable tracemalloc to get the object allocation traceback
check	Compile and run offline checks	2026-10-03T04:54:36.4666918Z ok
check	Compile and run offline checks	2026-10-03T04:54:36.5362909Z test_prepared_sale_recovers_after_a_new_daily_bar (test_p4_execution.P4ExecutionTests.test_prepared_sale_recovers_after_a_new_daily_bar) ... /home/runner/work/spotquant/spotquant/spotquant/model.py:233: ResourceWarning: unclosed database in <sqlite3.Connection object at 0x7f2e632ec5e0>
check	Compile and run offline checks	2026-10-03T04:54:36.5365594Z   self.true_ranges.append((open_time, max(high - low, abs(high - self.close), abs(low - self.close))))
check	Compile and run offline checks	2026-10-03T04:54:36.5366897Z ResourceWarning: Enable tracemalloc to get the object allocation traceback
check	Compile and run offline checks	2026-10-03T04:54:36.5368323Z /home/runner/work/spotquant/spotquant/spotquant/model.py:233: ResourceWarning: unclosed database in <sqlite3.Connection object at 0x7f2e6323f5b0>
check	Compile and run offline checks	2026-10-03T04:54:36.5370177Z   self.true_ranges.append((open_time, max(high - low, abs(high - self.close), abs(low - self.close))))
check	Compile and run offline checks	2026-10-03T04:54:36.5371237Z ResourceWarning: Enable tracemalloc to get the object allocation traceback
check	Compile and run offline checks	2026-10-03T04:54:36.6349253Z ok
check	Compile and run offline checks	2026-10-03T04:54:36.7594690Z test_prepared_stop_replacement_recovers_after_a_new_daily_bar (test_p4_execution.P4ExecutionTests.test_prepared_stop_replacement_recovers_after_a_new_daily_bar) ... /home/runner/work/spotquant/spotquant/spotquant/model.py:350: ResourceWarning: unclosed database in <sqlite3.Connection object at 0x7f2e632ec5e0>
check	Compile and run offline checks	2026-10-03T04:54:36.7596880Z   model.closes = deque((D(item) for item in body['closes']), maxlen=limit)
check	Compile and run offline checks	2026-10-03T04:54:36.7597576Z ResourceWarning: Enable tracemalloc to get the object allocation traceback
check	Compile and run offline checks	2026-10-03T04:54:36.8058351Z ok
check	Compile and run offline checks	2026-10-03T04:54:36.9258166Z test_query_outage_after_send_recovers_with_original_identity (test_p4_execution.P4ExecutionTests.test_query_outage_after_send_recovers_with_original_identity) ... ok
check	Compile and run offline checks	2026-10-03T04:54:37.1147883Z test_real_session_partial_entry_restart_stop_amend_and_offline_trigger (test_p4_execution.P4ExecutionTests.test_real_session_partial_entry_restart_stop_amend_and_offline_trigger) ... ok
check	Compile and run offline checks	2026-10-03T04:54:37.2580166Z test_stop_fill_between_decision_and_write_requires_reconciliation (test_p4_execution.P4ExecutionTests.test_stop_fill_between_decision_and_write_requires_reconciliation) ... ok
check	Compile and run offline checks	2026-10-03T04:54:37.3687991Z test_unconfirmed_protection_stays_unknown_on_subsequent_sessions (test_p4_execution.P4ExecutionTests.test_unconfirmed_protection_stays_unknown_on_subsequent_sessions) ... ok
check	Compile and run offline checks	2026-10-03T04:54:37.3690169Z test_a_balance_the_sleeves_do_not_own_is_unknown (test_preview.PreviewTests.test_a_balance_the_sleeves_do_not_own_is_unknown) ... ok
check	Compile and run offline checks	2026-10-03T04:54:37.3692683Z test_a_single_bullish_entry_does_not_invent_consensus (test_preview.PreviewTests.test_a_single_bullish_entry_does_not_invent_consensus) ... ok
check	Compile and run offline checks	2026-10-03T04:54:37.3694798Z test_a_stop_wider_than_the_sell_band_is_not_placeable (test_preview.PreviewTests.test_a_stop_wider_than_the_sell_band_is_not_placeable) ... ok
check	Compile and run offline checks	2026-10-03T04:54:37.3696273Z test_cold_start_does_not_buy_an_already_bullish_regime (test_preview.PreviewTests.test_cold_start_does_not_buy_an_already_bullish_regime) ... ok
check	Compile and run offline checks	2026-10-03T04:54:37.3698480Z test_consensus_advisory_shares_sum_to_the_actual_pooled_buy (test_preview.PreviewTests.test_consensus_advisory_shares_sum_to_the_actual_pooled_buy) ... ok
check	Compile and run offline checks	2026-10-03T04:54:37.3703124Z test_consensus_default_increases_a_real_entry_with_a_bullish_holder (test_preview.PreviewTests.test_consensus_default_increases_a_real_entry_with_a_bullish_holder) ... ok
check	Compile and run offline checks	2026-10-03T04:54:37.3705111Z test_crash_reversal_wins_when_the_ordinary_entry_is_also_armed (test_preview.PreviewTests.test_crash_reversal_wins_when_the_ordinary_entry_is_also_armed) ... ok
check	Compile and run offline checks	2026-10-03T04:54:37.3707061Z test_dust_on_three_sleeves_exits_together_and_does_not_buy_again (test_preview.PreviewTests.test_dust_on_three_sleeves_exits_together_and_does_not_buy_again) ... ok
check	Compile and run offline checks	2026-10-03T04:54:37.3708929Z test_entry_stop_uses_the_completed_close_when_the_streak_high_is_through_it (test_preview.PreviewTests.test_entry_stop_uses_the_completed_close_when_the_streak_high_is_through_it) ... ok
check	Compile and run offline checks	2026-10-03T04:54:37.3710440Z test_external_btc_is_unknown (test_preview.PreviewTests.test_external_btc_is_unknown) ... ok
check	Compile and run offline checks	2026-10-03T04:54:37.3711902Z test_fresh_bull_close_previews_a_market_buy_and_a_stop_price (test_preview.PreviewTests.test_fresh_bull_close_previews_a_market_buy_and_a_stop_price) ... ok
check	Compile and run offline checks	2026-10-03T04:54:37.3713703Z test_owned_coins_exit_a_blowoff_while_still_above_the_average (test_preview.PreviewTests.test_owned_coins_exit_a_blowoff_while_still_above_the_average) ... ok
check	Compile and run offline checks	2026-10-03T04:54:37.3715439Z test_owned_coins_exit_when_the_close_is_four_percent_under_the_fill (test_preview.PreviewTests.test_owned_coins_exit_when_the_close_is_four_percent_under_the_fill) ... ok
check	Compile and run offline checks	2026-10-03T04:54:37.3717107Z test_owned_coins_exit_when_the_close_is_not_bullish (test_preview.PreviewTests.test_owned_coins_exit_when_the_close_is_not_bullish) ... ok
check	Compile and run offline checks	2026-10-03T04:54:37.3718497Z test_owned_hold_uses_the_close_until_the_fill_and_then_the_fill_peak (test_preview.PreviewTests.test_owned_hold_uses_the_close_until_the_fill_and_then_the_fill_peak) ... ok
check	Compile and run offline checks	2026-10-03T04:54:37.3720010Z test_sleeves_share_the_pool_and_an_exit_frees_cash_for_an_entry_at_the_same_open (test_preview.PreviewTests.test_sleeves_share_the_pool_and_an_exit_frees_cash_for_an_entry_at_the_same_open) ... ok
check	Compile and run offline checks	2026-10-03T04:54:37.3721228Z test_the_capital_limit_caps_the_whole_pool (test_preview.PreviewTests.test_the_capital_limit_caps_the_whole_pool) ... ok
check	Compile and run offline checks	2026-10-03T04:54:37.3722592Z test_the_forward_rules_hash_is_the_one_in_the_spec (test_research.ResearchTests.test_the_forward_rules_hash_is_the_one_in_the_spec) ... ok
check	Compile and run offline checks	2026-10-03T04:54:37.3788667Z test_the_loader_reads_the_named_symbol_and_extra_roots (test_research.ResearchTests.test_the_loader_reads_the_named_symbol_and_extra_roots) ... ok
check	Compile and run offline checks	2026-10-03T04:54:37.3795534Z test_corrupt_existing_input_is_refused_and_preserved (test_restore_btc.RestoreTests.test_corrupt_existing_input_is_refused_and_preserved) ... ok
check	Compile and run offline checks	2026-10-03T04:54:37.4139850Z test_a_failed_preview_still_keeps_the_positions_in_step_with_the_model (test_session.SessionTests.test_a_failed_preview_still_keeps_the_positions_in_step_with_the_model) ... /home/runner/work/spotquant/spotquant/spotquant/model.py:350: ResourceWarning: unclosed database in <sqlite3.Connection object at 0x7f2e632ee200>
check	Compile and run offline checks	2026-10-03T04:54:37.4141841Z   model.closes = deque((D(item) for item in body['closes']), maxlen=limit)
check	Compile and run offline checks	2026-10-03T04:54:37.4142541Z ResourceWarning: Enable tracemalloc to get the object allocation traceback
check	Compile and run offline checks	2026-10-03T04:54:37.4631451Z /home/runner/work/spotquant/spotquant/spotquant/model.py:350: ResourceWarning: unclosed database in <sqlite3.Connection object at 0x7f2e632ee4d0>
check	Compile and run offline checks	2026-10-03T04:54:37.4632461Z   model.closes = deque((D(item) for item in body['closes']), maxlen=limit)
check	Compile and run offline checks	2026-10-03T04:54:37.4633065Z ResourceWarning: Enable tracemalloc to get the object allocation traceback
check	Compile and run offline checks	2026-10-03T04:54:37.5295234Z ok
check	Compile and run offline checks	2026-10-03T04:54:37.6189043Z test_a_flat_account_reads_later_trades_from_the_cursor (test_session.SessionTests.test_a_flat_account_reads_later_trades_from_the_cursor) ... /home/runner/work/spotquant/spotquant/spotquant/preview.py:413: ResourceWarning: unclosed database in <sqlite3.Connection object at 0x7f2e632ee200>
check	Compile and run offline checks	2026-10-03T04:54:37.6190509Z   views = {w: decision_view(v, positions.get(w), owners) for w, v in views.items()}
check	Compile and run offline checks	2026-10-03T04:54:37.6191352Z ResourceWarning: Enable tracemalloc to get the object allocation traceback
check	Compile and run offline checks	2026-10-03T04:54:37.6727524Z ok
check	Compile and run offline checks	2026-10-03T04:54:37.6873154Z test_a_followed_buy_previews_the_fill_stop_and_a_failed_cycle_drops_the_old_view (test_session.SessionTests.test_a_followed_buy_previews_the_fill_stop_and_a_failed_cycle_drops_the_old_view) ... /home/runner/work/spotquant/spotquant/spotquant/types.py:37: ResourceWarning: unclosed database in <sqlite3.Connection object at 0x7f2e632ee4d0>
check	Compile and run offline checks	2026-10-03T04:54:37.6876030Z   return (value / step).to_integral_value(rounding=ROUND_DOWN) * step
check	Compile and run offline checks	2026-10-03T04:54:37.6876951Z ResourceWarning: Enable tracemalloc to get the object allocation traceback
check	Compile and run offline checks	2026-10-03T04:54:37.6878038Z /home/runner/work/spotquant/spotquant/spotquant/types.py:37: ResourceWarning: unclosed database in <sqlite3.Connection object at 0x7f2e633a6980>
check	Compile and run offline checks	2026-10-03T04:54:37.6878946Z   return (value / step).to_integral_value(rounding=ROUND_DOWN) * step
check	Compile and run offline checks	2026-10-03T04:54:37.6879534Z ResourceWarning: Enable tracemalloc to get the object allocation traceback
check	Compile and run offline checks	2026-10-03T04:54:37.6880470Z /home/runner/work/spotquant/spotquant/spotquant/types.py:37: ResourceWarning: unclosed database in <sqlite3.Connection object at 0x7f2e633a7e20>
check	Compile and run offline checks	2026-10-03T04:54:37.6881363Z   return (value / step).to_integral_value(rounding=ROUND_DOWN) * step
check	Compile and run offline checks	2026-10-03T04:54:37.6882171Z ResourceWarning: Enable tracemalloc to get the object allocation traceback
check	Compile and run offline checks	2026-10-03T04:54:37.7911377Z ok
check	Compile and run offline checks	2026-10-03T04:54:37.8420860Z test_a_full_transfer_out_without_a_sell_is_unknown_and_drops_the_followed_flag (test_session.SessionTests.test_a_full_transfer_out_without_a_sell_is_unknown_and_drops_the_followed_flag) ... /home/runner/work/spotquant/spotquant/spotquant/state.py:90: ResourceWarning: unclosed database in <sqlite3.Connection object at 0x7f2e632ec5e0>
check	Compile and run offline checks	2026-10-03T04:54:37.8422889Z   row = self.db.execute('SELECT value FROM meta WHERE key=?', (key,)).fetchone()
check	Compile and run offline checks	2026-10-03T04:54:37.8423672Z ResourceWarning: Enable tracemalloc to get the object allocation traceback
check	Compile and run offline checks	2026-10-03T04:54:37.8424631Z /home/runner/work/spotquant/spotquant/spotquant/state.py:90: ResourceWarning: unclosed database in <sqlite3.Connection object at 0x7f2e632ee4d0>
check	Compile and run offline checks	2026-10-03T04:54:37.8425551Z   row = self.db.execute('SELECT value FROM meta WHERE key=?', (key,)).fetchone()
check	Compile and run offline checks	2026-10-03T04:54:37.8426175Z ResourceWarning: Enable tracemalloc to get the object allocation traceback
check	Compile and run offline checks	2026-10-03T04:54:37.8427300Z /home/runner/work/spotquant/spotquant/spotquant/state.py:90: ResourceWarning: unclosed database in <sqlite3.Connection object at 0x7f2e633a6980>
check	Compile and run offline checks	2026-10-03T04:54:37.8428218Z   row = self.db.execute('SELECT value FROM meta WHERE key=?', (key,)).fetchone()
check	Compile and run offline checks	2026-10-03T04:54:37.8428826Z ResourceWarning: Enable tracemalloc to get the object allocation traceback
check	Compile and run offline checks	2026-10-03T04:54:37.8429746Z /home/runner/work/spotquant/spotquant/spotquant/state.py:90: ResourceWarning: unclosed database in <sqlite3.Connection object at 0x7f2e6323e980>
check	Compile and run offline checks	2026-10-03T04:54:37.8430654Z   row = self.db.execute('SELECT value FROM meta WHERE key=?', (key,)).fetchone()
check	Compile and run offline checks	2026-10-03T04:54:37.8431260Z ResourceWarning: Enable tracemalloc to get the object allocation traceback
check	Compile and run offline checks	2026-10-03T04:54:37.8841103Z /home/runner/work/spotquant/spotquant/spotquant/preview.py:413: ResourceWarning: unclosed database in <sqlite3.Connection object at 0x7f2e632ec5e0>
check	Compile and run offline checks	2026-10-03T04:54:37.8842180Z   views = {w: decision_view(v, positions.get(w), owners) for w, v in views.items()}
check	Compile and run offline checks	2026-10-03T04:54:37.8842825Z ResourceWarning: Enable tracemalloc to get the object allocation traceback
check	Compile and run offline checks	2026-10-03T04:54:37.9125117Z ok
check	Compile and run offline checks	2026-10-03T04:54:37.9454589Z test_a_sell_on_the_account_closes_the_followed_sleeves (test_session.SessionTests.test_a_sell_on_the_account_closes_the_followed_sleeves) ... /home/runner/work/spotquant/spotquant/spotquant/model.py:350: ResourceWarning: unclosed database in <sqlite3.Connection object at 0x7f2e6323f010>
check	Compile and run offline checks	2026-10-03T04:54:37.9456246Z   model.closes = deque((D(item) for item in body['closes']), maxlen=limit)
check	Compile and run offline checks	2026-10-03T04:54:37.9457464Z ResourceWarning: Enable tracemalloc to get the object allocation traceback
check	Compile and run offline checks	2026-10-03T04:54:38.0386789Z ok
check	Compile and run offline checks	2026-10-03T04:54:38.1250968Z test_an_old_checkpoint_is_rejected_even_when_flat (test_session.SessionTests.test_an_old_checkpoint_is_rejected_even_when_flat) ... ok
check	Compile and run offline checks	2026-10-03T04:54:38.1632097Z test_cold_start_then_two_bullish_closes_preview_entry (test_session.SessionTests.test_cold_start_then_two_bullish_closes_preview_entry) ... /home/runner/work/spotquant/spotquant/spotquant/preview.py:343: ResourceWarning: unclosed database in <sqlite3.Connection object at 0x7f2e632ec5e0>
check	Compile and run offline checks	2026-10-03T04:54:38.1634608Z   voters = sum(bool(views[w].bull) and decision['sleeves'][str(w)]['action'] in ('enter', 'hold')
check	Compile and run offline checks	2026-10-03T04:54:38.1635497Z ResourceWarning: Enable tracemalloc to get the object allocation traceback
check	Compile and run offline checks	2026-10-03T04:54:38.1637082Z /home/runner/work/spotquant/spotquant/spotquant/preview.py:343: ResourceWarning: unclosed database in <sqlite3.Connection object at 0x7f2e6323f010>
check	Compile and run offline checks	2026-10-03T04:54:38.1638226Z   voters = sum(bool(views[w].bull) and decision['sleeves'][str(w)]['action'] in ('enter', 'hold')
check	Compile and run offline checks	2026-10-03T04:54:38.1638964Z ResourceWarning: Enable tracemalloc to get the object allocation traceback
check	Compile and run offline checks	2026-10-03T04:54:38.1639981Z /home/runner/work/spotquant/spotquant/spotquant/preview.py:343: ResourceWarning: unclosed database in <sqlite3.Connection object at 0x7f2e6323cb80>
check	Compile and run offline checks	2026-10-03T04:54:38.1641323Z   voters = sum(bool(views[w].bull) and decision['sleeves'][str(w)]['action'] in ('enter', 'hold')
check	Compile and run offline checks	2026-10-03T04:54:38.1642043Z ResourceWarning: Enable tracemalloc to get the object allocation traceback
check	Compile and run offline checks	2026-10-03T04:54:38.1643054Z /home/runner/work/spotquant/spotquant/spotquant/preview.py:343: ResourceWarning: unclosed database in <sqlite3.Connection object at 0x7f2e6323e980>
check	Compile and run offline checks	2026-10-03T04:54:38.1643876Z   voters = sum(bool(views[w].bull) and decision['sleeves'][str(w)]['action'] in ('enter', 'hold')
check	Compile and run offline checks	2026-10-03T04:54:38.1644423Z ResourceWarning: Enable tracemalloc to get the object allocation traceback
check	Compile and run offline checks	2026-10-03T04:54:38.1955701Z ok
check	Compile and run offline checks	2026-10-03T04:54:38.2281608Z test_external_btc_stops_the_observation (test_session.SessionTests.test_external_btc_stops_the_observation) ... ok
check	Compile and run offline checks	2026-10-03T04:54:38.2344661Z test_open_order_details_stay_on_the_report (test_session.SessionTests.test_open_order_details_stay_on_the_report) ... /home/runner/work/spotquant/spotquant/spotquant/state.py:90: ResourceWarning: unclosed database in <sqlite3.Connection object at 0x7f2e633a7e20>
check	Compile and run offline checks	2026-10-03T04:54:38.2346962Z   row = self.db.execute('SELECT value FROM meta WHERE key=?', (key,)).fetchone()
check	Compile and run offline checks	2026-10-03T04:54:38.2347879Z ResourceWarning: Enable tracemalloc to get the object allocation traceback
check	Compile and run offline checks	2026-10-03T04:54:38.2349246Z /home/runner/work/spotquant/spotquant/spotquant/state.py:90: ResourceWarning: unclosed database in <sqlite3.Connection object at 0x7f2e6323df30>
check	Compile and run offline checks	2026-10-03T04:54:38.2350677Z   row = self.db.execute('SELECT value FROM meta WHERE key=?', (key,)).fetchone()
check	Compile and run offline checks	2026-10-03T04:54:38.2351616Z ResourceWarning: Enable tracemalloc to get the object allocation traceback
check	Compile and run offline checks	2026-10-03T04:54:38.3121752Z /home/runner/work/spotquant/spotquant/spotquant/model.py:350: ResourceWarning: unclosed database in <sqlite3.Connection object at 0x7f2e6323f5b0>
check	Compile and run offline checks	2026-10-03T04:54:38.3123118Z   model.closes = deque((D(item) for item in body['closes']), maxlen=limit)
check	Compile and run offline checks	2026-10-03T04:54:38.3124007Z ResourceWarning: Enable tracemalloc to get the object allocation traceback
check	Compile and run offline checks	2026-10-03T04:54:38.3557771Z ok
check	Compile and run offline checks	2026-10-03T04:54:38.4864236Z test_actual_bounded_sessions_enter_protect_and_independently_audit (test_session_account.SessionAccountTests.test_actual_bounded_sessions_enter_protect_and_independently_audit) ... ok
check	Compile and run offline checks	2026-10-03T04:54:38.4869274Z test_basis_waits_for_current_date_publication (test_session_account.SessionAccountTests.test_basis_waits_for_current_date_publication) ... ok
check	Compile and run offline checks	2026-10-03T04:54:38.4874757Z test_candles_are_completed_and_quotes_interpolate_without_future_candles (test_session_account.SessionAccountTests.test_candles_are_completed_and_quotes_interpolate_without_future_candles) ... ok
check	Compile and run offline checks	2026-10-03T04:54:38.5623068Z test_deadline_is_installed_and_prevents_late_client_dispatch (test_session_account.SessionAccountTests.test_deadline_is_installed_and_prevents_late_client_dispatch) ... ok
check	Compile and run offline checks	2026-10-03T04:54:38.5629389Z test_dispatched_cancel_finishes_at_venue_even_after_client_deadline (test_session_account.SessionAccountTests.test_dispatched_cancel_finishes_at_venue_even_after_client_deadline) ... ok
check	Compile and run offline checks	2026-10-03T04:54:38.5635115Z test_stop_acts_between_sessions_and_cash_fill_identity_holds (test_session_account.SessionAccountTests.test_stop_acts_between_sessions_and_cash_fill_identity_holds) ... /home/runner/work/spotquant/spotquant/research/session_account.py:13: ResourceWarning: unclosed database in <sqlite3.Connection object at 0x7f2e632ec5e0>
check	Compile and run offline checks	2026-10-03T04:54:38.5637644Z   completed = [(t, h, l, c) for t, o, h, l, c, q in bars if t + DAY <= start]
check	Compile and run offline checks	2026-10-03T04:54:38.5638352Z ResourceWarning: Enable tracemalloc to get the object allocation traceback
check	Compile and run offline checks	2026-10-03T04:54:38.5639737Z /home/runner/work/spotquant/spotquant/research/session_account.py:13: ResourceWarning: unclosed database in <sqlite3.Connection object at 0x7f2e6323ee30>
check	Compile and run offline checks	2026-10-03T04:54:38.5641065Z   completed = [(t, h, l, c) for t, o, h, l, c, q in bars if t + DAY <= start]
check	Compile and run offline checks	2026-10-03T04:54:38.5641884Z ResourceWarning: Enable tracemalloc to get the object allocation traceback
check	Compile and run offline checks	2026-10-03T04:54:38.5643635Z /home/runner/work/spotquant/spotquant/research/session_account.py:13: ResourceWarning: unclosed database in <sqlite3.Connection object at 0x7f2e6323f010>
check	Compile and run offline checks	2026-10-03T04:54:38.5645280Z   completed = [(t, h, l, c) for t, o, h, l, c, q in bars if t + DAY <= start]
check	Compile and run offline checks	2026-10-03T04:54:38.5646145Z ResourceWarning: Enable tracemalloc to get the object allocation traceback
check	Compile and run offline checks	2026-10-03T04:54:38.5647047Z ok
check	Compile and run offline checks	2026-10-03T04:54:38.5650055Z test_a_base_winner_is_rejected_when_its_skip_drawdown_is_worse (test_simplify.SimplificationTests.test_a_base_winner_is_rejected_when_its_skip_drawdown_is_worse) ... ok
check	Compile and run offline checks	2026-10-03T04:54:38.5652122Z test_delete_all_only_when_every_matched_scenario_passes (test_simplify.SimplificationTests.test_delete_all_only_when_every_matched_scenario_passes) ... ok
check	Compile and run offline checks	2026-10-03T04:54:38.5728655Z test_identity_mismatch_and_client_id_prefix (test_state.StateTests.test_identity_mismatch_and_client_id_prefix) ... ok
check	Compile and run offline checks	2026-10-03T04:54:39.9588942Z test_the_observation_table_keeps_only_the_latest_rows (test_state.StateTests.test_the_observation_table_keeps_only_the_latest_rows) ... ok
check	Compile and run offline checks	2026-10-03T04:54:39.9589965Z 
check	Compile and run offline checks	2026-10-03T04:54:39.9590221Z ----------------------------------------------------------------------
check	Compile and run offline checks	2026-10-03T04:54:39.9590756Z Ran 319 tests in 97.277s
check	Compile and run offline checks	2026-10-03T04:54:39.9590987Z 
check	Compile and run offline checks	2026-10-03T04:54:39.9591121Z OK (skipped=7)
check	Post Run actions/setup-python@ece7cb06caefa5fff74198d8649806c4678c61a1	﻿2026-10-03T04:54:40.0045957Z Post job cleanup.
check	Post Run actions/checkout@fbc6f3992d24b796d5a048ff273f7fcc4a7b6c09	﻿2026-10-03T04:54:40.1557654Z Post job cleanup.
check	Post Run actions/checkout@fbc6f3992d24b796d5a048ff273f7fcc4a7b6c09	2026-10-03T04:54:40.2452111Z [command]/usr/bin/git version
check	Post Run actions/checkout@fbc6f3992d24b796d5a048ff273f7fcc4a7b6c09	2026-10-03T04:54:40.2498442Z git version 2.55.0
check	Post Run actions/checkout@fbc6f3992d24b796d5a048ff273f7fcc4a7b6c09	2026-10-03T04:54:40.2548712Z Temporarily overriding HOME='/home/runner/work/_temp/b0805013-f08a-4d31-8400-fadb97a83236' before making global git config changes
check	Post Run actions/checkout@fbc6f3992d24b796d5a048ff273f7fcc4a7b6c09	2026-10-03T04:54:40.2550380Z Adding repository directory to the temporary git global config as a safe directory
check	Post Run actions/checkout@fbc6f3992d24b796d5a048ff273f7fcc4a7b6c09	2026-10-03T04:54:40.2555015Z [command]/usr/bin/git config --global --add safe.directory /home/runner/work/spotquant/spotquant
check	Post Run actions/checkout@fbc6f3992d24b796d5a048ff273f7fcc4a7b6c09	2026-10-03T04:54:40.2610064Z [command]/usr/bin/git config --local --name-only --get-regexp core\.sshCommand
check	Post Run actions/checkout@fbc6f3992d24b796d5a048ff273f7fcc4a7b6c09	2026-10-03T04:54:40.2649292Z [command]/usr/bin/git submodule foreach --recursive sh -c "git config --local --name-only --get-regexp 'core\.sshCommand' && git config --local --unset-all 'core.sshCommand' || :"
check	Post Run actions/checkout@fbc6f3992d24b796d5a048ff273f7fcc4a7b6c09	2026-10-03T04:54:40.2922769Z [command]/usr/bin/git config --local --name-only --get-regexp http\.https\:\/\/github\.com\/\.extraheader
check	Post Run actions/checkout@fbc6f3992d24b796d5a048ff273f7fcc4a7b6c09	2026-10-03T04:54:40.2969623Z [command]/usr/bin/git submodule foreach --recursive sh -c "git config --local --name-only --get-regexp 'http\.https\:\/\/github\.com\/\.extraheader' && git config --local --unset-all 'http.https://github.com/.extraheader' || :"
check	Post Run actions/checkout@fbc6f3992d24b796d5a048ff273f7fcc4a7b6c09	2026-10-03T04:54:40.3237886Z [command]/usr/bin/git config --local --name-only --get-regexp ^includeIf\.gitdir:
check	Post Run actions/checkout@fbc6f3992d24b796d5a048ff273f7fcc4a7b6c09	2026-10-03T04:54:40.3278765Z [command]/usr/bin/git submodule foreach --recursive git config --local --show-origin --name-only --get-regexp remote.origin.url
check	Complete job	﻿2026-10-03T04:54:40.3691956Z Cleaning up orphan processes
