check	Set up job	﻿2026-10-03T03:23:35.4424825Z Current runner version: '2.337.0'
check	Set up job	2026-10-03T03:23:35.4443259Z ##[group]Runner Image Provisioner
check	Set up job	2026-10-03T03:23:35.4443849Z Hosted Compute Agent
check	Set up job	2026-10-03T03:23:35.4444253Z Version: 20260901.588
check	Set up job	2026-10-03T03:23:35.4444618Z Commit: f88ec8081b781fac6c440065ac7ff9e710ce3d0b
check	Set up job	2026-10-03T03:23:35.4445030Z Build Date: 2026-09-01T19:56:44Z
check	Set up job	2026-10-03T03:23:35.4445480Z Worker ID: {f71c9528-a6a5-4081-bb41-7294e5b932b4}
check	Set up job	2026-10-03T03:23:35.4445941Z Azure Region: centralus
check	Set up job	2026-10-03T03:23:35.4446310Z ##[endgroup]
check	Set up job	2026-10-03T03:23:35.4447056Z ##[group]Operating System
check	Set up job	2026-10-03T03:23:35.4447638Z Ubuntu
check	Set up job	2026-10-03T03:23:35.4448004Z 24.04.5
check	Set up job	2026-10-03T03:23:35.4448330Z LTS
check	Set up job	2026-10-03T03:23:35.4448648Z ##[endgroup]
check	Set up job	2026-10-03T03:23:35.4448980Z ##[group]Runner Image
check	Set up job	2026-10-03T03:23:35.4449320Z Image: ubuntu-24.04
check	Set up job	2026-10-03T03:23:35.4449678Z Version: 20260927.320.1
check	Set up job	2026-10-03T03:23:35.4450322Z Included Software: https://github.com/actions/runner-images/blob/ubuntu24/20260927.320/images/ubuntu/Ubuntu2404-Readme.md
check	Set up job	2026-10-03T03:23:35.4451341Z Image Release: https://github.com/actions/runner-images/releases/tag/ubuntu24%2F20260927.320
check	Set up job	2026-10-03T03:23:35.4451895Z ##[endgroup]
check	Set up job	2026-10-03T03:23:35.4452593Z ##[group]GITHUB_TOKEN Permissions
check	Set up job	2026-10-03T03:23:35.4453794Z Contents: read
check	Set up job	2026-10-03T03:23:35.4454188Z Metadata: read
check	Set up job	2026-10-03T03:23:35.4454513Z ##[endgroup]
check	Set up job	2026-10-03T03:23:35.4455854Z Secret source: Actions
check	Set up job	2026-10-03T03:23:35.4456414Z Cache mode: write
check	Set up job	2026-10-03T03:23:35.4456870Z Prepare workflow directory
check	Set up job	2026-10-03T03:23:35.5320841Z Prepare all required actions
check	Set up job	2026-10-03T03:23:35.5364430Z Getting action download info
check	Set up job	2026-10-03T03:23:35.7456196Z Download action repository 'actions/checkout@fbc6f3992d24b796d5a048ff273f7fcc4a7b6c09' (SHA:fbc6f3992d24b796d5a048ff273f7fcc4a7b6c09)
check	Set up job	2026-10-03T03:23:36.1065207Z Download action repository 'actions/setup-python@ece7cb06caefa5fff74198d8649806c4678c61a1' (SHA:ece7cb06caefa5fff74198d8649806c4678c61a1)
check	Set up job	2026-10-03T03:23:36.4957036Z Complete job name: check
check	Run actions/checkout@fbc6f3992d24b796d5a048ff273f7fcc4a7b6c09	﻿2026-10-03T03:23:36.5454446Z ##[group]Run actions/checkout@fbc6f3992d24b796d5a048ff273f7fcc4a7b6c09
check	Run actions/checkout@fbc6f3992d24b796d5a048ff273f7fcc4a7b6c09	2026-10-03T03:23:36.5455055Z with:
check	Run actions/checkout@fbc6f3992d24b796d5a048ff273f7fcc4a7b6c09	2026-10-03T03:23:36.5455349Z   ref: 4f81568eaeef9e49f00b03f6fd02e75c1fa0863f
check	Run actions/checkout@fbc6f3992d24b796d5a048ff273f7fcc4a7b6c09	2026-10-03T03:23:36.5455720Z   persist-credentials: false
check	Run actions/checkout@fbc6f3992d24b796d5a048ff273f7fcc4a7b6c09	2026-10-03T03:23:36.5456043Z   repository: geniusgrok/spotquant
check	Run actions/checkout@fbc6f3992d24b796d5a048ff273f7fcc4a7b6c09	2026-10-03T03:23:36.5458385Z   token: ***
check	Run actions/checkout@fbc6f3992d24b796d5a048ff273f7fcc4a7b6c09	2026-10-03T03:23:36.5458646Z   ssh-strict: true
check	Run actions/checkout@fbc6f3992d24b796d5a048ff273f7fcc4a7b6c09	2026-10-03T03:23:36.5458918Z   ssh-user: git
check	Run actions/checkout@fbc6f3992d24b796d5a048ff273f7fcc4a7b6c09	2026-10-03T03:23:36.5459178Z   clean: true
check	Run actions/checkout@fbc6f3992d24b796d5a048ff273f7fcc4a7b6c09	2026-10-03T03:23:36.5459454Z   sparse-checkout-cone-mode: true
check	Run actions/checkout@fbc6f3992d24b796d5a048ff273f7fcc4a7b6c09	2026-10-03T03:23:36.5459774Z   fetch-depth: 1
check	Run actions/checkout@fbc6f3992d24b796d5a048ff273f7fcc4a7b6c09	2026-10-03T03:23:36.5460047Z   fetch-tags: false
check	Run actions/checkout@fbc6f3992d24b796d5a048ff273f7fcc4a7b6c09	2026-10-03T03:23:36.5460326Z   show-progress: true
check	Run actions/checkout@fbc6f3992d24b796d5a048ff273f7fcc4a7b6c09	2026-10-03T03:23:36.5460606Z   lfs: false
check	Run actions/checkout@fbc6f3992d24b796d5a048ff273f7fcc4a7b6c09	2026-10-03T03:23:36.5460878Z   submodules: false
check	Run actions/checkout@fbc6f3992d24b796d5a048ff273f7fcc4a7b6c09	2026-10-03T03:23:36.5461158Z   set-safe-directory: true
check	Run actions/checkout@fbc6f3992d24b796d5a048ff273f7fcc4a7b6c09	2026-10-03T03:23:36.5461473Z   allow-unsafe-pr-checkout: false
check	Run actions/checkout@fbc6f3992d24b796d5a048ff273f7fcc4a7b6c09	2026-10-03T03:23:36.5461877Z ##[endgroup]
check	Run actions/checkout@fbc6f3992d24b796d5a048ff273f7fcc4a7b6c09	2026-10-03T03:23:36.6139806Z Syncing repository: geniusgrok/spotquant
check	Run actions/checkout@fbc6f3992d24b796d5a048ff273f7fcc4a7b6c09	2026-10-03T03:23:36.6141574Z ##[group]Getting Git version info
check	Run actions/checkout@fbc6f3992d24b796d5a048ff273f7fcc4a7b6c09	2026-10-03T03:23:36.6142260Z Working directory is '/home/runner/work/spotquant/spotquant'
check	Run actions/checkout@fbc6f3992d24b796d5a048ff273f7fcc4a7b6c09	2026-10-03T03:23:36.6143266Z [command]/usr/bin/git version
check	Run actions/checkout@fbc6f3992d24b796d5a048ff273f7fcc4a7b6c09	2026-10-03T03:23:36.6186973Z git version 2.55.0
check	Run actions/checkout@fbc6f3992d24b796d5a048ff273f7fcc4a7b6c09	2026-10-03T03:23:36.6209345Z ##[endgroup]
check	Run actions/checkout@fbc6f3992d24b796d5a048ff273f7fcc4a7b6c09	2026-10-03T03:23:36.6214883Z Temporarily overriding HOME='/home/runner/work/_temp/cb699449-bb28-47cb-87de-270bc9f61770' before making global git config changes
check	Run actions/checkout@fbc6f3992d24b796d5a048ff273f7fcc4a7b6c09	2026-10-03T03:23:36.6216330Z Adding repository directory to the temporary git global config as a safe directory
check	Run actions/checkout@fbc6f3992d24b796d5a048ff273f7fcc4a7b6c09	2026-10-03T03:23:36.6217650Z [command]/usr/bin/git config --global --add safe.directory /home/runner/work/spotquant/spotquant
check	Run actions/checkout@fbc6f3992d24b796d5a048ff273f7fcc4a7b6c09	2026-10-03T03:23:36.6806604Z Deleting the contents of '/home/runner/work/spotquant/spotquant'
check	Run actions/checkout@fbc6f3992d24b796d5a048ff273f7fcc4a7b6c09	2026-10-03T03:23:36.6811211Z ##[group]Initializing the repository
check	Run actions/checkout@fbc6f3992d24b796d5a048ff273f7fcc4a7b6c09	2026-10-03T03:23:36.6814091Z [command]/usr/bin/git init /home/runner/work/spotquant/spotquant
check	Run actions/checkout@fbc6f3992d24b796d5a048ff273f7fcc4a7b6c09	2026-10-03T03:23:36.7826834Z hint: Using 'master' as the name for the initial branch. This default branch name
check	Run actions/checkout@fbc6f3992d24b796d5a048ff273f7fcc4a7b6c09	2026-10-03T03:23:36.7828498Z hint: will change to "main" in Git 3.0. To configure the initial branch name
check	Run actions/checkout@fbc6f3992d24b796d5a048ff273f7fcc4a7b6c09	2026-10-03T03:23:36.7829192Z hint: to use in all of your new repositories, which will suppress this warning,
check	Run actions/checkout@fbc6f3992d24b796d5a048ff273f7fcc4a7b6c09	2026-10-03T03:23:36.7829621Z hint: call:
check	Run actions/checkout@fbc6f3992d24b796d5a048ff273f7fcc4a7b6c09	2026-10-03T03:23:36.7829859Z hint:
check	Run actions/checkout@fbc6f3992d24b796d5a048ff273f7fcc4a7b6c09	2026-10-03T03:23:36.7830196Z hint: 	git config --global init.defaultBranch <name>
check	Run actions/checkout@fbc6f3992d24b796d5a048ff273f7fcc4a7b6c09	2026-10-03T03:23:36.7830575Z hint:
check	Run actions/checkout@fbc6f3992d24b796d5a048ff273f7fcc4a7b6c09	2026-10-03T03:23:36.7830903Z hint: Names commonly chosen instead of 'master' are 'main', 'trunk' and
check	Run actions/checkout@fbc6f3992d24b796d5a048ff273f7fcc4a7b6c09	2026-10-03T03:23:36.7831441Z hint: 'development'. The just-created branch can be renamed via this command:
check	Run actions/checkout@fbc6f3992d24b796d5a048ff273f7fcc4a7b6c09	2026-10-03T03:23:36.7831899Z hint:
check	Run actions/checkout@fbc6f3992d24b796d5a048ff273f7fcc4a7b6c09	2026-10-03T03:23:36.7832190Z hint: 	git branch -m <name>
check	Run actions/checkout@fbc6f3992d24b796d5a048ff273f7fcc4a7b6c09	2026-10-03T03:23:36.7832530Z hint:
check	Run actions/checkout@fbc6f3992d24b796d5a048ff273f7fcc4a7b6c09	2026-10-03T03:23:36.7832897Z hint: Disable this message with "git config set advice.defaultBranchName false"
check	Run actions/checkout@fbc6f3992d24b796d5a048ff273f7fcc4a7b6c09	2026-10-03T03:23:36.7833505Z Initialized empty Git repository in /home/runner/work/spotquant/spotquant/.git/
check	Run actions/checkout@fbc6f3992d24b796d5a048ff273f7fcc4a7b6c09	2026-10-03T03:23:36.7837054Z [command]/usr/bin/git remote add origin https://github.com/geniusgrok/spotquant
check	Run actions/checkout@fbc6f3992d24b796d5a048ff273f7fcc4a7b6c09	2026-10-03T03:23:36.7918365Z ##[endgroup]
check	Run actions/checkout@fbc6f3992d24b796d5a048ff273f7fcc4a7b6c09	2026-10-03T03:23:36.7918993Z ##[group]Disabling automatic garbage collection
check	Run actions/checkout@fbc6f3992d24b796d5a048ff273f7fcc4a7b6c09	2026-10-03T03:23:36.7919565Z [command]/usr/bin/git config --local gc.auto 0
check	Run actions/checkout@fbc6f3992d24b796d5a048ff273f7fcc4a7b6c09	2026-10-03T03:23:36.8013580Z ##[endgroup]
check	Run actions/checkout@fbc6f3992d24b796d5a048ff273f7fcc4a7b6c09	2026-10-03T03:23:36.8014126Z ##[group]Setting up auth
check	Run actions/checkout@fbc6f3992d24b796d5a048ff273f7fcc4a7b6c09	2026-10-03T03:23:36.8019812Z [command]/usr/bin/git config --local --name-only --get-regexp core\.sshCommand
check	Run actions/checkout@fbc6f3992d24b796d5a048ff273f7fcc4a7b6c09	2026-10-03T03:23:36.8049385Z [command]/usr/bin/git submodule foreach --recursive sh -c "git config --local --name-only --get-regexp 'core\.sshCommand' && git config --local --unset-all 'core.sshCommand' || :"
check	Run actions/checkout@fbc6f3992d24b796d5a048ff273f7fcc4a7b6c09	2026-10-03T03:23:36.8373935Z [command]/usr/bin/git config --local --name-only --get-regexp http\.https\:\/\/github\.com\/\.extraheader
check	Run actions/checkout@fbc6f3992d24b796d5a048ff273f7fcc4a7b6c09	2026-10-03T03:23:36.8402856Z [command]/usr/bin/git submodule foreach --recursive sh -c "git config --local --name-only --get-regexp 'http\.https\:\/\/github\.com\/\.extraheader' && git config --local --unset-all 'http.https://github.com/.extraheader' || :"
check	Run actions/checkout@fbc6f3992d24b796d5a048ff273f7fcc4a7b6c09	2026-10-03T03:23:36.8579111Z [command]/usr/bin/git config --local --name-only --get-regexp ^includeIf\.gitdir:
check	Run actions/checkout@fbc6f3992d24b796d5a048ff273f7fcc4a7b6c09	2026-10-03T03:23:36.8608967Z [command]/usr/bin/git submodule foreach --recursive git config --local --show-origin --name-only --get-regexp remote.origin.url
check	Run actions/checkout@fbc6f3992d24b796d5a048ff273f7fcc4a7b6c09	2026-10-03T03:23:36.8780065Z [command]/usr/bin/git config --local http.https://github.com/.extraheader AUTHORIZATION: basic ***
check	Run actions/checkout@fbc6f3992d24b796d5a048ff273f7fcc4a7b6c09	2026-10-03T03:23:36.9133004Z ##[endgroup]
check	Run actions/checkout@fbc6f3992d24b796d5a048ff273f7fcc4a7b6c09	2026-10-03T03:23:36.9133949Z ##[group]Fetching the repository
check	Run actions/checkout@fbc6f3992d24b796d5a048ff273f7fcc4a7b6c09	2026-10-03T03:23:36.9139791Z [command]/usr/bin/git -c protocol.version=2 fetch --no-tags --prune --no-recurse-submodules --depth=1 origin 4f81568eaeef9e49f00b03f6fd02e75c1fa0863f
check	Run actions/checkout@fbc6f3992d24b796d5a048ff273f7fcc4a7b6c09	2026-10-03T03:23:39.4666446Z From https://github.com/geniusgrok/spotquant
check	Run actions/checkout@fbc6f3992d24b796d5a048ff273f7fcc4a7b6c09	2026-10-03T03:23:39.4667374Z  * branch            4f81568eaeef9e49f00b03f6fd02e75c1fa0863f -> FETCH_HEAD
check	Run actions/checkout@fbc6f3992d24b796d5a048ff273f7fcc4a7b6c09	2026-10-03T03:23:39.4685826Z ##[endgroup]
check	Run actions/checkout@fbc6f3992d24b796d5a048ff273f7fcc4a7b6c09	2026-10-03T03:23:39.4686286Z ##[group]Determining the checkout info
check	Run actions/checkout@fbc6f3992d24b796d5a048ff273f7fcc4a7b6c09	2026-10-03T03:23:39.4686872Z ##[endgroup]
check	Run actions/checkout@fbc6f3992d24b796d5a048ff273f7fcc4a7b6c09	2026-10-03T03:23:39.4687576Z [command]/usr/bin/git sparse-checkout disable
check	Run actions/checkout@fbc6f3992d24b796d5a048ff273f7fcc4a7b6c09	2026-10-03T03:23:39.4721893Z [command]/usr/bin/git config --local --unset-all extensions.worktreeConfig
check	Run actions/checkout@fbc6f3992d24b796d5a048ff273f7fcc4a7b6c09	2026-10-03T03:23:39.5227561Z ##[group]Checking out the ref
check	Run actions/checkout@fbc6f3992d24b796d5a048ff273f7fcc4a7b6c09	2026-10-03T03:23:39.5230036Z [command]/usr/bin/git checkout --progress --force 4f81568eaeef9e49f00b03f6fd02e75c1fa0863f
check	Run actions/checkout@fbc6f3992d24b796d5a048ff273f7fcc4a7b6c09	2026-10-03T03:23:40.1856280Z Note: switching to '4f81568eaeef9e49f00b03f6fd02e75c1fa0863f'.
check	Run actions/checkout@fbc6f3992d24b796d5a048ff273f7fcc4a7b6c09	2026-10-03T03:23:40.1856717Z 
check	Run actions/checkout@fbc6f3992d24b796d5a048ff273f7fcc4a7b6c09	2026-10-03T03:23:40.1856908Z You are in 'detached HEAD' state. You can look around, make experimental
check	Run actions/checkout@fbc6f3992d24b796d5a048ff273f7fcc4a7b6c09	2026-10-03T03:23:40.1857520Z changes and commit them, and you can discard any commits you make in this
check	Run actions/checkout@fbc6f3992d24b796d5a048ff273f7fcc4a7b6c09	2026-10-03T03:23:40.1857930Z state without impacting any branches by switching back to a branch.
check	Run actions/checkout@fbc6f3992d24b796d5a048ff273f7fcc4a7b6c09	2026-10-03T03:23:40.1858176Z 
check	Run actions/checkout@fbc6f3992d24b796d5a048ff273f7fcc4a7b6c09	2026-10-03T03:23:40.1858378Z If you want to create a new branch to retain commits you create, you may
check	Run actions/checkout@fbc6f3992d24b796d5a048ff273f7fcc4a7b6c09	2026-10-03T03:23:40.1858786Z do so (now or later) by using -c with the switch command. Example:
check	Run actions/checkout@fbc6f3992d24b796d5a048ff273f7fcc4a7b6c09	2026-10-03T03:23:40.1859413Z 
check	Run actions/checkout@fbc6f3992d24b796d5a048ff273f7fcc4a7b6c09	2026-10-03T03:23:40.1859510Z   git switch -c <new-branch-name>
check	Run actions/checkout@fbc6f3992d24b796d5a048ff273f7fcc4a7b6c09	2026-10-03T03:23:40.1859670Z 
check	Run actions/checkout@fbc6f3992d24b796d5a048ff273f7fcc4a7b6c09	2026-10-03T03:23:40.1859778Z Or undo this operation with:
check	Run actions/checkout@fbc6f3992d24b796d5a048ff273f7fcc4a7b6c09	2026-10-03T03:23:40.1859925Z 
check	Run actions/checkout@fbc6f3992d24b796d5a048ff273f7fcc4a7b6c09	2026-10-03T03:23:40.1860055Z   git switch -
check	Run actions/checkout@fbc6f3992d24b796d5a048ff273f7fcc4a7b6c09	2026-10-03T03:23:40.1860201Z 
check	Run actions/checkout@fbc6f3992d24b796d5a048ff273f7fcc4a7b6c09	2026-10-03T03:23:40.1860430Z Turn off this advice by setting config variable advice.detachedHead to false
check	Run actions/checkout@fbc6f3992d24b796d5a048ff273f7fcc4a7b6c09	2026-10-03T03:23:40.1860720Z 
check	Run actions/checkout@fbc6f3992d24b796d5a048ff273f7fcc4a7b6c09	2026-10-03T03:23:40.1861072Z HEAD is now at 4f81568 Merge 083b5c1bfb937b91384ec6ec075ae11c3656e62b into ffd14d3aa53b191d15bd8377f0809a8846c53232
check	Run actions/checkout@fbc6f3992d24b796d5a048ff273f7fcc4a7b6c09	2026-10-03T03:23:40.1885003Z ##[endgroup]
check	Run actions/checkout@fbc6f3992d24b796d5a048ff273f7fcc4a7b6c09	2026-10-03T03:23:40.1926850Z [command]/usr/bin/git log -1 --format=%H
check	Run actions/checkout@fbc6f3992d24b796d5a048ff273f7fcc4a7b6c09	2026-10-03T03:23:40.1951623Z 4f81568eaeef9e49f00b03f6fd02e75c1fa0863f
check	Run actions/checkout@fbc6f3992d24b796d5a048ff273f7fcc4a7b6c09	2026-10-03T03:23:40.1959713Z ##[group]Removing auth
check	Run actions/checkout@fbc6f3992d24b796d5a048ff273f7fcc4a7b6c09	2026-10-03T03:23:40.1962521Z [command]/usr/bin/git config --local --name-only --get-regexp core\.sshCommand
check	Run actions/checkout@fbc6f3992d24b796d5a048ff273f7fcc4a7b6c09	2026-10-03T03:23:40.1991673Z [command]/usr/bin/git submodule foreach --recursive sh -c "git config --local --name-only --get-regexp 'core\.sshCommand' && git config --local --unset-all 'core.sshCommand' || :"
check	Run actions/checkout@fbc6f3992d24b796d5a048ff273f7fcc4a7b6c09	2026-10-03T03:23:40.2169301Z [command]/usr/bin/git config --local --name-only --get-regexp http\.https\:\/\/github\.com\/\.extraheader
check	Run actions/checkout@fbc6f3992d24b796d5a048ff273f7fcc4a7b6c09	2026-10-03T03:23:40.2194558Z http.https://github.com/.extraheader
check	Run actions/checkout@fbc6f3992d24b796d5a048ff273f7fcc4a7b6c09	2026-10-03T03:23:40.2200475Z [command]/usr/bin/git config --local --unset-all http.https://github.com/.extraheader
check	Run actions/checkout@fbc6f3992d24b796d5a048ff273f7fcc4a7b6c09	2026-10-03T03:23:40.2230977Z [command]/usr/bin/git submodule foreach --recursive sh -c "git config --local --name-only --get-regexp 'http\.https\:\/\/github\.com\/\.extraheader' && git config --local --unset-all 'http.https://github.com/.extraheader' || :"
check	Run actions/checkout@fbc6f3992d24b796d5a048ff273f7fcc4a7b6c09	2026-10-03T03:23:40.2400086Z [command]/usr/bin/git config --local --name-only --get-regexp ^includeIf\.gitdir:
check	Run actions/checkout@fbc6f3992d24b796d5a048ff273f7fcc4a7b6c09	2026-10-03T03:23:40.2424907Z [command]/usr/bin/git submodule foreach --recursive git config --local --show-origin --name-only --get-regexp remote.origin.url
check	Run actions/checkout@fbc6f3992d24b796d5a048ff273f7fcc4a7b6c09	2026-10-03T03:23:40.2586574Z ##[endgroup]
check	Run actions/setup-python@ece7cb06caefa5fff74198d8649806c4678c61a1	﻿2026-10-03T03:23:40.2768091Z ##[group]Run actions/setup-python@ece7cb06caefa5fff74198d8649806c4678c61a1
check	Run actions/setup-python@ece7cb06caefa5fff74198d8649806c4678c61a1	2026-10-03T03:23:40.2768336Z with:
check	Run actions/setup-python@ece7cb06caefa5fff74198d8649806c4678c61a1	2026-10-03T03:23:40.2768452Z   python-version: 3.13
check	Run actions/setup-python@ece7cb06caefa5fff74198d8649806c4678c61a1	2026-10-03T03:23:40.2768578Z   check-latest: false
check	Run actions/setup-python@ece7cb06caefa5fff74198d8649806c4678c61a1	2026-10-03T03:23:40.2769789Z   token: ***
check	Run actions/setup-python@ece7cb06caefa5fff74198d8649806c4678c61a1	2026-10-03T03:23:40.2769905Z   update-environment: true
check	Run actions/setup-python@ece7cb06caefa5fff74198d8649806c4678c61a1	2026-10-03T03:23:40.2770041Z   allow-prereleases: false
check	Run actions/setup-python@ece7cb06caefa5fff74198d8649806c4678c61a1	2026-10-03T03:23:40.2825634Z   freethreaded: false
check	Run actions/setup-python@ece7cb06caefa5fff74198d8649806c4678c61a1	2026-10-03T03:23:40.2825850Z ##[endgroup]
check	Run actions/setup-python@ece7cb06caefa5fff74198d8649806c4678c61a1	2026-10-03T03:23:40.3669801Z ##[group]Installed versions
check	Run actions/setup-python@ece7cb06caefa5fff74198d8649806c4678c61a1	2026-10-03T03:23:40.3723423Z Successfully set up CPython (3.13.15)
check	Run actions/setup-python@ece7cb06caefa5fff74198d8649806c4678c61a1	2026-10-03T03:23:40.3723903Z ##[endgroup]
check	Compile and run offline checks	﻿2026-10-03T03:23:40.3843197Z ##[group]Run python -m compileall -q spotquant research tests
check	Compile and run offline checks	2026-10-03T03:23:40.3843532Z [36;1mpython -m compileall -q spotquant research tests[0m
check	Compile and run offline checks	2026-10-03T03:23:40.3843736Z [36;1mpython -m unittest discover -s tests -v[0m
check	Compile and run offline checks	2026-10-03T03:23:40.4188302Z shell: /usr/bin/bash -e {0}
check	Compile and run offline checks	2026-10-03T03:23:40.4188573Z env:
check	Compile and run offline checks	2026-10-03T03:23:40.4188762Z   pythonLocation: /opt/hostedtoolcache/Python/3.13.15/x64
check	Compile and run offline checks	2026-10-03T03:23:40.4189047Z   PKG_CONFIG_PATH: /opt/hostedtoolcache/Python/3.13.15/x64/lib/pkgconfig
check	Compile and run offline checks	2026-10-03T03:23:40.4189297Z   Python_ROOT_DIR: /opt/hostedtoolcache/Python/3.13.15/x64
check	Compile and run offline checks	2026-10-03T03:23:40.4189511Z   Python2_ROOT_DIR: /opt/hostedtoolcache/Python/3.13.15/x64
check	Compile and run offline checks	2026-10-03T03:23:40.4189727Z   Python3_ROOT_DIR: /opt/hostedtoolcache/Python/3.13.15/x64
check	Compile and run offline checks	2026-10-03T03:23:40.4189941Z   LD_LIBRARY_PATH: /opt/hostedtoolcache/Python/3.13.15/x64/lib
check	Compile and run offline checks	2026-10-03T03:23:40.4190137Z ##[endgroup]
check	Compile and run offline checks	2026-10-03T03:23:42.5856348Z test_a_close_four_percent_under_the_fill_sells_the_next_open (test_account.AccountTests.test_a_close_four_percent_under_the_fill_sells_the_next_open) ... ok
check	Compile and run offline checks	2026-10-03T03:23:42.5880407Z test_a_cold_start_waits_for_a_fresh_cross_and_the_first_open_never_buys (test_account.AccountTests.test_a_cold_start_waits_for_a_fresh_cross_and_the_first_open_never_buys) ... ok
check	Compile and run offline checks	2026-10-03T03:23:42.5881749Z test_a_stop_due_on_the_bar_after_the_window_stays_visible (test_account.AccountTests.test_a_stop_due_on_the_bar_after_the_window_stays_visible) ... ok
check	Compile and run offline checks	2026-10-03T03:23:42.5883472Z test_conversion_haircut_is_applied_twice_on_an_idle_account (test_account.AccountTests.test_conversion_haircut_is_applied_twice_on_an_idle_account) ... ok
check	Compile and run offline checks	2026-10-03T03:23:42.5885418Z test_entry_is_delayed_until_the_next_open_and_trail_exits (test_account.AccountTests.test_entry_is_delayed_until_the_next_open_and_trail_exits) ... ok
check	Compile and run offline checks	2026-10-03T03:23:42.5889298Z test_one_sleeve_prints_the_single_account (test_account.AccountTests.test_one_sleeve_prints_the_single_account) ... ok
check	Compile and run offline checks	2026-10-03T03:23:42.5890851Z test_the_final_cny_mark_enters_the_drawdown (test_account.AccountTests.test_the_final_cny_mark_enters_the_drawdown) ... ok
check	Compile and run offline checks	2026-10-03T03:23:42.5894660Z test_two_sleeves_split_the_pool_and_exit_on_their_own_coins (test_account.AccountTests.test_two_sleeves_split_the_pool_and_exit_on_their_own_coins) ... ok
check	Compile and run offline checks	2026-10-03T03:23:42.5896130Z test_atr_counts_the_previous_close_gap_and_waits_for_fourteen_ranges (test_adoption_spot.AdoptionTests.test_atr_counts_the_previous_close_gap_and_waits_for_fourteen_ranges) ... ok
check	Compile and run offline checks	2026-10-03T03:23:43.2298829Z {"candidate": "atr-stop", "scenario": "base", "session": 0}
check	Compile and run offline checks	2026-10-03T03:23:43.3194154Z test_canonical_meter_never_installs_research_decisions (test_adoption_spot.AdoptionTests.test_canonical_meter_never_installs_research_decisions) ... /home/runner/work/spotquant/spotquant/spotquant/preview.py:264: ResourceWarning: unclosed database in <sqlite3.Connection object at 0x7f034231e4d0>
check	Compile and run offline checks	2026-10-03T03:23:43.3195153Z   if any(floor_step(qty, BASE_STEP) * D(snapshot['avg_price']) >= MIN_NOTIONAL for qty in dust.values()):
check	Compile and run offline checks	2026-10-03T03:23:43.3195517Z ResourceWarning: Enable tracemalloc to get the object allocation traceback
check	Compile and run offline checks	2026-10-03T03:23:43.3202956Z /home/runner/work/spotquant/spotquant/spotquant/preview.py:264: ResourceWarning: unclosed database in <sqlite3.Connection object at 0x7f034231e2f0>
check	Compile and run offline checks	2026-10-03T03:23:43.3203701Z   if any(floor_step(qty, BASE_STEP) * D(snapshot['avg_price']) >= MIN_NOTIONAL for qty in dust.values()):
check	Compile and run offline checks	2026-10-03T03:23:43.3204241Z ResourceWarning: Enable tracemalloc to get the object allocation traceback
check	Compile and run offline checks	2026-10-03T03:23:43.7383963Z /home/runner/work/spotquant/spotquant/spotquant/preview.py:355: ResourceWarning: unclosed database in <sqlite3.Connection object at 0x7f034231e890>
check	Compile and run offline checks	2026-10-03T03:23:43.7384710Z   for index, window in enumerate(group):
check	Compile and run offline checks	2026-10-03T03:23:43.7385080Z ResourceWarning: Enable tracemalloc to get the object allocation traceback
check	Compile and run offline checks	2026-10-03T03:23:43.7385799Z /home/runner/work/spotquant/spotquant/spotquant/preview.py:355: ResourceWarning: unclosed database in <sqlite3.Connection object at 0x7f034231e5c0>
check	Compile and run offline checks	2026-10-03T03:23:43.7386740Z   for index, window in enumerate(group):
check	Compile and run offline checks	2026-10-03T03:23:43.7389246Z ResourceWarning: Enable tracemalloc to get the object allocation traceback
check	Compile and run offline checks	2026-10-03T03:23:44.2373588Z ok
check	Compile and run offline checks	2026-10-03T03:23:44.2377960Z test_canonical_meter_rejects_surrounding_research_hook (test_adoption_spot.AdoptionTests.test_canonical_meter_rejects_surrounding_research_hook) ... ok
check	Compile and run offline checks	2026-10-03T03:23:44.2381109Z test_canonical_synthetic_account_matches_selected_research_all_six_groups (test_adoption_spot.AdoptionTests.test_canonical_synthetic_account_matches_selected_research_all_six_groups) ... /home/runner/work/spotquant/spotquant/research/session_account.py:13: ResourceWarning: unclosed database in <sqlite3.Connection object at 0x7f034231e890>
check	Compile and run offline checks	2026-10-03T03:23:44.2382340Z   completed = [(t, h, l, c) for t, o, h, l, c, q in bars if t + DAY <= start]
check	Compile and run offline checks	2026-10-03T03:23:44.2382752Z ResourceWarning: Enable tracemalloc to get the object allocation traceback
check	Compile and run offline checks	2026-10-03T03:23:44.2383442Z /home/runner/work/spotquant/spotquant/research/session_account.py:13: ResourceWarning: unclosed database in <sqlite3.Connection object at 0x7f034231e980>
check	Compile and run offline checks	2026-10-03T03:23:44.2383844Z   completed = [(t, h, l, c) for t, o, h, l, c, q in bars if t + DAY <= start]
check	Compile and run offline checks	2026-10-03T03:23:44.2384136Z ResourceWarning: Enable tracemalloc to get the object allocation traceback
check	Compile and run offline checks	2026-10-03T03:23:44.6190325Z {"candidate": "atr-stop", "scenario": "base", "session": 0}
check	Compile and run offline checks	2026-10-03T03:23:44.6206860Z /home/runner/work/spotquant/spotquant/spotquant/model.py:350: ResourceWarning: unclosed database in <sqlite3.Connection object at 0x7f034231e6b0>
check	Compile and run offline checks	2026-10-03T03:23:44.6207635Z   model.closes = deque((D(item) for item in body['closes']), maxlen=limit)
check	Compile and run offline checks	2026-10-03T03:23:44.6208053Z ResourceWarning: Enable tracemalloc to get the object allocation traceback
check	Compile and run offline checks	2026-10-03T03:23:44.6208681Z /home/runner/work/spotquant/spotquant/spotquant/model.py:350: ResourceWarning: unclosed database in <sqlite3.Connection object at 0x7f034231e980>
check	Compile and run offline checks	2026-10-03T03:23:44.6209325Z   model.closes = deque((D(item) for item in body['closes']), maxlen=limit)
check	Compile and run offline checks	2026-10-03T03:23:44.6209663Z ResourceWarning: Enable tracemalloc to get the object allocation traceback
check	Compile and run offline checks	2026-10-03T03:23:44.9722846Z /home/runner/work/spotquant/spotquant/spotquant/model.py:350: ResourceWarning: unclosed database in <sqlite3.Connection object at 0x7f034231f880>
check	Compile and run offline checks	2026-10-03T03:23:44.9723391Z   model.closes = deque((D(item) for item in body['closes']), maxlen=limit)
check	Compile and run offline checks	2026-10-03T03:23:44.9723681Z ResourceWarning: Enable tracemalloc to get the object allocation traceback
check	Compile and run offline checks	2026-10-03T03:23:44.9724095Z /home/runner/work/spotquant/spotquant/spotquant/model.py:350: ResourceWarning: unclosed database in <sqlite3.Connection object at 0x7f034231ea70>
check	Compile and run offline checks	2026-10-03T03:23:44.9724499Z   model.closes = deque((D(item) for item in body['closes']), maxlen=limit)
check	Compile and run offline checks	2026-10-03T03:23:44.9724765Z ResourceWarning: Enable tracemalloc to get the object allocation traceback
check	Compile and run offline checks	2026-10-03T03:23:45.4381963Z /home/runner/work/spotquant/spotquant/spotquant/model.py:233: ResourceWarning: unclosed database in <sqlite3.Connection object at 0x7f034231e6b0>
check	Compile and run offline checks	2026-10-03T03:23:45.4382883Z   self.true_ranges.append((open_time, max(high - low, abs(high - self.close), abs(low - self.close))))
check	Compile and run offline checks	2026-10-03T03:23:45.4383404Z ResourceWarning: Enable tracemalloc to get the object allocation traceback
check	Compile and run offline checks	2026-10-03T03:23:45.4384085Z /home/runner/work/spotquant/spotquant/spotquant/model.py:233: ResourceWarning: unclosed database in <sqlite3.Connection object at 0x7f034231f3d0>
check	Compile and run offline checks	2026-10-03T03:23:45.4384603Z   self.true_ranges.append((open_time, max(high - low, abs(high - self.close), abs(low - self.close))))
check	Compile and run offline checks	2026-10-03T03:23:45.4384929Z ResourceWarning: Enable tracemalloc to get the object allocation traceback
check	Compile and run offline checks	2026-10-03T03:23:45.7806278Z {"candidate": "atr-stop", "scenario": "base", "session": 0}
check	Compile and run offline checks	2026-10-03T03:23:45.8009849Z /home/runner/work/spotquant/spotquant/spotquant/model.py:350: ResourceWarning: unclosed database in <sqlite3.Connection object at 0x7f034231e2f0>
check	Compile and run offline checks	2026-10-03T03:23:45.8010561Z   model.closes = deque((D(item) for item in body['closes']), maxlen=limit)
check	Compile and run offline checks	2026-10-03T03:23:45.8010862Z ResourceWarning: Enable tracemalloc to get the object allocation traceback
check	Compile and run offline checks	2026-10-03T03:23:46.1268312Z /home/runner/work/spotquant/spotquant/spotquant/model.py:233: ResourceWarning: unclosed database in <sqlite3.Connection object at 0x7f034231e3e0>
check	Compile and run offline checks	2026-10-03T03:23:46.1269224Z   self.true_ranges.append((open_time, max(high - low, abs(high - self.close), abs(low - self.close))))
check	Compile and run offline checks	2026-10-03T03:23:46.1269778Z ResourceWarning: Enable tracemalloc to get the object allocation traceback
check	Compile and run offline checks	2026-10-03T03:23:46.1270487Z /home/runner/work/spotquant/spotquant/spotquant/model.py:233: ResourceWarning: unclosed database in <sqlite3.Connection object at 0x7f034231ed40>
check	Compile and run offline checks	2026-10-03T03:23:46.1271255Z   self.true_ranges.append((open_time, max(high - low, abs(high - self.close), abs(low - self.close))))
check	Compile and run offline checks	2026-10-03T03:23:46.1271785Z ResourceWarning: Enable tracemalloc to get the object allocation traceback
check	Compile and run offline checks	2026-10-03T03:23:46.5462628Z ok
check	Compile and run offline checks	2026-10-03T03:23:46.5795197Z test_canonical_unscaled_and_file_calibrated_rows_enter_immutable99_consumer (test_adoption_spot.AdoptionTests.test_canonical_unscaled_and_file_calibrated_rows_enter_immutable99_consumer) ... /home/runner/work/spotquant/spotquant/spotquant/model.py:233: ResourceWarning: unclosed database in <sqlite3.Connection object at 0x7f034231e980>
check	Compile and run offline checks	2026-10-03T03:23:46.5796477Z   self.true_ranges.append((open_time, max(high - low, abs(high - self.close), abs(low - self.close))))
check	Compile and run offline checks	2026-10-03T03:23:46.5796955Z ResourceWarning: Enable tracemalloc to get the object allocation traceback
check	Compile and run offline checks	2026-10-03T03:23:46.5797898Z /home/runner/work/spotquant/spotquant/spotquant/model.py:233: ResourceWarning: unclosed database in <sqlite3.Connection object at 0x7f034231e200>
check	Compile and run offline checks	2026-10-03T03:23:46.5798656Z   self.true_ranges.append((open_time, max(high - low, abs(high - self.close), abs(low - self.close))))
check	Compile and run offline checks	2026-10-03T03:23:46.5799184Z ResourceWarning: Enable tracemalloc to get the object allocation traceback
check	Compile and run offline checks	2026-10-03T03:23:46.9425626Z {"candidate": "atr-stop", "scenario": "base", "session": 0}
check	Compile and run offline checks	2026-10-03T03:23:46.9615721Z /home/runner/work/spotquant/spotquant/spotquant/model.py:350: ResourceWarning: unclosed database in <sqlite3.Connection object at 0x7f034231df30>
check	Compile and run offline checks	2026-10-03T03:23:46.9616280Z   model.closes = deque((D(item) for item in body['closes']), maxlen=limit)
check	Compile and run offline checks	2026-10-03T03:23:46.9616581Z ResourceWarning: Enable tracemalloc to get the object allocation traceback
check	Compile and run offline checks	2026-10-03T03:23:46.9616973Z /home/runner/work/spotquant/spotquant/spotquant/model.py:350: ResourceWarning: unclosed database in <sqlite3.Connection object at 0x7f034231e020>
check	Compile and run offline checks	2026-10-03T03:23:46.9617523Z   model.closes = deque((D(item) for item in body['closes']), maxlen=limit)
check	Compile and run offline checks	2026-10-03T03:23:46.9617772Z ResourceWarning: Enable tracemalloc to get the object allocation traceback
check	Compile and run offline checks	2026-10-03T03:23:47.3229346Z /home/runner/work/spotquant/spotquant/spotquant/model.py:233: ResourceWarning: unclosed database in <sqlite3.Connection object at 0x7f034231e3e0>
check	Compile and run offline checks	2026-10-03T03:23:47.3229909Z   self.true_ranges.append((open_time, max(high - low, abs(high - self.close), abs(low - self.close))))
check	Compile and run offline checks	2026-10-03T03:23:47.3230225Z ResourceWarning: Enable tracemalloc to get the object allocation traceback
check	Compile and run offline checks	2026-10-03T03:23:47.3230612Z /home/runner/work/spotquant/spotquant/spotquant/model.py:233: ResourceWarning: unclosed database in <sqlite3.Connection object at 0x7f034231f970>
check	Compile and run offline checks	2026-10-03T03:23:47.3231039Z   self.true_ranges.append((open_time, max(high - low, abs(high - self.close), abs(low - self.close))))
check	Compile and run offline checks	2026-10-03T03:23:47.3231341Z ResourceWarning: Enable tracemalloc to get the object allocation traceback
check	Compile and run offline checks	2026-10-03T03:23:48.6602460Z /home/runner/work/spotquant/spotquant/spotquant/model.py:350: ResourceWarning: unclosed database in <sqlite3.Connection object at 0x7f034231df30>
check	Compile and run offline checks	2026-10-03T03:23:48.6603192Z   model.closes = deque((D(item) for item in body['closes']), maxlen=limit)
check	Compile and run offline checks	2026-10-03T03:23:48.6603622Z ResourceWarning: Enable tracemalloc to get the object allocation traceback
check	Compile and run offline checks	2026-10-03T03:23:48.6604369Z /home/runner/work/spotquant/spotquant/spotquant/model.py:350: ResourceWarning: unclosed database in <sqlite3.Connection object at 0x7f034231e110>
check	Compile and run offline checks	2026-10-03T03:23:48.6604775Z   model.closes = deque((D(item) for item in body['closes']), maxlen=limit)
check	Compile and run offline checks	2026-10-03T03:23:48.6605057Z ResourceWarning: Enable tracemalloc to get the object allocation traceback
check	Compile and run offline checks	2026-10-03T03:23:49.4702825Z {"candidate": "atr-stop", "scenario": "base", "session": 0}
check	Compile and run offline checks	2026-10-03T03:23:49.7520760Z /home/runner/work/spotquant/spotquant/spotquant/model.py:350: ResourceWarning: unclosed database in <sqlite3.Connection object at 0x7f034231ea70>
check	Compile and run offline checks	2026-10-03T03:23:49.7521396Z   model.closes = deque((D(item) for item in body['closes']), maxlen=limit)
check	Compile and run offline checks	2026-10-03T03:23:49.7521681Z ResourceWarning: Enable tracemalloc to get the object allocation traceback
check	Compile and run offline checks	2026-10-03T03:23:49.7522096Z /home/runner/work/spotquant/spotquant/spotquant/model.py:350: ResourceWarning: unclosed database in <sqlite3.Connection object at 0x7f034231e980>
check	Compile and run offline checks	2026-10-03T03:23:49.7522517Z   model.closes = deque((D(item) for item in body['closes']), maxlen=limit)
check	Compile and run offline checks	2026-10-03T03:23:49.7522779Z ResourceWarning: Enable tracemalloc to get the object allocation traceback
check	Compile and run offline checks	2026-10-03T03:23:50.4743151Z /home/runner/work/spotquant/spotquant/spotquant/model.py:233: ResourceWarning: unclosed database in <sqlite3.Connection object at 0x7f034231de40>
check	Compile and run offline checks	2026-10-03T03:23:50.4744396Z   self.true_ranges.append((open_time, max(high - low, abs(high - self.close), abs(low - self.close))))
check	Compile and run offline checks	2026-10-03T03:23:50.4744979Z ResourceWarning: Enable tracemalloc to get the object allocation traceback
check	Compile and run offline checks	2026-10-03T03:23:50.4745723Z /home/runner/work/spotquant/spotquant/spotquant/model.py:233: ResourceWarning: unclosed database in <sqlite3.Connection object at 0x7f034231e200>
check	Compile and run offline checks	2026-10-03T03:23:50.4746526Z   self.true_ranges.append((open_time, max(high - low, abs(high - self.close), abs(low - self.close))))
check	Compile and run offline checks	2026-10-03T03:23:50.4747087Z ResourceWarning: Enable tracemalloc to get the object allocation traceback
check	Compile and run offline checks	2026-10-03T03:23:50.9199907Z ok
check	Compile and run offline checks	2026-10-03T03:23:50.9206995Z test_completed_atr_checkpoint_and_chronology (test_adoption_spot.AdoptionTests.test_completed_atr_checkpoint_and_chronology) ... ok
check	Compile and run offline checks	2026-10-03T03:23:50.9300687Z test_decision_floor_actual_peak_and_through_mark_exit (test_adoption_spot.AdoptionTests.test_decision_floor_actual_peak_and_through_mark_exit) ... ok
check	Compile and run offline checks	2026-10-03T03:23:50.9524297Z test_diagnostic_profile_cutoff_owned_sizes_and_rerun_binding (test_adoption_spot.AdoptionTests.test_diagnostic_profile_cutoff_owned_sizes_and_rerun_binding) ... ok
check	Compile and run offline checks	2026-10-03T03:23:51.0352955Z test_legacy_flat_held_and_pending_reject_before_recovery (test_adoption_spot.AdoptionTests.test_legacy_flat_held_and_pending_reject_before_recovery) ... ok
check	Compile and run offline checks	2026-10-03T03:23:51.1308248Z test_malformed_checkpoint_or_pending_payload_blocks_recovery (test_adoption_spot.AdoptionTests.test_malformed_checkpoint_or_pending_payload_blocks_recovery) ... /home/runner/work/spotquant/spotquant/spotquant/model.py:233: ResourceWarning: unclosed database in <sqlite3.Connection object at 0x7f034231ea70>
check	Compile and run offline checks	2026-10-03T03:23:51.1309682Z   self.true_ranges.append((open_time, max(high - low, abs(high - self.close), abs(low - self.close))))
check	Compile and run offline checks	2026-10-03T03:23:51.1309999Z ResourceWarning: Enable tracemalloc to get the object allocation traceback
check	Compile and run offline checks	2026-10-03T03:23:51.1310623Z /home/runner/work/spotquant/spotquant/spotquant/model.py:233: ResourceWarning: unclosed database in <sqlite3.Connection object at 0x7f034231e4d0>
check	Compile and run offline checks	2026-10-03T03:23:51.1311302Z   self.true_ranges.append((open_time, max(high - low, abs(high - self.close), abs(low - self.close))))
check	Compile and run offline checks	2026-10-03T03:23:51.1311811Z ResourceWarning: Enable tracemalloc to get the object allocation traceback
check	Compile and run offline checks	2026-10-03T03:23:51.1678621Z ok
check	Compile and run offline checks	2026-10-03T03:23:51.1762033Z test_native_floor_status_and_campaign_boundary (test_adoption_spot.AdoptionTests.test_native_floor_status_and_campaign_boundary) ... ok
check	Compile and run offline checks	2026-10-03T03:23:51.1772459Z test_actual_validation_bad_risk_is_never_labeled_matched_alpha (test_alpha_assessment.AssessmentTests.test_actual_validation_bad_risk_is_never_labeled_matched_alpha) ... ok
check	Compile and run offline checks	2026-10-03T03:23:51.2503618Z test_assessment_project_and_global_calibrations_keep_actual_raw_hashes (test_alpha_assessment.AssessmentTests.test_assessment_project_and_global_calibrations_keep_actual_raw_hashes) ... ok
check	Compile and run offline checks	2026-10-03T03:23:51.3508018Z test_canonical_financial_cash_path_is_retained_with_real_helpers (test_alpha_assessment.AssessmentTests.test_canonical_financial_cash_path_is_retained_with_real_helpers) ... ok
check	Compile and run offline checks	2026-10-03T03:23:51.3512713Z test_causal_sizes_are_actual_and_coin_trigger_gap_has_identity (test_alpha_assessment.AssessmentTests.test_causal_sizes_are_actual_and_coin_trigger_gap_has_identity) ... ok
check	Compile and run offline checks	2026-10-03T03:23:51.3522561Z test_cli_accepts_project_calibration_paths (test_alpha_assessment.AssessmentTests.test_cli_accepts_project_calibration_paths) ... ok
check	Compile and run offline checks	2026-10-03T03:23:51.3526136Z test_coin_fill_conflicting_client_or_campaign_relations_stay_unknown (test_alpha_assessment.AssessmentTests.test_coin_fill_conflicting_client_or_campaign_relations_stay_unknown) ... ok
check	Compile and run offline checks	2026-10-03T03:23:51.3530255Z test_coin_fill_links_preserve_partial_fills_repeated_unknown_writes_and_unknown_exits (test_alpha_assessment.AssessmentTests.test_coin_fill_links_preserve_partial_fills_repeated_unknown_writes_and_unknown_exits) ... ok
check	Compile and run offline checks	2026-10-03T03:23:51.3568753Z test_coin_nested_schema_and_own_hash_scheme_accepts_all20_rejects_mismatch (test_alpha_assessment.AssessmentTests.test_coin_nested_schema_and_own_hash_scheme_accepts_all20_rejects_mismatch) ... ok
check	Compile and run offline checks	2026-10-03T03:23:51.3744004Z test_coin_original_cagr_uses_registered_year_not_daily_normalization (test_alpha_assessment.AssessmentTests.test_coin_original_cagr_uses_registered_year_not_daily_normalization) ... ok
check	Compile and run offline checks	2026-10-03T03:23:51.3747278Z test_diagnostic_warmup_distinct_ids_future_tail_and_actual_fill (test_alpha_assessment.AssessmentTests.test_diagnostic_warmup_distinct_ids_future_tail_and_actual_fill) ... ok
check	Compile and run offline checks	2026-10-03T03:23:51.3784371Z test_exact_matrix_missing_extra_malformed_and_retained_incomplete (test_alpha_assessment.AssessmentTests.test_exact_matrix_missing_extra_malformed_and_retained_incomplete) ... ok
check	Compile and run offline checks	2026-10-03T03:23:51.3820901Z test_explicit_manifest_verifies_raw_hashes_and_rejects_duplicates (test_alpha_assessment.AssessmentTests.test_explicit_manifest_verifies_raw_hashes_and_rejects_duplicates) ... ok
check	Compile and run offline checks	2026-10-03T03:23:51.3853348Z test_final_rejected_inventory_closes_work_without_claiming_validity (test_alpha_assessment.AssessmentTests.test_final_rejected_inventory_closes_work_without_claiming_validity) ... ok
check	Compile and run offline checks	2026-10-03T03:23:51.6504378Z test_forward_assessor_only_equivalence_uses_committed_trees_and_full_analysis_identity (test_alpha_assessment.AssessmentTests.test_forward_assessor_only_equivalence_uses_committed_trees_and_full_analysis_identity) ... ok
check	Compile and run offline checks	2026-10-03T03:23:51.6540207Z test_forward_latest_only_atomic_integrity_future_and_source_mismatch (test_alpha_assessment.AssessmentTests.test_forward_latest_only_atomic_integrity_future_and_source_mismatch) ... ok
check	Compile and run offline checks	2026-10-03T03:23:51.6557254Z test_full_baseline_evidence_detects_money_ownership_actions_and_clocks (test_alpha_assessment.AssessmentTests.test_full_baseline_evidence_detects_money_ownership_actions_and_clocks) ... ok
check	Compile and run offline checks	2026-10-03T03:23:51.6567365Z test_invalid_base_keeps_all_ten_obligations_with_no_fabricated_profile (test_alpha_assessment.AssessmentTests.test_invalid_base_keeps_all_ten_obligations_with_no_fabricated_profile) ... ok
check	Compile and run offline checks	2026-10-03T03:23:51.6575779Z test_lossless_gzip_hashes_original_bytes_and_rejects_duplicate_keys (test_alpha_assessment.AssessmentTests.test_lossless_gzip_hashes_original_bytes_and_rejects_duplicate_keys) ... ok
check	Compile and run offline checks	2026-10-03T03:23:51.6580947Z test_original_read_completion_and_actual_write_deadlines_not_epsilon (test_alpha_assessment.AssessmentTests.test_original_read_completion_and_actual_write_deadlines_not_epsilon) ... ok
check	Compile and run offline checks	2026-10-03T03:23:51.6585215Z test_original_reference_is_pinned_before_any_source_or_comparison_work (test_alpha_assessment.AssessmentTests.test_original_reference_is_pinned_before_any_source_or_comparison_work) ... ok
check	Compile and run offline checks	2026-10-03T03:23:51.6609859Z test_outage_uses_actual_filtered_789_and_complete_requires_archive (test_alpha_assessment.AssessmentTests.test_outage_uses_actual_filtered_789_and_complete_requires_archive) ... ok
check	Compile and run offline checks	2026-10-03T03:23:51.6817083Z test_project_calibration_is_exact_complete_deterministic_subset (test_alpha_assessment.AssessmentTests.test_project_calibration_is_exact_complete_deterministic_subset) ... ok
check	Compile and run offline checks	2026-10-03T03:23:51.6820325Z test_reduced_mdd_cannot_hide_more_than_one_percent_cagr_loss (test_alpha_assessment.AssessmentTests.test_reduced_mdd_cannot_hide_more_than_one_percent_cagr_loss) ... ok
check	Compile and run offline checks	2026-10-03T03:23:51.6840170Z test_risk_requires_exact_file_hash_profile_and_bound_candidate (test_alpha_assessment.AssessmentTests.test_risk_requires_exact_file_hash_profile_and_bound_candidate) ... ok
check	Compile and run offline checks	2026-10-03T03:23:51.6843615Z test_selection_all_stresses_core_tie_slow_combo_pending_and_failed_fallback (test_alpha_assessment.AssessmentTests.test_selection_all_stresses_core_tie_slow_combo_pending_and_failed_fallback) ... ok
check	Compile and run offline checks	2026-10-03T03:23:51.6893604Z test_source_input_spec_protocol_candidate_capital_starts_fail_closed (test_alpha_assessment.AssessmentTests.test_source_input_spec_protocol_candidate_capital_starts_fail_closed) ... ok
check	Compile and run offline checks	2026-10-03T03:23:51.6905251Z test_training_only_scale_is_independent_of_future_values_and_self_unity (test_alpha_assessment.AssessmentTests.test_training_only_scale_is_independent_of_future_values_and_self_unity) ... ok
check	Compile and run offline checks	2026-10-03T03:23:51.7067084Z test_atr_partial_exit_remainder_retains_tightened_stop (test_alpha_spot.AlphaSpotTests.test_atr_partial_exit_remainder_retains_tightened_stop) ... ok
check	Compile and run offline checks	2026-10-03T03:23:51.7271426Z test_atr_stop_never_loosens_and_crossed_mark_uses_real_sell (test_alpha_spot.AlphaSpotTests.test_atr_stop_never_loosens_and_crossed_mark_uses_real_sell) ... ok
check	Compile and run offline checks	2026-10-03T03:23:51.7636718Z test_atr_uses_only_completed_ranges_and_close_variant_preserves_repair (test_alpha_spot.AlphaSpotTests.test_atr_uses_only_completed_ranges_and_close_variant_preserves_repair) ... ok
check	Compile and run offline checks	2026-10-03T03:23:51.7657014Z test_bundle_hashes_exact_registered_protocol_path (test_alpha_spot.AlphaSpotTests.test_bundle_hashes_exact_registered_protocol_path) ... ok
check	Compile and run offline checks	2026-10-03T03:23:51.7689212Z test_calibration_rejects_unbound_future_and_nonfinite_profiles (test_alpha_spot.AlphaSpotTests.test_calibration_rejects_unbound_future_and_nonfinite_profiles) ... ok
check	Compile and run offline checks	2026-10-03T03:23:51.7689816Z test_components_are_finite_and_core_modes_exclusive (test_alpha_spot.AlphaSpotTests.test_components_are_finite_and_core_modes_exclusive) ... ok
check	Compile and run offline checks	2026-10-03T03:23:51.8603953Z test_core_checkpoint_identity_rejects_even_flat_account_mismatch (test_alpha_spot.AlphaSpotTests.test_core_checkpoint_identity_rejects_even_flat_account_mismatch) ... ok
check	Compile and run offline checks	2026-10-03T03:23:51.8608070Z test_core_provenance_ignores_partial_exit_and_slow_waits_for_bull_signal (test_alpha_spot.AlphaSpotTests.test_core_provenance_ignores_partial_exit_and_slow_waits_for_bull_signal) ... ok
check	Compile and run offline checks	2026-10-03T03:23:51.8745753Z test_core_stop_renews_opportunity_and_restore_keeps_its_identity (test_alpha_spot.AlphaSpotTests.test_core_stop_renews_opportunity_and_restore_keeps_its_identity) ... /home/runner/work/spotquant/spotquant/spotquant/model.py:233: ResourceWarning: unclosed database in <sqlite3.Connection object at 0x7f034237b010>
check	Compile and run offline checks	2026-10-03T03:23:51.8746951Z   self.true_ranges.append((open_time, max(high - low, abs(high - self.close), abs(low - self.close))))
check	Compile and run offline checks	2026-10-03T03:23:51.8747606Z ResourceWarning: Enable tracemalloc to get the object allocation traceback
check	Compile and run offline checks	2026-10-03T03:23:51.9416861Z /opt/hostedtoolcache/Python/3.13.15/x64/lib/python3.13/json/encoder.py:254: ResourceWarning: unclosed database in <sqlite3.Connection object at 0x7f034237ab60>
check	Compile and run offline checks	2026-10-03T03:23:51.9417674Z   _iterencode = c_make_encoder(
check	Compile and run offline checks	2026-10-03T03:23:51.9418000Z ResourceWarning: Enable tracemalloc to get the object allocation traceback
check	Compile and run offline checks	2026-10-03T03:23:52.0077940Z /home/runner/work/spotquant/spotquant/spotquant/model.py:350: ResourceWarning: unclosed database in <sqlite3.Connection object at 0x7f034237b100>
check	Compile and run offline checks	2026-10-03T03:23:52.0078961Z   model.closes = deque((D(item) for item in body['closes']), maxlen=limit)
check	Compile and run offline checks	2026-10-03T03:23:52.0079399Z ResourceWarning: Enable tracemalloc to get the object allocation traceback
check	Compile and run offline checks	2026-10-03T03:23:52.0618833Z /home/runner/work/spotquant/spotquant/spotquant/model.py:350: ResourceWarning: unclosed database in <sqlite3.Connection object at 0x7f034237b1f0>
check	Compile and run offline checks	2026-10-03T03:23:52.0619313Z   model.closes = deque((D(item) for item in body['closes']), maxlen=limit)
check	Compile and run offline checks	2026-10-03T03:23:52.0619585Z ResourceWarning: Enable tracemalloc to get the object allocation traceback
check	Compile and run offline checks	2026-10-03T03:23:52.2027806Z /home/runner/work/spotquant/spotquant/spotquant/model.py:350: ResourceWarning: unclosed database in <sqlite3.Connection object at 0x7f034237ae30>
check	Compile and run offline checks	2026-10-03T03:23:52.2028278Z   model.closes = deque((D(item) for item in body['closes']), maxlen=limit)
check	Compile and run offline checks	2026-10-03T03:23:52.2028586Z ResourceWarning: Enable tracemalloc to get the object allocation traceback
check	Compile and run offline checks	2026-10-03T03:23:52.2545639Z /home/runner/work/spotquant/spotquant/spotquant/model.py:350: ResourceWarning: unclosed database in <sqlite3.Connection object at 0x7f034237b010>
check	Compile and run offline checks	2026-10-03T03:23:52.2546058Z   model.closes = deque((D(item) for item in body['closes']), maxlen=limit)
check	Compile and run offline checks	2026-10-03T03:23:52.2546539Z ResourceWarning: Enable tracemalloc to get the object allocation traceback
check	Compile and run offline checks	2026-10-03T03:23:52.3346000Z /home/runner/work/spotquant/spotquant/spotquant/model.py:233: ResourceWarning: unclosed database in <sqlite3.Connection object at 0x7f034237b5b0>
check	Compile and run offline checks	2026-10-03T03:23:52.3348334Z   self.true_ranges.append((open_time, max(high - low, abs(high - self.close), abs(low - self.close))))
check	Compile and run offline checks	2026-10-03T03:23:52.3349055Z ResourceWarning: Enable tracemalloc to get the object allocation traceback
check	Compile and run offline checks	2026-10-03T03:23:52.4205563Z /home/runner/work/spotquant/spotquant/spotquant/model.py:350: ResourceWarning: unclosed database in <sqlite3.Connection object at 0x7f034237ac50>
check	Compile and run offline checks	2026-10-03T03:23:52.4206189Z   model.closes = deque((D(item) for item in body['closes']), maxlen=limit)
check	Compile and run offline checks	2026-10-03T03:23:52.4206460Z ResourceWarning: Enable tracemalloc to get the object allocation traceback
check	Compile and run offline checks	2026-10-03T03:23:52.5535504Z /home/runner/work/spotquant/spotquant/spotquant/model.py:350: ResourceWarning: unclosed database in <sqlite3.Connection object at 0x7f034237b4c0>
check	Compile and run offline checks	2026-10-03T03:23:52.5536021Z   model.closes = deque((D(item) for item in body['closes']), maxlen=limit)
check	Compile and run offline checks	2026-10-03T03:23:52.5536316Z ResourceWarning: Enable tracemalloc to get the object allocation traceback
check	Compile and run offline checks	2026-10-03T03:23:52.6696255Z /home/runner/work/spotquant/spotquant/spotquant/model.py:350: ResourceWarning: unclosed database in <sqlite3.Connection object at 0x7f034237a890>
check	Compile and run offline checks	2026-10-03T03:23:52.6697054Z   model.closes = deque((D(item) for item in body['closes']), maxlen=limit)
check	Compile and run offline checks	2026-10-03T03:23:52.6697670Z ResourceWarning: Enable tracemalloc to get the object allocation traceback
check	Compile and run offline checks	2026-10-03T03:23:52.7207496Z /home/runner/work/spotquant/spotquant/spotquant/model.py:350: ResourceWarning: unclosed database in <sqlite3.Connection object at 0x7f034237aa70>
check	Compile and run offline checks	2026-10-03T03:23:52.7208244Z   model.closes = deque((D(item) for item in body['closes']), maxlen=limit)
check	Compile and run offline checks	2026-10-03T03:23:52.7208674Z ResourceWarning: Enable tracemalloc to get the object allocation traceback
check	Compile and run offline checks	2026-10-03T03:23:52.7912211Z ok
check	Compile and run offline checks	2026-10-03T03:23:52.8007312Z test_failed_follow_keeps_research_and_model_commit_atomic (test_alpha_spot.AlphaSpotTests.test_failed_follow_keeps_research_and_model_commit_atomic) ... /home/runner/work/spotquant/spotquant/spotquant/model.py:233: ResourceWarning: unclosed database in <sqlite3.Connection object at 0x7f034237b790>
check	Compile and run offline checks	2026-10-03T03:23:52.8008391Z   self.true_ranges.append((open_time, max(high - low, abs(high - self.close), abs(low - self.close))))
check	Compile and run offline checks	2026-10-03T03:23:52.8008919Z ResourceWarning: Enable tracemalloc to get the object allocation traceback
check	Compile and run offline checks	2026-10-03T03:23:52.8137088Z ok
check	Compile and run offline checks	2026-10-03T03:23:52.8140776Z test_partial_fills_move_only_actual_money_and_unknown_intents_do_not_consume (test_alpha_spot.AlphaSpotTests.test_partial_fills_move_only_actual_money_and_unknown_intents_do_not_consume) ... ok
check	Compile and run offline checks	2026-10-03T03:23:52.8329598Z test_participation_adds_to_held_bulls_only_and_confirms_once (test_alpha_spot.AlphaSpotTests.test_participation_adds_to_held_bulls_only_and_confirms_once) ... ok
check	Compile and run offline checks	2026-10-03T03:23:52.8490281Z test_participation_never_arms_empty_second_bull (test_alpha_spot.AlphaSpotTests.test_participation_never_arms_empty_second_bull) ... ok
check	Compile and run offline checks	2026-10-03T03:23:52.9197856Z test_protection_peak_after_real_entry_excludes_prefill_high (test_alpha_spot.AlphaSpotTests.test_protection_peak_after_real_entry_excludes_prefill_high) ... /home/runner/work/spotquant/spotquant/spotquant/model.py:350: ResourceWarning: unclosed database in <sqlite3.Connection object at 0x7f034237bf10>
check	Compile and run offline checks	2026-10-03T03:23:52.9199010Z   model.closes = deque((D(item) for item in body['closes']), maxlen=limit)
check	Compile and run offline checks	2026-10-03T03:23:52.9199440Z ResourceWarning: Enable tracemalloc to get the object allocation traceback
check	Compile and run offline checks	2026-10-03T03:23:52.9879160Z /home/runner/work/spotquant/spotquant/spotquant/model.py:350: ResourceWarning: unclosed database in <sqlite3.Connection object at 0x7f034237bb50>
check	Compile and run offline checks	2026-10-03T03:23:52.9879908Z   model.closes = deque((D(item) for item in body['closes']), maxlen=limit)
check	Compile and run offline checks	2026-10-03T03:23:52.9880712Z ResourceWarning: Enable tracemalloc to get the object allocation traceback
check	Compile and run offline checks	2026-10-03T03:23:53.0825894Z ok
check	Compile and run offline checks	2026-10-03T03:23:53.0971725Z test_real_core_stop_does_not_reenter_until_new_completed_day (test_alpha_spot.AlphaSpotTests.test_real_core_stop_does_not_reenter_until_new_completed_day) ... /home/runner/work/spotquant/spotquant/spotquant/model.py:233: ResourceWarning: unclosed database in <sqlite3.Connection object at 0x7f034237ba60>
check	Compile and run offline checks	2026-10-03T03:23:53.0972509Z   self.true_ranges.append((open_time, max(high - low, abs(high - self.close), abs(low - self.close))))
check	Compile and run offline checks	2026-10-03T03:23:53.0972835Z ResourceWarning: Enable tracemalloc to get the object allocation traceback
check	Compile and run offline checks	2026-10-03T03:23:53.2096017Z /home/runner/work/spotquant/spotquant/spotquant/model.py:350: ResourceWarning: unclosed database in <sqlite3.Connection object at 0x7f034237a980>
check	Compile and run offline checks	2026-10-03T03:23:53.2096752Z   model.closes = deque((D(item) for item in body['closes']), maxlen=limit)
check	Compile and run offline checks	2026-10-03T03:23:53.2097413Z ResourceWarning: Enable tracemalloc to get the object allocation traceback
check	Compile and run offline checks	2026-10-03T03:23:53.2611371Z /home/runner/work/spotquant/spotquant/spotquant/model.py:350: ResourceWarning: unclosed database in <sqlite3.Connection object at 0x7f034237b3d0>
check	Compile and run offline checks	2026-10-03T03:23:53.2612093Z   model.closes = deque((D(item) for item in body['closes']), maxlen=limit)
check	Compile and run offline checks	2026-10-03T03:23:53.2612508Z ResourceWarning: Enable tracemalloc to get the object allocation traceback
check	Compile and run offline checks	2026-10-03T03:23:53.3187742Z ok
check	Compile and run offline checks	2026-10-03T03:23:53.3282979Z test_real_sessions_core_separate_fills_protection_and_cash (test_alpha_spot.AlphaSpotTests.test_real_sessions_core_separate_fills_protection_and_cash) ... /home/runner/work/spotquant/spotquant/spotquant/model.py:233: ResourceWarning: unclosed database in <sqlite3.Connection object at 0x7f034237aa70>
check	Compile and run offline checks	2026-10-03T03:23:53.3283759Z   self.true_ranges.append((open_time, max(high - low, abs(high - self.close), abs(low - self.close))))
check	Compile and run offline checks	2026-10-03T03:23:53.3284070Z ResourceWarning: Enable tracemalloc to get the object allocation traceback
check	Compile and run offline checks	2026-10-03T03:23:53.5444486Z /home/runner/work/spotquant/spotquant/spotquant/model.py:233: ResourceWarning: unclosed database in <sqlite3.Connection object at 0x7f034237b6a0>
check	Compile and run offline checks	2026-10-03T03:23:53.5445097Z   self.true_ranges.append((open_time, max(high - low, abs(high - self.close), abs(low - self.close))))
check	Compile and run offline checks	2026-10-03T03:23:53.5445586Z ResourceWarning: Enable tracemalloc to get the object allocation traceback
check	Compile and run offline checks	2026-10-03T03:23:53.7631990Z ok
check	Compile and run offline checks	2026-10-03T03:23:53.7635525Z test_reentry_actual_exit_reclaim_two_closes_allowance_and_reset (test_alpha_spot.AlphaSpotTests.test_reentry_actual_exit_reclaim_two_closes_allowance_and_reset) ... ok
check	Compile and run offline checks	2026-10-03T03:23:53.7715179Z test_risk_scale_changes_only_new_buy_after_cutoff (test_alpha_spot.AlphaSpotTests.test_risk_scale_changes_only_new_buy_after_cutoff) ... /home/runner/work/spotquant/spotquant/spotquant/model.py:233: ResourceWarning: unclosed database in <sqlite3.Connection object at 0x7f034231e110>
check	Compile and run offline checks	2026-10-03T03:23:53.7715943Z   self.true_ranges.append((open_time, max(high - low, abs(high - self.close), abs(low - self.close))))
check	Compile and run offline checks	2026-10-03T03:23:53.7716447Z ResourceWarning: Enable tracemalloc to get the object allocation traceback
check	Compile and run offline checks	2026-10-03T03:23:53.7805823Z ok
check	Compile and run offline checks	2026-10-03T03:23:53.7852106Z test_scoped_hooks_restore_after_exception_and_checkpoint_mode_mismatch (test_alpha_spot.AlphaSpotTests.test_scoped_hooks_restore_after_exception_and_checkpoint_mode_mismatch) ... ok
check	Compile and run offline checks	2026-10-03T03:23:53.7853278Z test_subpools_conserve_btc_usdt_fees_and_dust_without_transfers (test_alpha_spot.AlphaSpotTests.test_subpools_conserve_btc_usdt_fees_and_dust_without_transfers) ... ok
check	Compile and run offline checks	2026-10-03T03:23:54.1155745Z {"complete_accounts": 0, "accounts": 1}
check	Compile and run offline checks	2026-10-03T03:23:54.1156223Z {"candidate": "consensus", "scenario": "base", "session": 0}
check	Compile and run offline checks	2026-10-03T03:23:54.1228160Z test_three_real_session_noop_equal_to_current_consensus (test_alpha_spot.AlphaSpotTests.test_three_real_session_noop_equal_to_current_consensus) ... /home/runner/work/spotquant/spotquant/spotquant/model.py:373: ResourceWarning: unclosed database in <sqlite3.Connection object at 0x7f034231f880>
check	Compile and run offline checks	2026-10-03T03:23:54.1229074Z   if any(type(body[k]) is not bool for k in ('bull', 'enter', 'cap_enter')):
check	Compile and run offline checks	2026-10-03T03:23:54.1229343Z ResourceWarning: Enable tracemalloc to get the object allocation traceback
check	Compile and run offline checks	2026-10-03T03:23:54.1229738Z /home/runner/work/spotquant/spotquant/spotquant/model.py:373: ResourceWarning: unclosed database in <sqlite3.Connection object at 0x7f034231ed40>
check	Compile and run offline checks	2026-10-03T03:23:54.1230113Z   if any(type(body[k]) is not bool for k in ('bull', 'enter', 'cap_enter')):
check	Compile and run offline checks	2026-10-03T03:23:54.1230360Z ResourceWarning: Enable tracemalloc to get the object allocation traceback
check	Compile and run offline checks	2026-10-03T03:23:54.4484598Z /home/runner/work/spotquant/spotquant/spotquant/model.py:233: ResourceWarning: unclosed database in <sqlite3.Connection object at 0x7f034231fd30>
check	Compile and run offline checks	2026-10-03T03:23:54.4485539Z   self.true_ranges.append((open_time, max(high - low, abs(high - self.close), abs(low - self.close))))
check	Compile and run offline checks	2026-10-03T03:23:54.4486122Z ResourceWarning: Enable tracemalloc to get the object allocation traceback
check	Compile and run offline checks	2026-10-03T03:23:54.4486898Z /home/runner/work/spotquant/spotquant/spotquant/model.py:233: ResourceWarning: unclosed database in <sqlite3.Connection object at 0x7f034231e3e0>
check	Compile and run offline checks	2026-10-03T03:23:54.4487890Z   self.true_ranges.append((open_time, max(high - low, abs(high - self.close), abs(low - self.close))))
check	Compile and run offline checks	2026-10-03T03:23:54.4488451Z ResourceWarning: Enable tracemalloc to get the object allocation traceback
check	Compile and run offline checks	2026-10-03T03:23:54.8770521Z /home/runner/work/spotquant/spotquant/spotquant/model.py:233: ResourceWarning: unclosed database in <sqlite3.Connection object at 0x7f034231e6b0>
check	Compile and run offline checks	2026-10-03T03:23:54.8771105Z   self.true_ranges.append((open_time, max(high - low, abs(high - self.close), abs(low - self.close))))
check	Compile and run offline checks	2026-10-03T03:23:54.8771426Z ResourceWarning: Enable tracemalloc to get the object allocation traceback
check	Compile and run offline checks	2026-10-03T03:23:54.8771832Z /home/runner/work/spotquant/spotquant/spotquant/model.py:233: ResourceWarning: unclosed database in <sqlite3.Connection object at 0x7f034231e7a0>
check	Compile and run offline checks	2026-10-03T03:23:54.8772283Z   self.true_ranges.append((open_time, max(high - low, abs(high - self.close), abs(low - self.close))))
check	Compile and run offline checks	2026-10-03T03:23:54.8772590Z ResourceWarning: Enable tracemalloc to get the object allocation traceback
check	Compile and run offline checks	2026-10-03T03:23:55.2051678Z {"candidate": "core0", "scenario": "base", "session": 0}
check	Compile and run offline checks	2026-10-03T03:23:55.2468611Z /home/runner/work/spotquant/spotquant/spotquant/model.py:350: ResourceWarning: unclosed database in <sqlite3.Connection object at 0x7f034231e110>
check	Compile and run offline checks	2026-10-03T03:23:55.2469115Z   model.closes = deque((D(item) for item in body['closes']), maxlen=limit)
check	Compile and run offline checks	2026-10-03T03:23:55.2469408Z ResourceWarning: Enable tracemalloc to get the object allocation traceback
check	Compile and run offline checks	2026-10-03T03:23:55.2470051Z /home/runner/work/spotquant/spotquant/spotquant/model.py:350: ResourceWarning: unclosed database in <sqlite3.Connection object at 0x7f034231f880>
check	Compile and run offline checks	2026-10-03T03:23:55.2470461Z   model.closes = deque((D(item) for item in body['closes']), maxlen=limit)
check	Compile and run offline checks	2026-10-03T03:23:55.2470741Z ResourceWarning: Enable tracemalloc to get the object allocation traceback
check	Compile and run offline checks	2026-10-03T03:23:58.2104436Z /home/runner/work/spotquant/spotquant/spotquant/model.py:233: ResourceWarning: unclosed database in <sqlite3.Connection object at 0x7f034231fc40>
check	Compile and run offline checks	2026-10-03T03:23:58.2105265Z   self.true_ranges.append((open_time, max(high - low, abs(high - self.close), abs(low - self.close))))
check	Compile and run offline checks	2026-10-03T03:23:58.2105778Z ResourceWarning: Enable tracemalloc to get the object allocation traceback
check	Compile and run offline checks	2026-10-03T03:23:58.2106440Z /home/runner/work/spotquant/spotquant/spotquant/model.py:233: ResourceWarning: unclosed database in <sqlite3.Connection object at 0x7f034231ed40>
check	Compile and run offline checks	2026-10-03T03:23:58.2106923Z   self.true_ranges.append((open_time, max(high - low, abs(high - self.close), abs(low - self.close))))
check	Compile and run offline checks	2026-10-03T03:23:58.2107366Z ResourceWarning: Enable tracemalloc to get the object allocation traceback
check	Compile and run offline checks	2026-10-03T03:23:58.6222024Z ok
check	Compile and run offline checks	2026-10-03T03:23:58.6225656Z test_preserves_source_and_money_rows_and_excludes_failed_original (test_assemble_spot.AssembleSpotTests.test_preserves_source_and_money_rows_and_excludes_failed_original) ... ok
check	Compile and run offline checks	2026-10-03T03:23:58.6235684Z test_rejects_wrong_bytes_missing_rerun_and_invalid_execution (test_assemble_spot.AssembleSpotTests.test_rejects_wrong_bytes_missing_rerun_and_invalid_execution) ... ok
check	Compile and run offline checks	2026-10-03T03:23:58.6236564Z test_better_return_with_worse_drawdown_does_not_dominate (test_baselines.BaselineTests.test_better_return_with_worse_drawdown_does_not_dominate) ... ok
check	Compile and run offline checks	2026-10-03T03:23:58.6237507Z test_initial_cash_is_conserved_across_partial_monthly_buy (test_baselines.BaselineTests.test_initial_cash_is_conserved_across_partial_monthly_buy) ... ok
check	Compile and run offline checks	2026-10-03T03:23:58.6239196Z test_a_missing_balance_list_is_not_an_empty_account (test_binance.BinanceTests.test_a_missing_balance_list_is_not_an_empty_account) ... ok
check	Compile and run offline checks	2026-10-03T03:23:58.6239952Z test_completed_daily_normalizes_and_stops_at_today (test_binance.BinanceTests.test_completed_daily_normalizes_and_stops_at_today) ... ok
check	Compile and run offline checks	2026-10-03T03:23:58.6240926Z test_completed_daily_rejects_a_gap_and_keeps_a_contiguous_page (test_binance.BinanceTests.test_completed_daily_rejects_a_gap_and_keeps_a_contiguous_page) ... ok
check	Compile and run offline checks	2026-10-03T03:23:58.6241496Z test_completed_daily_rejects_a_page_that_does_not_start_at_the_cursor (test_binance.BinanceTests.test_completed_daily_rejects_a_page_that_does_not_start_at_the_cursor) ... ok
check	Compile and run offline checks	2026-10-03T03:23:58.6242188Z test_completed_daily_rejects_a_short_page_before_today (test_binance.BinanceTests.test_completed_daily_rejects_a_short_page_before_today) ... ok
check	Compile and run offline checks	2026-10-03T03:23:58.6243574Z test_demo_host_and_no_order_method (test_binance.BinanceTests.test_demo_host_and_no_order_method) ... ok
check	Compile and run offline checks	2026-10-03T03:23:58.6244249Z test_missing_percent_band_blocks_before_the_account_call (test_binance.BinanceTests.test_missing_percent_band_blocks_before_the_account_call) ... ok
check	Compile and run offline checks	2026-10-03T03:23:58.6244974Z test_missing_spot_permission_blocks_before_the_account_call (test_binance.BinanceTests.test_missing_spot_permission_blocks_before_the_account_call) ... ok
check	Compile and run offline checks	2026-10-03T03:23:58.6245484Z test_missing_stop_loss_blocks_before_the_account_call (test_binance.BinanceTests.test_missing_stop_loss_blocks_before_the_account_call) ... ok
check	Compile and run offline checks	2026-10-03T03:23:58.6247218Z test_snapshot_signs_gets_and_checks_uid (test_binance.BinanceTests.test_snapshot_signs_gets_and_checks_uid) ... ok
check	Compile and run offline checks	2026-10-03T03:23:58.6255216Z test_execute_is_blocked_before_config_is_opened (test_cli.CliTests.test_execute_is_blocked_before_config_is_opened) ... ok
check	Compile and run offline checks	2026-10-03T03:23:58.6355287Z test_status_persists_a_failed_observation (test_cli.CliTests.test_status_persists_a_failed_observation) ... ok
check	Compile and run offline checks	2026-10-03T03:23:58.6359518Z test_baseline_joint_rejects_a_selected_budget_with_incumbent_endpoint (test_complete_assessment.CompleteAssessmentTests.test_baseline_joint_rejects_a_selected_budget_with_incumbent_endpoint) ... ok
check	Compile and run offline checks	2026-10-03T03:23:58.6361383Z test_beta_is_distinct_from_residual (test_complete_assessment.CompleteAssessmentTests.test_beta_is_distinct_from_residual) ... ok
check	Compile and run offline checks	2026-10-03T03:23:58.6365072Z test_currency_regressions_use_their_own_btc_returns (test_complete_assessment.CompleteAssessmentTests.test_currency_regressions_use_their_own_btc_returns) ... ok
check	Compile and run offline checks	2026-10-03T03:23:58.6365960Z test_drawdown_keeps_the_initial_budget_in_the_peak (test_complete_assessment.CompleteAssessmentTests.test_drawdown_keeps_the_initial_budget_in_the_peak) ... ok
check	Compile and run offline checks	2026-10-03T03:23:58.6366719Z test_incomplete_baseline_blocks_every_promotion (test_complete_assessment.CompleteAssessmentTests.test_incomplete_baseline_blocks_every_promotion) ... ok
check	Compile and run offline checks	2026-10-03T03:23:58.6367459Z test_one_good_base_cannot_hide_a_stress_regression (test_complete_assessment.CompleteAssessmentTests.test_one_good_base_cannot_hide_a_stress_regression) ... ok
check	Compile and run offline checks	2026-10-03T03:23:58.6372066Z test_selected_joint_requires_matching_actual_budgets_for_both_strategies (test_complete_assessment.CompleteAssessmentTests.test_selected_joint_requires_matching_actual_budgets_for_both_strategies) ... ok
check	Compile and run offline checks	2026-10-03T03:23:58.6379105Z test_rejects_unknown_and_empty_identity (test_config.ConfigTests.test_rejects_unknown_and_empty_identity) ... ok
check	Compile and run offline checks	2026-10-03T03:23:58.6458953Z test_added_capital_and_strategy_mix_are_rejected (test_delivery_exports.DeliveryExportTests.test_added_capital_and_strategy_mix_are_rejected) ... ok
check	Compile and run offline checks	2026-10-03T03:23:58.6529960Z test_complete_fixed_accounts_export_and_input_substitution_is_rejected (test_delivery_exports.DeliveryExportTests.test_complete_fixed_accounts_export_and_input_substitution_is_rejected) ... ok
check	Compile and run offline checks	2026-10-03T03:23:58.6556591Z test_empty_joint_cannot_be_exported_as_complete_delivery (test_delivery_exports.DeliveryExportTests.test_empty_joint_cannot_be_exported_as_complete_delivery) ... ok
check	Compile and run offline checks	2026-10-03T03:23:58.6604194Z test_missing_daily_mark_and_forged_terminal_are_rejected (test_delivery_exports.DeliveryExportTests.test_missing_daily_mark_and_forged_terminal_are_rejected) ... ok
check	Compile and run offline checks	2026-10-03T03:23:58.6900274Z test_backup_reopens_read_only_and_detects_tampering (test_durable_fills.DurableFillTests.test_backup_reopens_read_only_and_detects_tampering) ... ok
check	Compile and run offline checks	2026-10-03T03:23:58.6962623Z test_gap_and_reverse_clock_require_reconciliation (test_durable_fills.DurableFillTests.test_gap_and_reverse_clock_require_reconciliation) ... ok
check	Compile and run offline checks	2026-10-03T03:23:58.7040298Z test_manifest_source_tampering_is_bound_to_backup (test_durable_fills.DurableFillTests.test_manifest_source_tampering_is_bound_to_backup) ... ok
check	Compile and run offline checks	2026-10-03T03:23:58.7108519Z test_mutation_rolls_back_new_fills_and_watermark (test_durable_fills.DurableFillTests.test_mutation_rolls_back_new_fills_and_watermark) ... ok
check	Compile and run offline checks	2026-10-03T03:23:58.7186986Z test_overlap_keeps_late_same_time_id_and_avoids_epoch_query (test_durable_fills.DurableFillTests.test_overlap_keeps_late_same_time_id_and_avoids_epoch_query) ... ok
check	Compile and run offline checks	2026-10-03T03:23:58.7194324Z test_actual_budget_sum_exposure_conservation (test_edge_assessment.CapitalTests.test_actual_budget_sum_exposure_conservation) ... /home/runner/work/spotquant/spotquant/tests/test_edge_assessment.py:259: ResourceWarning: unclosed database in <sqlite3.Connection object at 0x7f034231e110>
check	Compile and run offline checks	2026-10-03T03:23:58.7195453Z   values = [dict(day_ms=d, equity_cny=budget * .998001, equity_usdt=initial,
check	Compile and run offline checks	2026-10-03T03:23:58.7195890Z ResourceWarning: Enable tracemalloc to get the object allocation traceback
check	Compile and run offline checks	2026-10-03T03:23:58.7196568Z /home/runner/work/spotquant/spotquant/tests/test_edge_assessment.py:259: ResourceWarning: unclosed database in <sqlite3.Connection object at 0x7f034231ea70>
check	Compile and run offline checks	2026-10-03T03:23:58.7197460Z   values = [dict(day_ms=d, equity_cny=budget * .998001, equity_usdt=initial,
check	Compile and run offline checks	2026-10-03T03:23:58.7197875Z ResourceWarning: Enable tracemalloc to get the object allocation traceback
check	Compile and run offline checks	2026-10-03T03:23:58.7198800Z /home/runner/work/spotquant/spotquant/tests/test_edge_assessment.py:259: ResourceWarning: unclosed database in <sqlite3.Connection object at 0x7f034231e3e0>
check	Compile and run offline checks	2026-10-03T03:23:58.7199454Z   values = [dict(day_ms=d, equity_cny=budget * .998001, equity_usdt=initial,
check	Compile and run offline checks	2026-10-03T03:23:58.7199871Z ResourceWarning: Enable tracemalloc to get the object allocation traceback
check	Compile and run offline checks	2026-10-03T03:23:58.7200550Z /home/runner/work/spotquant/spotquant/tests/test_edge_assessment.py:259: ResourceWarning: unclosed database in <sqlite3.Connection object at 0x7f034231e6b0>
check	Compile and run offline checks	2026-10-03T03:23:58.7201197Z   values = [dict(day_ms=d, equity_cny=budget * .998001, equity_usdt=initial,
check	Compile and run offline checks	2026-10-03T03:23:58.7201608Z ResourceWarning: Enable tracemalloc to get the object allocation traceback
check	Compile and run offline checks	2026-10-03T03:23:58.7202281Z /home/runner/work/spotquant/spotquant/tests/test_edge_assessment.py:259: ResourceWarning: unclosed database in <sqlite3.Connection object at 0x7f034231fc40>
check	Compile and run offline checks	2026-10-03T03:23:58.7202932Z   values = [dict(day_ms=d, equity_cny=budget * .998001, equity_usdt=initial,
check	Compile and run offline checks	2026-10-03T03:23:58.7203348Z ResourceWarning: Enable tracemalloc to get the object allocation traceback
check	Compile and run offline checks	2026-10-03T03:23:58.7204015Z /home/runner/work/spotquant/spotquant/tests/test_edge_assessment.py:259: ResourceWarning: unclosed database in <sqlite3.Connection object at 0x7f034231fb50>
check	Compile and run offline checks	2026-10-03T03:23:58.7204822Z   values = [dict(day_ms=d, equity_cny=budget * .998001, equity_usdt=initial,
check	Compile and run offline checks	2026-10-03T03:23:58.7205072Z ResourceWarning: Enable tracemalloc to get the object allocation traceback
check	Compile and run offline checks	2026-10-03T03:23:58.7205467Z /home/runner/work/spotquant/spotquant/tests/test_edge_assessment.py:259: ResourceWarning: unclosed database in <sqlite3.Connection object at 0x7f034231f970>
check	Compile and run offline checks	2026-10-03T03:23:58.7205851Z   values = [dict(day_ms=d, equity_cny=budget * .998001, equity_usdt=initial,
check	Compile and run offline checks	2026-10-03T03:23:58.7206099Z ResourceWarning: Enable tracemalloc to get the object allocation traceback
check	Compile and run offline checks	2026-10-03T03:23:58.7545104Z ok
check	Compile and run offline checks	2026-10-03T03:23:58.7612278Z test_wrong_capital_role_daily_alignment_and_curve_scaling_rejected (test_edge_assessment.CapitalTests.test_wrong_capital_role_daily_alignment_and_curve_scaling_rejected) ... ok
check	Compile and run offline checks	2026-10-03T03:23:58.8023906Z test_actual_profile_exact_document_binding (test_edge_assessment.EnvelopeAndPhaseTests.test_actual_profile_exact_document_binding) ... ok
check	Compile and run offline checks	2026-10-03T03:23:58.8033532Z test_consumed_official_bytes_checksum_and_derived_receipts (test_edge_assessment.EnvelopeAndPhaseTests.test_consumed_official_bytes_checksum_and_derived_receipts) ... ok
check	Compile and run offline checks	2026-10-03T03:23:58.8049866Z test_daily_cash_reconstruction_and_terminal_rejection (test_edge_assessment.EnvelopeAndPhaseTests.test_daily_cash_reconstruction_and_terminal_rejection) ... ok
check	Compile and run offline checks	2026-10-03T03:23:58.8075843Z test_duplicate_account_identity_rejected_across_distinct_files (test_edge_assessment.EnvelopeAndPhaseTests.test_duplicate_account_identity_rejected_across_distinct_files) ... ok
check	Compile and run offline checks	2026-10-03T03:23:58.8088742Z test_envelope_source_contract_inputs_and_partial_retention (test_edge_assessment.EnvelopeAndPhaseTests.test_envelope_source_contract_inputs_and_partial_retention) ... ok
check	Compile and run offline checks	2026-10-03T03:23:58.8099954Z test_preliminary_pending_and_final_fail_closed_without_inventory (test_edge_assessment.EnvelopeAndPhaseTests.test_preliminary_pending_and_final_fail_closed_without_inventory) ... ok
check	Compile and run offline checks	2026-10-03T03:23:58.8101647Z test_original_session_clocks_and_outage (test_edge_assessment.EqualityAndSourceTests.test_original_session_clocks_and_outage) ... ok
check	Compile and run offline checks	2026-10-03T03:23:58.8111026Z test_six_groups_and_operating_drift_and_original_annotations (test_edge_assessment.EqualityAndSourceTests.test_six_groups_and_operating_drift_and_original_annotations) ... ok
check	Compile and run offline checks	2026-10-03T03:23:58.8516258Z test_source_committed_tree_digest_contract_and_dirty (test_edge_assessment.EqualityAndSourceTests.test_source_committed_tree_digest_contract_and_dirty) ... ok
check	Compile and run offline checks	2026-10-03T03:24:05.5179416Z test_actual_calibrated_and_coin_strict_mdd_exact_boundaries (test_edge_assessment.FinancialReviewCoverageTests.test_actual_calibrated_and_coin_strict_mdd_exact_boundaries) ... ok
check	Compile and run offline checks	2026-10-03T03:24:06.8383188Z test_complete_roundtrip_and_correct_negative_candidates (test_edge_assessment.FinancialReviewCoverageTests.test_complete_roundtrip_and_correct_negative_candidates) ... ok
check	Compile and run offline checks	2026-10-03T03:24:06.9029088Z test_exact_gate_input_schema_finite_and_raw_binding (test_edge_assessment.FinancialReviewCoverageTests.test_exact_gate_input_schema_finite_and_raw_binding) ... ok
check	Compile and run offline checks	2026-10-03T03:24:11.9139213Z test_exact_negative_mdd_complete_proof_roundtrip (test_edge_assessment.FinancialReviewCoverageTests.test_exact_negative_mdd_complete_proof_roundtrip) ... ok
check	Compile and run offline checks	2026-10-03T03:24:28.9846238Z test_missing_each_category_duplicate_unknown_failed_and_wrong_raw (test_edge_assessment.FinancialReviewCoverageTests.test_missing_each_category_duplicate_unknown_failed_and_wrong_raw) ... ok
check	Compile and run offline checks	2026-10-03T03:24:32.0562789Z test_typed_finite_and_exact_evidence_binding (test_edge_assessment.FinancialReviewCoverageTests.test_typed_finite_and_exact_evidence_binding) ... ok
check	Compile and run offline checks	2026-10-03T03:24:32.1027697Z test_combo_all_eligible_order_ties_no_controls (test_edge_assessment.InventoryTests.test_combo_all_eligible_order_ties_no_controls) ... ok
check	Compile and run offline checks	2026-10-03T03:24:32.1028849Z test_full_matrix_includes_losing_singles_risk_controls_offsets_budgets (test_edge_assessment.InventoryTests.test_full_matrix_includes_losing_singles_risk_controls_offsets_budgets) ... ok
check	Compile and run offline checks	2026-10-03T03:24:32.1074020Z test_manifest_hash_nested_duplicate_and_original_envelope (test_edge_assessment.InventoryTests.test_manifest_hash_nested_duplicate_and_original_envelope) ... ok
check	Compile and run offline checks	2026-10-03T03:24:32.1083801Z test_strict_json_and_exclusive_outputs (test_edge_assessment.InventoryTests.test_strict_json_and_exclusive_outputs) ... ok
check	Compile and run offline checks	2026-10-03T03:24:32.1103691Z test_already_flat_but_unreflected_cash_change_rejected (test_edge_assessment.MissingDailyEvidenceTests.test_already_flat_but_unreflected_cash_change_rejected) ... ok
check	Compile and run offline checks	2026-10-03T03:24:32.1311353Z test_genuine_eventless_flat_carry_and_verified_intraday_flat (test_edge_assessment.MissingDailyEvidenceTests.test_genuine_eventless_flat_carry_and_verified_intraday_flat) ... ok
check	Compile and run offline checks	2026-10-03T03:24:32.1326500Z test_perp_midnight_funding_before_same_stamp_fill_preserved (test_edge_assessment.MissingDailyEvidenceTests.test_perp_midnight_funding_before_same_stamp_fill_preserved) ... ok
check	Compile and run offline checks	2026-10-03T03:24:32.1343043Z test_terminal_only_missing_held_day_rejected (test_edge_assessment.MissingDailyEvidenceTests.test_terminal_only_missing_held_day_rejected) ... ok
check	Compile and run offline checks	2026-10-03T03:24:32.1344963Z test_cash_identifiable_and_degenerate_market (test_edge_assessment.RiskAndGateTests.test_cash_identifiable_and_degenerate_market) ... ok
check	Compile and run offline checks	2026-10-03T03:24:32.1346401Z test_es99_ceil_and_sign (test_edge_assessment.RiskAndGateTests.test_es99_ceil_and_sign) ... ok
check	Compile and run offline checks	2026-10-03T03:24:32.1348275Z test_exact_adoption_equality_and_just_fail (test_edge_assessment.RiskAndGateTests.test_exact_adoption_equality_and_just_fail) ... ok
check	Compile and run offline checks	2026-10-03T03:24:32.1349156Z test_perp_strict_mdd_and_actual_risk_only_fallback (test_edge_assessment.RiskAndGateTests.test_perp_strict_mdd_and_actual_risk_only_fallback) ... ok
check	Compile and run offline checks	2026-10-03T03:24:32.1707279Z test_profile_schema_scale_raw_binding_and_unity (test_edge_assessment.RiskAndGateTests.test_profile_schema_scale_raw_binding_and_unity) ... ok
check	Compile and run offline checks	2026-10-03T03:24:32.3203537Z test_training_only_future_perturbation_exact_731_and_project_separation (test_edge_assessment.RiskAndGateTests.test_training_only_future_perturbation_exact_731_and_project_separation) ... ok
check	Compile and run offline checks	2026-10-03T03:24:32.3206534Z test_actual_stop_versus_sma_and_price_opportunity_is_not_profit (test_edge_attribution.AttributionTests.test_actual_stop_versus_sma_and_price_opportunity_is_not_profit) ... ok
check	Compile and run offline checks	2026-10-03T03:24:32.3208535Z test_decision_action_reason_and_error_preserve_later_summary_provenance (test_edge_attribution.AttributionTests.test_decision_action_reason_and_error_preserve_later_summary_provenance) ... ok
check	Compile and run offline checks	2026-10-03T03:24:32.3210505Z test_decision_constraint_summary_is_attributed_at_actual_later_sizing (test_edge_attribution.AttributionTests.test_decision_constraint_summary_is_attributed_at_actual_later_sizing) ... ok
check	Compile and run offline checks	2026-10-03T03:24:32.3214086Z test_extended_other_and_tampered_rich_fill (test_edge_attribution.AttributionTests.test_extended_other_and_tampered_rich_fill) ... ok
check	Compile and run offline checks	2026-10-03T03:24:32.3215249Z test_first_difference_and_later_equity_propagation_are_distinct (test_edge_attribution.AttributionTests.test_first_difference_and_later_equity_propagation_are_distinct) ... ok
check	Compile and run offline checks	2026-10-03T03:24:32.3228150Z test_hash_mismatch_duplicate_json_and_output_overwrite_fail_closed (test_edge_attribution.AttributionTests.test_hash_mismatch_duplicate_json_and_output_overwrite_fail_closed) ... ok
check	Compile and run offline checks	2026-10-03T03:24:32.3229412Z test_initialization_valuation_is_not_an_elapsed_flat_day (test_edge_attribution.AttributionTests.test_initialization_valuation_is_not_an_elapsed_flat_day) ... ok
check	Compile and run offline checks	2026-10-03T03:24:32.3231286Z test_macro_context_pairing_retains_distinct_actual_identities (test_edge_attribution.AttributionTests.test_macro_context_pairing_retains_distinct_actual_identities) ... ok
check	Compile and run offline checks	2026-10-03T03:24:32.3233269Z test_missing_fill_reason_or_owner_stays_unknown (test_edge_attribution.AttributionTests.test_missing_fill_reason_or_owner_stays_unknown) ... ok
check	Compile and run offline checks	2026-10-03T03:24:32.3234312Z test_mixed_observations_and_prior_equity_remain_unisolated (test_edge_attribution.AttributionTests.test_mixed_observations_and_prior_equity_remain_unisolated) ... ok
check	Compile and run offline checks	2026-10-03T03:24:32.3235342Z test_partial_sell_does_not_create_flat_campaign (test_edge_attribution.AttributionTests.test_partial_sell_does_not_create_flat_campaign) ... ok
check	Compile and run offline checks	2026-10-03T03:24:32.3236387Z test_post_execution_summary_cannot_precede_actual_cause (test_edge_attribution.AttributionTests.test_post_execution_summary_cannot_precede_actual_cause) ... ok
check	Compile and run offline checks	2026-10-03T03:24:32.3237557Z test_retained_dust_is_owned_and_not_exact_account_zero (test_edge_attribution.AttributionTests.test_retained_dust_is_owned_and_not_exact_account_zero) ... ok
check	Compile and run offline checks	2026-10-03T03:24:32.3238666Z test_same_opportunity_retains_raw_timing_numeric_and_rounding_differences (test_edge_attribution.AttributionTests.test_same_opportunity_retains_raw_timing_numeric_and_rounding_differences) ... ok
check	Compile and run offline checks	2026-10-03T03:24:32.3240974Z test_topup_exit_timeout_and_unavailable_event_categories (test_edge_attribution.AttributionTests.test_topup_exit_timeout_and_unavailable_event_categories) ... ok
check	Compile and run offline checks	2026-10-03T03:24:32.3241852Z test_unlinked_coin_fill_does_not_inherit_nearest_opportunity (test_edge_attribution.AttributionTests.test_unlinked_coin_fill_does_not_inherit_nearest_opportunity) ... ok
check	Compile and run offline checks	2026-10-03T03:24:32.3242453Z test_write_quantity_is_requested_size_with_unknown_upstream_cause (test_edge_attribution.AttributionTests.test_write_quantity_is_requested_size_with_unknown_upstream_cause) ... ok
check	Compile and run offline checks	2026-10-03T03:24:32.3244045Z test_changed_registered_raw_rejects_before_market_verification (test_edge_features.BuilderTests.test_changed_registered_raw_rejects_before_market_verification) ... ok
check	Compile and run offline checks	2026-10-03T03:24:32.3253883Z test_existing_output_rejects_before_build_and_keeps_bytes (test_edge_features.BuilderTests.test_existing_output_rejects_before_build_and_keeps_bytes) ... ok
check	Compile and run offline checks	2026-10-03T03:24:32.3260468Z test_invalid_transformed_data_rejects_before_output_creation (test_edge_features.BuilderTests.test_invalid_transformed_data_rejects_before_output_creation) ... ok
check	Compile and run offline checks	2026-10-03T03:24:32.3267061Z test_official_archive_requires_matching_companion_and_expected_hash (test_edge_features.BuilderTests.test_official_archive_requires_matching_companion_and_expected_hash) ... ok
check	Compile and run offline checks	2026-10-03T03:24:32.3281747Z test_validated_output_is_exclusive_and_reader_compatible (test_edge_features.BuilderTests.test_validated_output_is_exclusive_and_reader_compatible) ... ok
check	Compile and run offline checks	2026-10-03T03:24:32.3285931Z test_basis_before_at_and_current_utc_availability_date (test_edge_features.FeatureTests.test_basis_before_at_and_current_utc_availability_date) ... ok
check	Compile and run offline checks	2026-10-03T03:24:32.3296945Z test_coverage_is_recomputed_and_tracks_exact_jitter_gap (test_edge_features.FeatureTests.test_coverage_is_recomputed_and_tracks_exact_jitter_gap) ... ok
check	Compile and run offline checks	2026-10-03T03:24:32.3310533Z test_duplicate_json_keys_and_nonfinite_json_numbers_reject (test_edge_features.FeatureTests.test_duplicate_json_keys_and_nonfinite_json_numbers_reject) ... ok
check	Compile and run offline checks	2026-10-03T03:24:32.3313852Z test_empty_features_are_missing_never_zero (test_edge_features.FeatureTests.test_empty_features_are_missing_never_zero) ... ok
check	Compile and run offline checks	2026-10-03T03:24:32.3336550Z test_file_content_and_source_identity_checks (test_edge_features.FeatureTests.test_file_content_and_source_identity_checks) ... ok
check	Compile and run offline checks	2026-10-03T03:24:32.3340399Z test_frozen_window_blocks_valid_tail_and_before_window (test_edge_features.FeatureTests.test_frozen_window_blocks_valid_tail_and_before_window) ... ok
check	Compile and run offline checks	2026-10-03T03:24:32.3343884Z test_funding_before_at_and_exact_expiry_with_negative_rate (test_edge_features.FeatureTests.test_funding_before_at_and_exact_expiry_with_negative_rate) ... ok
check	Compile and run offline checks	2026-10-03T03:24:32.3351652Z test_future_tail_perturbation_cannot_change_prior_decisions (test_edge_features.FeatureTests.test_future_tail_perturbation_cannot_change_prior_decisions) ... ok
check	Compile and run offline checks	2026-10-03T03:24:32.3374273Z test_invalid_and_nonfinite_decimal_values (test_edge_features.FeatureTests.test_invalid_and_nonfinite_decimal_values) ... ok
check	Compile and run offline checks	2026-10-03T03:24:32.3386886Z test_invalid_container_shapes_reject (test_edge_features.FeatureTests.test_invalid_container_shapes_reject) ... ok
check	Compile and run offline checks	2026-10-03T03:24:32.3390608Z test_invalid_lookup_names_and_times_reject (test_edge_features.FeatureTests.test_invalid_lookup_names_and_times_reject) ... ok
check	Compile and run offline checks	2026-10-03T03:24:32.3438577Z test_invalid_time_lag_boundary_and_order_records (test_edge_features.FeatureTests.test_invalid_time_lag_boundary_and_order_records) ... ok
check	Compile and run offline checks	2026-10-03T03:24:32.3442453Z test_lookup_journal_binds_input_sources_and_missing_cause (test_edge_features.FeatureTests.test_lookup_journal_binds_input_sources_and_missing_cause) ... ok
check	Compile and run offline checks	2026-10-03T03:24:32.3446024Z test_missing_day_is_explicit_and_cannot_carry_yesterdays_basis (test_edge_features.FeatureTests.test_missing_day_is_explicit_and_cannot_carry_yesterdays_basis) ... ok
check	Compile and run offline checks	2026-10-03T03:24:32.3460330Z test_null_requires_cause_and_known_value_cannot_have_one (test_edge_features.FeatureTests.test_null_requires_cause_and_known_value_cannot_have_one) ... ok
check	Compile and run offline checks	2026-10-03T03:24:32.3463183Z test_registered_rules_are_finite_and_project_bound (test_edge_features.FeatureTests.test_registered_rules_are_finite_and_project_bound) ... ok
check	Compile and run offline checks	2026-10-03T03:24:32.3466891Z test_settlement_jitter_is_not_repaired_or_tolerated (test_edge_features.FeatureTests.test_settlement_jitter_is_not_repaired_or_tolerated) ... ok
check	Compile and run offline checks	2026-10-03T03:24:32.5440335Z test_active_substep_partial_fill_does_not_authorize_a_topup (test_edge_spot.EdgeSpotTests.test_active_substep_partial_fill_does_not_authorize_a_topup) ... ok
check	Compile and run offline checks	2026-10-03T03:24:32.5472909Z test_calibration_all_profiles_strict_fields_kind_boundaries_duplicate (test_edge_spot.EdgeSpotTests.test_calibration_all_profiles_strict_fields_kind_boundaries_duplicate) ... ok
check	Compile and run offline checks	2026-10-03T03:24:32.5696776Z test_crowding_strict_actual_clock_momentum_and_missing_safety (test_edge_spot.EdgeSpotTests.test_crowding_strict_actual_clock_momentum_and_missing_safety) ... ok
check	Compile and run offline checks	2026-10-03T03:24:32.5935914Z test_exit_confirmation_preserves_bearish_vote_and_safety_priority (test_edge_spot.EdgeSpotTests.test_exit_confirmation_preserves_bearish_vote_and_safety_priority) ... ok
check	Compile and run offline checks	2026-10-03T03:24:32.6140998Z test_hooks_restored_on_decision_and_measurement_failure (test_edge_spot.EdgeSpotTests.test_hooks_restored_on_decision_and_measurement_failure) ... ok
check	Compile and run offline checks	2026-10-03T03:24:32.6172977Z test_previous_sma_uses_its_own_completed_window_and_equality_is_below (test_edge_spot.EdgeSpotTests.test_previous_sma_uses_its_own_completed_window_and_equality_is_below) ... ok
check	Compile and run offline checks	2026-10-03T03:24:32.9755282Z {"candidate": "cash", "scenario": "base", "session": 0}
check	Compile and run offline checks	2026-10-03T03:24:33.0360155Z test_real_cash_and_two_protected_controls_fees_stop_no_same_day_reentry (test_edge_spot.EdgeSpotTests.test_real_cash_and_two_protected_controls_fees_stop_no_same_day_reentry) ... /home/runner/work/spotquant/spotquant/spotquant/model.py:350: ResourceWarning: unclosed database in <sqlite3.Connection object at 0x7f034231e200>
check	Compile and run offline checks	2026-10-03T03:24:33.0361920Z   model.closes = deque((D(item) for item in body['closes']), maxlen=limit)
check	Compile and run offline checks	2026-10-03T03:24:33.0362365Z ResourceWarning: Enable tracemalloc to get the object allocation traceback
check	Compile and run offline checks	2026-10-03T03:24:33.0363042Z /home/runner/work/spotquant/spotquant/spotquant/model.py:350: ResourceWarning: unclosed database in <sqlite3.Connection object at 0x7f034264b790>
check	Compile and run offline checks	2026-10-03T03:24:33.0363651Z   model.closes = deque((D(item) for item in body['closes']), maxlen=limit)
check	Compile and run offline checks	2026-10-03T03:24:33.0363947Z ResourceWarning: Enable tracemalloc to get the object allocation traceback
check	Compile and run offline checks	2026-10-03T03:24:33.3997046Z /home/runner/work/spotquant/spotquant/spotquant/state.py:90: ResourceWarning: unclosed database in <sqlite3.Connection object at 0x7f034264b790>
check	Compile and run offline checks	2026-10-03T03:24:33.3998047Z   row = self.db.execute('SELECT value FROM meta WHERE key=?', (key,)).fetchone()
check	Compile and run offline checks	2026-10-03T03:24:33.3998577Z ResourceWarning: Enable tracemalloc to get the object allocation traceback
check	Compile and run offline checks	2026-10-03T03:24:33.3999246Z /home/runner/work/spotquant/spotquant/spotquant/state.py:90: ResourceWarning: unclosed database in <sqlite3.Connection object at 0x7f0342939d50>
check	Compile and run offline checks	2026-10-03T03:24:33.3999920Z   row = self.db.execute('SELECT value FROM meta WHERE key=?', (key,)).fetchone()
check	Compile and run offline checks	2026-10-03T03:24:33.4000667Z ResourceWarning: Enable tracemalloc to get the object allocation traceback
check	Compile and run offline checks	2026-10-03T03:24:33.8650511Z /home/runner/work/spotquant/spotquant/spotquant/model.py:213: ResourceWarning: unclosed database in <sqlite3.Connection object at 0x7f034264b790>
check	Compile and run offline checks	2026-10-03T03:24:33.8650989Z   yday <= D(1) - self.cap_drop
check	Compile and run offline checks	2026-10-03T03:24:33.8651200Z ResourceWarning: Enable tracemalloc to get the object allocation traceback
check	Compile and run offline checks	2026-10-03T03:24:33.8651605Z /home/runner/work/spotquant/spotquant/spotquant/model.py:213: ResourceWarning: unclosed database in <sqlite3.Connection object at 0x7f0342939b70>
check	Compile and run offline checks	2026-10-03T03:24:33.8651976Z   yday <= D(1) - self.cap_drop
check	Compile and run offline checks	2026-10-03T03:24:33.8652168Z ResourceWarning: Enable tracemalloc to get the object allocation traceback
check	Compile and run offline checks	2026-10-03T03:24:34.1996433Z /home/runner/work/spotquant/spotquant/spotquant/state.py:90: ResourceWarning: unclosed database in <sqlite3.Connection object at 0x7f0342939b70>
check	Compile and run offline checks	2026-10-03T03:24:34.1996965Z   row = self.db.execute('SELECT value FROM meta WHERE key=?', (key,)).fetchone()
check	Compile and run offline checks	2026-10-03T03:24:34.1997380Z ResourceWarning: Enable tracemalloc to get the object allocation traceback
check	Compile and run offline checks	2026-10-03T03:24:34.5648651Z /home/runner/work/spotquant/spotquant/spotquant/types.py:46: ResourceWarning: unclosed database in <sqlite3.Connection object at 0x7f0342939b70>
check	Compile and run offline checks	2026-10-03T03:24:34.5649131Z   return {str(key): serial(item) for key, item in value.items()}
check	Compile and run offline checks	2026-10-03T03:24:34.5649398Z ResourceWarning: Enable tracemalloc to get the object allocation traceback
check	Compile and run offline checks	2026-10-03T03:24:34.5649808Z /home/runner/work/spotquant/spotquant/spotquant/types.py:46: ResourceWarning: unclosed database in <sqlite3.Connection object at 0x7f0342939d50>
check	Compile and run offline checks	2026-10-03T03:24:34.5650215Z   return {str(key): serial(item) for key, item in value.items()}
check	Compile and run offline checks	2026-10-03T03:24:34.5650464Z ResourceWarning: Enable tracemalloc to get the object allocation traceback
check	Compile and run offline checks	2026-10-03T03:24:34.9287392Z {"candidate": "protected-participation-25", "scenario": "base", "session": 0}
check	Compile and run offline checks	2026-10-03T03:24:34.9415590Z /home/runner/work/spotquant/spotquant/spotquant/model.py:233: ResourceWarning: unclosed database in <sqlite3.Connection object at 0x7f034231e200>
check	Compile and run offline checks	2026-10-03T03:24:34.9416048Z   self.true_ranges.append((open_time, max(high - low, abs(high - self.close), abs(low - self.close))))
check	Compile and run offline checks	2026-10-03T03:24:34.9416380Z ResourceWarning: Enable tracemalloc to get the object allocation traceback
check	Compile and run offline checks	2026-10-03T03:24:34.9416795Z /home/runner/work/spotquant/spotquant/spotquant/model.py:233: ResourceWarning: unclosed database in <sqlite3.Connection object at 0x7f034264b790>
check	Compile and run offline checks	2026-10-03T03:24:34.9417409Z   self.true_ranges.append((open_time, max(high - low, abs(high - self.close), abs(low - self.close))))
check	Compile and run offline checks	2026-10-03T03:24:34.9417917Z ResourceWarning: Enable tracemalloc to get the object allocation traceback
check	Compile and run offline checks	2026-10-03T03:24:35.4000416Z /home/runner/work/spotquant/spotquant/spotquant/model.py:350: ResourceWarning: unclosed database in <sqlite3.Connection object at 0x7f03429dcb80>
check	Compile and run offline checks	2026-10-03T03:24:35.4001006Z   model.closes = deque((D(item) for item in body['closes']), maxlen=limit)
check	Compile and run offline checks	2026-10-03T03:24:35.4001280Z ResourceWarning: Enable tracemalloc to get the object allocation traceback
check	Compile and run offline checks	2026-10-03T03:24:35.4001681Z /home/runner/work/spotquant/spotquant/spotquant/model.py:350: ResourceWarning: unclosed database in <sqlite3.Connection object at 0x7f03429df6a0>
check	Compile and run offline checks	2026-10-03T03:24:35.4002055Z   model.closes = deque((D(item) for item in body['closes']), maxlen=limit)
check	Compile and run offline checks	2026-10-03T03:24:35.4017783Z ResourceWarning: Enable tracemalloc to get the object allocation traceback
check	Compile and run offline checks	2026-10-03T03:24:35.8474740Z /home/runner/work/spotquant/spotquant/spotquant/model.py:350: ResourceWarning: unclosed database in <sqlite3.Connection object at 0x7f034264b790>
check	Compile and run offline checks	2026-10-03T03:24:35.8475277Z   model.closes = deque((D(item) for item in body['closes']), maxlen=limit)
check	Compile and run offline checks	2026-10-03T03:24:35.8475564Z ResourceWarning: Enable tracemalloc to get the object allocation traceback
check	Compile and run offline checks	2026-10-03T03:24:36.7823367Z /home/runner/work/spotquant/spotquant/spotquant/types.py:46: ResourceWarning: unclosed database in <sqlite3.Connection object at 0x7f03429dcb80>
check	Compile and run offline checks	2026-10-03T03:24:36.7824048Z   return {str(key): serial(item) for key, item in value.items()}
check	Compile and run offline checks	2026-10-03T03:24:36.7824301Z ResourceWarning: Enable tracemalloc to get the object allocation traceback
check	Compile and run offline checks	2026-10-03T03:24:36.7824695Z /home/runner/work/spotquant/spotquant/spotquant/types.py:46: ResourceWarning: unclosed database in <sqlite3.Connection object at 0x7f034264b790>
check	Compile and run offline checks	2026-10-03T03:24:36.7825055Z   return {str(key): serial(item) for key, item in value.items()}
check	Compile and run offline checks	2026-10-03T03:24:36.7825293Z ResourceWarning: Enable tracemalloc to get the object allocation traceback
check	Compile and run offline checks	2026-10-03T03:24:37.1763888Z {"candidate": "protected-participation-100", "scenario": "base", "session": 0}
check	Compile and run offline checks	2026-10-03T03:24:37.1971314Z /home/runner/work/spotquant/spotquant/spotquant/model.py:189: ResourceWarning: unclosed database in <sqlite3.Connection object at 0x7f0342939d50>
check	Compile and run offline checks	2026-10-03T03:24:37.1971931Z   sma = sum(window, D(0)) / self.sma_window
check	Compile and run offline checks	2026-10-03T03:24:37.1972332Z ResourceWarning: Enable tracemalloc to get the object allocation traceback
check	Compile and run offline checks	2026-10-03T03:24:37.1972956Z /home/runner/work/spotquant/spotquant/spotquant/model.py:189: ResourceWarning: unclosed database in <sqlite3.Connection object at 0x7f034264b790>
check	Compile and run offline checks	2026-10-03T03:24:37.1973486Z   sma = sum(window, D(0)) / self.sma_window
check	Compile and run offline checks	2026-10-03T03:24:37.1973803Z ResourceWarning: Enable tracemalloc to get the object allocation traceback
check	Compile and run offline checks	2026-10-03T03:24:37.6393080Z /home/runner/work/spotquant/spotquant/spotquant/model.py:350: ResourceWarning: unclosed database in <sqlite3.Connection object at 0x7f03429dcb80>
check	Compile and run offline checks	2026-10-03T03:24:37.6393903Z   model.closes = deque((D(item) for item in body['closes']), maxlen=limit)
check	Compile and run offline checks	2026-10-03T03:24:37.6394360Z ResourceWarning: Enable tracemalloc to get the object allocation traceback
check	Compile and run offline checks	2026-10-03T03:24:37.6395056Z /home/runner/work/spotquant/spotquant/spotquant/model.py:350: ResourceWarning: unclosed database in <sqlite3.Connection object at 0x7f03429df6a0>
check	Compile and run offline checks	2026-10-03T03:24:37.6395727Z   model.closes = deque((D(item) for item in body['closes']), maxlen=limit)
check	Compile and run offline checks	2026-10-03T03:24:37.6396176Z ResourceWarning: Enable tracemalloc to get the object allocation traceback
check	Compile and run offline checks	2026-10-03T03:24:38.0908696Z /home/runner/work/spotquant/spotquant/spotquant/model.py:350: ResourceWarning: unclosed database in <sqlite3.Connection object at 0x7f034264b790>
check	Compile and run offline checks	2026-10-03T03:24:38.0909189Z   model.closes = deque((D(item) for item in body['closes']), maxlen=limit)
check	Compile and run offline checks	2026-10-03T03:24:38.0909467Z ResourceWarning: Enable tracemalloc to get the object allocation traceback
check	Compile and run offline checks	2026-10-03T03:24:39.0238242Z /home/runner/work/spotquant/spotquant/spotquant/types.py:46: ResourceWarning: unclosed database in <sqlite3.Connection object at 0x7f03429dcb80>
check	Compile and run offline checks	2026-10-03T03:24:39.0239125Z   return {str(key): serial(item) for key, item in value.items()}
check	Compile and run offline checks	2026-10-03T03:24:39.0239491Z ResourceWarning: Enable tracemalloc to get the object allocation traceback
check	Compile and run offline checks	2026-10-03T03:24:39.0240126Z /home/runner/work/spotquant/spotquant/spotquant/types.py:46: ResourceWarning: unclosed database in <sqlite3.Connection object at 0x7f034264b790>
check	Compile and run offline checks	2026-10-03T03:24:39.0240670Z   return {str(key): serial(item) for key, item in value.items()}
check	Compile and run offline checks	2026-10-03T03:24:39.0241058Z ResourceWarning: Enable tracemalloc to get the object allocation traceback
check	Compile and run offline checks	2026-10-03T03:24:39.0255547Z ok
check	Compile and run offline checks	2026-10-03T03:24:39.0717736Z test_registered_components_and_minimum_rounding (test_edge_spot.EdgeSpotTests.test_registered_components_and_minimum_rounding) ... ok
check	Compile and run offline checks	2026-10-03T03:24:39.1521982Z test_risk_cutoff_and_held_protections_untouched (test_edge_spot.EdgeSpotTests.test_risk_cutoff_and_held_protections_untouched) ... ok
check	Compile and run offline checks	2026-10-03T03:24:39.2914367Z test_state_rule_checkpoint_profile_reject_before_recover_spy (test_edge_spot.EdgeSpotTests.test_state_rule_checkpoint_profile_reject_before_recover_spy) ... ok
check	Compile and run offline checks	2026-10-03T03:24:39.3343465Z test_stop_budget_caps_original_proposal_accounts_fees_and_blocks_missing (test_edge_spot.EdgeSpotTests.test_stop_budget_caps_original_proposal_accounts_fees_and_blocks_missing) ... ok
check	Compile and run offline checks	2026-10-03T03:24:39.3346661Z test_stop_risk_aggregates_allocated_sleeves_and_rounding_dust (test_edge_spot.EdgeSpotTests.test_stop_risk_aggregates_allocated_sleeves_and_rounding_dust) ... ok
check	Compile and run offline checks	2026-10-03T03:24:39.7050530Z {"candidate": "atr-stop", "scenario": "base", "session": 0}
check	Compile and run offline checks	2026-10-03T03:24:39.7292032Z test_unity_baseline_all_six_original_groups_and_budget (test_edge_spot.EdgeSpotTests.test_unity_baseline_all_six_original_groups_and_budget) ... /home/runner/work/spotquant/spotquant/spotquant/model.py:350: ResourceWarning: unclosed database in <sqlite3.Connection object at 0x7f034231dd50>
check	Compile and run offline checks	2026-10-03T03:24:39.7292903Z   model.closes = deque((D(item) for item in body['closes']), maxlen=limit)
check	Compile and run offline checks	2026-10-03T03:24:39.7293176Z ResourceWarning: Enable tracemalloc to get the object allocation traceback
check	Compile and run offline checks	2026-10-03T03:24:39.7293568Z /home/runner/work/spotquant/spotquant/spotquant/model.py:350: ResourceWarning: unclosed database in <sqlite3.Connection object at 0x7f03423daf20>
check	Compile and run offline checks	2026-10-03T03:24:39.7293956Z   model.closes = deque((D(item) for item in body['closes']), maxlen=limit)
check	Compile and run offline checks	2026-10-03T03:24:39.7294216Z ResourceWarning: Enable tracemalloc to get the object allocation traceback
check	Compile and run offline checks	2026-10-03T03:24:40.0446379Z /home/runner/work/spotquant/spotquant/spotquant/model.py:233: ResourceWarning: unclosed database in <sqlite3.Connection object at 0x7f03423daf20>
check	Compile and run offline checks	2026-10-03T03:24:40.0446912Z   self.true_ranges.append((open_time, max(high - low, abs(high - self.close), abs(low - self.close))))
check	Compile and run offline checks	2026-10-03T03:24:40.0447407Z ResourceWarning: Enable tracemalloc to get the object allocation traceback
check	Compile and run offline checks	2026-10-03T03:24:40.0447813Z /home/runner/work/spotquant/spotquant/spotquant/model.py:233: ResourceWarning: unclosed database in <sqlite3.Connection object at 0x7f03423dad40>
check	Compile and run offline checks	2026-10-03T03:24:40.0448273Z   self.true_ranges.append((open_time, max(high - low, abs(high - self.close), abs(low - self.close))))
check	Compile and run offline checks	2026-10-03T03:24:40.0448578Z ResourceWarning: Enable tracemalloc to get the object allocation traceback
check	Compile and run offline checks	2026-10-03T03:24:40.5507274Z /opt/hostedtoolcache/Python/3.13.15/x64/lib/python3.13/json/encoder.py:254: ResourceWarning: unclosed database in <sqlite3.Connection object at 0x7f034264b790>
check	Compile and run offline checks	2026-10-03T03:24:40.5507974Z   _iterencode = c_make_encoder(
check	Compile and run offline checks	2026-10-03T03:24:40.5508200Z ResourceWarning: Enable tracemalloc to get the object allocation traceback
check	Compile and run offline checks	2026-10-03T03:24:40.5508632Z /opt/hostedtoolcache/Python/3.13.15/x64/lib/python3.13/json/encoder.py:254: ResourceWarning: unclosed database in <sqlite3.Connection object at 0x7f034231dd50>
check	Compile and run offline checks	2026-10-03T03:24:40.5508994Z   _iterencode = c_make_encoder(
check	Compile and run offline checks	2026-10-03T03:24:40.5509305Z ResourceWarning: Enable tracemalloc to get the object allocation traceback
check	Compile and run offline checks	2026-10-03T03:24:40.8130047Z {"candidate": "atr-stop", "scenario": "base", "session": 0}
check	Compile and run offline checks	2026-10-03T03:24:40.8159832Z /home/runner/work/spotquant/spotquant/spotquant/model.py:213: ResourceWarning: unclosed database in <sqlite3.Connection object at 0x7f034231dd50>
check	Compile and run offline checks	2026-10-03T03:24:40.8160468Z   yday <= D(1) - self.cap_drop
check	Compile and run offline checks	2026-10-03T03:24:40.8160863Z ResourceWarning: Enable tracemalloc to get the object allocation traceback
check	Compile and run offline checks	2026-10-03T03:24:40.8161550Z /home/runner/work/spotquant/spotquant/spotquant/model.py:213: ResourceWarning: unclosed database in <sqlite3.Connection object at 0x7f034264b790>
check	Compile and run offline checks	2026-10-03T03:24:40.8162124Z   yday <= D(1) - self.cap_drop
check	Compile and run offline checks	2026-10-03T03:24:40.8162449Z ResourceWarning: Enable tracemalloc to get the object allocation traceback
check	Compile and run offline checks	2026-10-03T03:24:41.5783233Z /home/runner/work/spotquant/spotquant/spotquant/model.py:233: ResourceWarning: unclosed database in <sqlite3.Connection object at 0x7f034264b790>
check	Compile and run offline checks	2026-10-03T03:24:41.5783804Z   self.true_ranges.append((open_time, max(high - low, abs(high - self.close), abs(low - self.close))))
check	Compile and run offline checks	2026-10-03T03:24:41.5784124Z ResourceWarning: Enable tracemalloc to get the object allocation traceback
check	Compile and run offline checks	2026-10-03T03:24:41.8980734Z {"candidate": "atr-stop", "scenario": "base", "session": 0}
check	Compile and run offline checks	2026-10-03T03:24:41.9177731Z /home/runner/work/spotquant/spotquant/spotquant/model.py:350: ResourceWarning: unclosed database in <sqlite3.Connection object at 0x7f034264b790>
check	Compile and run offline checks	2026-10-03T03:24:41.9178842Z   model.closes = deque((D(item) for item in body['closes']), maxlen=limit)
check	Compile and run offline checks	2026-10-03T03:24:41.9179287Z ResourceWarning: Enable tracemalloc to get the object allocation traceback
check	Compile and run offline checks	2026-10-03T03:24:41.9179967Z /home/runner/work/spotquant/spotquant/spotquant/model.py:350: ResourceWarning: unclosed database in <sqlite3.Connection object at 0x7f03429df6a0>
check	Compile and run offline checks	2026-10-03T03:24:41.9180634Z   model.closes = deque((D(item) for item in body['closes']), maxlen=limit)
check	Compile and run offline checks	2026-10-03T03:24:41.9181067Z ResourceWarning: Enable tracemalloc to get the object allocation traceback
check	Compile and run offline checks	2026-10-03T03:24:42.2868143Z /home/runner/work/spotquant/spotquant/spotquant/model.py:233: ResourceWarning: unclosed database in <sqlite3.Connection object at 0x7f03423da980>
check	Compile and run offline checks	2026-10-03T03:24:42.2868711Z   self.true_ranges.append((open_time, max(high - low, abs(high - self.close), abs(low - self.close))))
check	Compile and run offline checks	2026-10-03T03:24:42.2869095Z ResourceWarning: Enable tracemalloc to get the object allocation traceback
check	Compile and run offline checks	2026-10-03T03:24:42.7190326Z ok
check	Compile and run offline checks	2026-10-03T03:24:42.7191228Z test_a_balance_that_is_not_the_buy_is_unknown (test_follow.FollowTests.test_a_balance_that_is_not_the_buy_is_unknown) ... ok
check	Compile and run offline checks	2026-10-03T03:24:42.7191929Z test_a_full_transfer_out_with_no_sell_is_unknown (test_follow.FollowTests.test_a_full_transfer_out_with_no_sell_is_unknown) ... ok
check	Compile and run offline checks	2026-10-03T03:24:42.7192614Z test_a_pre_fill_wick_does_not_raise_the_peak (test_follow.FollowTests.test_a_pre_fill_wick_does_not_raise_the_peak) ... ok
check	Compile and run offline checks	2026-10-03T03:24:42.7193333Z test_a_sell_already_accounted_for_is_not_counted_twice (test_follow.FollowTests.test_a_sell_already_accounted_for_is_not_counted_twice) ... ok
check	Compile and run offline checks	2026-10-03T03:24:42.7194488Z test_a_sell_of_one_sleeve_does_not_erase_the_buy_of_another_at_the_same_open (test_follow.FollowTests.test_a_sell_of_one_sleeve_does_not_erase_the_buy_of_another_at_the_same_open) ... ok
check	Compile and run offline checks	2026-10-03T03:24:42.7195355Z test_a_sell_that_leaves_one_sleeve_closes_only_that_sleeve (test_follow.FollowTests.test_a_sell_that_leaves_one_sleeve_closes_only_that_sleeve) ... ok
check	Compile and run offline checks	2026-10-03T03:24:42.7195985Z test_btc_commission_is_part_of_the_balance_and_not_the_fill_price (test_follow.FollowTests.test_btc_commission_is_part_of_the_balance_and_not_the_fill_price) ... ok
check	Compile and run offline checks	2026-10-03T03:24:42.7196542Z test_equal_sleeves_are_unknown_even_when_both_want_to_exit (test_follow.FollowTests.test_equal_sleeves_are_unknown_even_when_both_want_to_exit) ... ok
check	Compile and run offline checks	2026-10-03T03:24:42.7197929Z test_sleeves_on_one_signal_day_share_one_fill_equally (test_follow.FollowTests.test_sleeves_on_one_signal_day_share_one_fill_equally) ... ok
check	Compile and run offline checks	2026-10-03T03:24:42.7198885Z test_two_order_ids_are_not_merged_into_one_fill (test_follow.FollowTests.test_two_order_ids_are_not_merged_into_one_fill) ... ok
check	Compile and run offline checks	2026-10-03T03:24:42.7211899Z test_expired_partial_and_intentional_half_reduction_remain_positions (test_grouped_close.GroupedCloseTests.test_expired_partial_and_intentional_half_reduction_remain_positions) ... ok
check	Compile and run offline checks	2026-10-03T03:24:42.7220967Z test_full_close_is_strategy_flat_while_real_ownership_and_capital_are_kept (test_grouped_close.GroupedCloseTests.test_full_close_is_strategy_flat_while_real_ownership_and_capital_are_kept) ... ok
check	Compile and run offline checks	2026-10-03T03:24:42.7227630Z test_future_final_readback_cannot_close_an_earlier_partial_fill (test_grouped_close.GroupedCloseTests.test_future_final_readback_cannot_close_an_earlier_partial_fill) ... ok
check	Compile and run offline checks	2026-10-03T03:24:42.7235231Z test_late_terminal_readback_does_not_commit_a_permanently_unprotected_remainder (test_grouped_close.GroupedCloseTests.test_late_terminal_readback_does_not_commit_a_permanently_unprotected_remainder) ... ok
check	Compile and run offline checks	2026-10-03T03:24:42.7246924Z test_missing_readback_or_incomplete_legacy_application_never_widens_dust (test_grouped_close.GroupedCloseTests.test_missing_readback_or_incomplete_legacy_application_never_widens_dust) ... ok
check	Compile and run offline checks	2026-10-03T03:24:42.7378601Z test_readonly_cycle_rolls_back_earlier_sleeve_before_late_terminal_guard (test_grouped_close.GroupedCloseTests.test_readonly_cycle_rolls_back_earlier_sleeve_before_late_terminal_guard) ... ok
check	Compile and run offline checks	2026-10-03T03:24:42.7463876Z test_readonly_recovery_and_executor_use_the_same_durable_native_metadata (test_grouped_close.GroupedCloseTests.test_readonly_recovery_and_executor_use_the_same_durable_native_metadata) ... ok
check	Compile and run offline checks	2026-10-03T03:24:42.7470442Z test_real_reentry_merges_owned_residual_and_resets_peak (test_grouped_close.GroupedCloseTests.test_real_reentry_merges_owned_residual_and_resets_peak) ... ok
check	Compile and run offline checks	2026-10-03T03:24:42.7472024Z test_a_close_four_percent_under_the_fill_invalidates_a_normal_entry (test_model.ModelTests.test_a_close_four_percent_under_the_fill_invalidates_a_normal_entry) ... ok
check	Compile and run offline checks	2026-10-03T03:24:42.7472931Z test_a_close_sixty_one_percent_above_the_average_is_a_blowoff (test_model.ModelTests.test_a_close_sixty_one_percent_above_the_average_is_a_blowoff) ... ok
check	Compile and run offline checks	2026-10-03T03:24:42.7473663Z test_a_crash_reversal_ignores_the_four_percent_close (test_model.ModelTests.test_a_crash_reversal_ignores_the_four_percent_close) ... ok
check	Compile and run offline checks	2026-10-03T03:24:42.7474395Z test_a_flat_followed_position_rearms_only_after_a_fresh_cross (test_model.ModelTests.test_a_flat_followed_position_rearms_only_after_a_fresh_cross) ... ok
check	Compile and run offline checks	2026-10-03T03:24:42.7475204Z test_bull_is_strict_and_checkpoint_roundtrips (test_model.ModelTests.test_bull_is_strict_and_checkpoint_roundtrips) ... ok
check	Compile and run offline checks	2026-10-03T03:24:42.7477455Z test_crash_reversal_arms_and_holds_until_the_handoff (test_model.ModelTests.test_crash_reversal_arms_and_holds_until_the_handoff) ... ok
check	Compile and run offline checks	2026-10-03T03:24:42.7478136Z test_defaults_match_the_selected_spot_book (test_model.ModelTests.test_defaults_match_the_selected_spot_book) ... ok
check	Compile and run offline checks	2026-10-03T03:24:42.7478722Z test_empty_checkpoint_roundtrips (test_model.ModelTests.test_empty_checkpoint_roundtrips) ... ok
check	Compile and run offline checks	2026-10-03T03:24:42.7479237Z test_equal_close_is_not_bullish (test_model.ModelTests.test_equal_close_is_not_bullish) ... ok
check	Compile and run offline checks	2026-10-03T03:24:42.7479681Z test_origin_and_contiguity (test_model.ModelTests.test_origin_and_contiguity) ... ok
check	Compile and run offline checks	2026-10-03T03:24:42.7480353Z test_restore_rejects_a_previous_close_that_is_not_in_the_window (test_model.ModelTests.test_restore_rejects_a_previous_close_that_is_not_in_the_window) ... ok
check	Compile and run offline checks	2026-10-03T03:24:42.7481094Z test_restore_rejects_a_rehashed_crash_flag (test_model.ModelTests.test_restore_rejects_a_rehashed_crash_flag) ... ok
check	Compile and run offline checks	2026-10-03T03:24:42.7481747Z test_restore_rejects_a_rehashed_crash_reversal (test_model.ModelTests.test_restore_rejects_a_rehashed_crash_reversal) ... ok
check	Compile and run offline checks	2026-10-03T03:24:42.7482487Z test_two_closes_arm_entry_and_an_exit_requires_a_fresh_cross (test_model.ModelTests.test_two_closes_arm_entry_and_an_exit_requires_a_fresh_cross) ... ok
check	Compile and run offline checks	2026-10-03T03:24:42.7486492Z test_partial_fill_needs_native_quantity_coverage (test_native_acceptance.NativeEvidenceTests.test_partial_fill_needs_native_quantity_coverage) ... ok
check	Compile and run offline checks	2026-10-03T03:24:42.7499665Z test_raw_bytes_source_and_environment_are_bound (test_native_acceptance.NativeEvidenceTests.test_raw_bytes_source_and_environment_are_bound) ... ok
check	Compile and run offline checks	2026-10-03T03:24:42.7503017Z test_repeated_or_canceled_readbacks_cannot_inflate_protection (test_native_acceptance.NativeEvidenceTests.test_repeated_or_canceled_readbacks_cannot_inflate_protection) ... ok
check	Compile and run offline checks	2026-10-03T03:24:42.7504305Z test_reserved_manifest_filename_cannot_overwrite_archive (test_native_acceptance.NativeEvidenceTests.test_reserved_manifest_filename_cannot_overwrite_archive) ... ok
check	Compile and run offline checks	2026-10-03T03:24:42.7509573Z test_symlink_case_cannot_leave_the_archive (test_native_acceptance.NativeEvidenceTests.test_symlink_case_cannot_leave_the_archive) ... ok
check	Compile and run offline checks	2026-10-03T03:24:42.7512656Z test_synthetic_and_early_trigger_do_not_establish_native_closure (test_native_acceptance.NativeEvidenceTests.test_synthetic_and_early_trigger_do_not_establish_native_closure) ... ok
check	Compile and run offline checks	2026-10-03T03:24:42.7514811Z test_changing_balances_during_order_scan_are_unknown (test_native_export.ExportTests.test_changing_balances_during_order_scan_are_unknown) ... ok
check	Compile and run offline checks	2026-10-03T03:24:42.7522594Z test_default_http_transport_preserves_explicit_demo_methods (test_native_export.ExportTests.test_default_http_transport_preserves_explicit_demo_methods) ... ok
check	Compile and run offline checks	2026-10-03T03:24:42.7523211Z test_demo_order_gate_rejects_live_before_transport (test_native_export.ExportTests.test_demo_order_gate_rejects_live_before_transport) ... ok
check	Compile and run offline checks	2026-10-03T03:24:42.7600580Z test_failed_native_preflight_keeps_proven_unsent_intent_prepared (test_native_export.ExportTests.test_failed_native_preflight_keeps_proven_unsent_intent_prepared) ... ok
check	Compile and run offline checks	2026-10-03T03:24:42.7602213Z test_missing_asset_balance_is_unknown (test_native_export.ExportTests.test_missing_asset_balance_is_unknown) ... ok
check	Compile and run offline checks	2026-10-03T03:24:42.7603105Z test_normalized_accounts_revalue_at_perpetual_mark_without_adding_margin (test_native_export.ExportTests.test_normalized_accounts_revalue_at_perpetual_mark_without_adding_margin) ... ok
check	Compile and run offline checks	2026-10-03T03:24:42.7604784Z test_read_only_export_includes_locked_cash_and_uses_fresh_price (test_native_export.ExportTests.test_read_only_export_includes_locked_cash_and_uses_fresh_price) ... ok
check	Compile and run offline checks	2026-10-03T03:24:42.7608333Z test_redirect_after_dispatch_is_unknown_not_a_proven_refusal (test_native_export.ExportTests.test_redirect_after_dispatch_is_unknown_not_a_proven_refusal) ... ok
check	Compile and run offline checks	2026-10-03T03:24:42.7771518Z test_lost_ack_restart_and_partial_fill_protection (test_offline.OfflineTests.test_lost_ack_restart_and_partial_fill_protection) ... ok
check	Compile and run offline checks	2026-10-03T03:24:42.7825958Z test_network_adapter_and_native_state_are_rejected (test_offline.OfflineTests.test_network_adapter_and_native_state_are_rejected) ... ok
check	Compile and run offline checks	2026-10-03T03:24:42.7911962Z test_query_outage_after_fill_never_resubmits_on_restart (test_offline.OfflineTests.test_query_outage_after_fill_never_resubmits_on_restart) ... ok
check	Compile and run offline checks	2026-10-03T03:24:42.8011636Z test_sell_proceeds_are_reconciled_before_a_new_buy (test_offline.OfflineTests.test_sell_proceeds_are_reconciled_before_a_new_buy) ... ok
check	Compile and run offline checks	2026-10-03T03:24:42.8095506Z test_stop_failure_does_not_report_protection (test_offline.OfflineTests.test_stop_failure_does_not_report_protection) ... ok
check	Compile and run offline checks	2026-10-03T03:24:42.8222123Z test_strategy_exit_cancels_confirmed_protection_before_selling (test_offline.OfflineTests.test_strategy_exit_cancels_confirmed_protection_before_selling) ... ok
check	Compile and run offline checks	2026-10-03T03:24:42.8370930Z test_terminal_partial_exit_protects_the_remaining_coins (test_offline.OfflineTests.test_terminal_partial_exit_protects_the_remaining_coins) ... ok
check	Compile and run offline checks	2026-10-03T03:24:42.8432391Z test_unconfirmed_send_and_external_funds_freeze (test_offline.OfflineTests.test_unconfirmed_send_and_external_funds_freeze) ... ok
check	Compile and run offline checks	2026-10-03T03:24:42.8530163Z test_unsupported_replacement_keeps_the_prior_stop (test_offline.OfflineTests.test_unsupported_replacement_keeps_the_prior_stop) ... ok
check	Compile and run offline checks	2026-10-03T03:24:42.8531873Z test_account_days_require_this_pair_and_thirty_actual_dates (test_operations.OperationsTests.test_account_days_require_this_pair_and_thirty_actual_dates) ... ok
check	Compile and run offline checks	2026-10-03T03:24:42.8532770Z test_hedge_does_not_erase_gross_exposure_or_double_count_margin (test_operations.OperationsTests.test_hedge_does_not_erase_gross_exposure_or_double_count_margin) ... ok
check	Compile and run offline checks	2026-10-03T03:24:42.8545387Z test_second_exporter_launch_failure_cleans_first_and_records_failed_day (test_operations.OperationsTests.test_second_exporter_launch_failure_cleans_first_and_records_failed_day) ... ok
check	Compile and run offline checks	2026-10-03T03:24:42.8680665Z test_two_attempts_on_one_real_day_do_not_manufacture_two_forward_days (test_operations.OperationsTests.test_two_attempts_on_one_real_day_do_not_manufacture_two_forward_days) ... ok
check	Compile and run offline checks	2026-10-03T03:24:42.8681740Z test_unknown_stale_and_mixed_valuation_refuse_summary (test_operations.OperationsTests.test_unknown_stale_and_mixed_valuation_refuse_summary) ... ok
check	Compile and run offline checks	2026-10-03T03:24:42.8762031Z test_crash_after_cancel_resumes_sale_and_protects_partial_remainder (test_p4_execution.P4ExecutionTests.test_crash_after_cancel_resumes_sale_and_protects_partial_remainder) ... /home/runner/work/spotquant/spotquant/spotquant/model.py:233: ResourceWarning: unclosed database in <sqlite3.Connection object at 0x7f03429df6a0>
check	Compile and run offline checks	2026-10-03T03:24:42.8763023Z   self.true_ranges.append((open_time, max(high - low, abs(high - self.close), abs(low - self.close))))
check	Compile and run offline checks	2026-10-03T03:24:42.8763364Z ResourceWarning: Enable tracemalloc to get the object allocation traceback
check	Compile and run offline checks	2026-10-03T03:24:42.8763787Z /home/runner/work/spotquant/spotquant/spotquant/model.py:233: ResourceWarning: unclosed database in <sqlite3.Connection object at 0x7f03429dcb80>
check	Compile and run offline checks	2026-10-03T03:24:42.8764283Z   self.true_ranges.append((open_time, max(high - low, abs(high - self.close), abs(low - self.close))))
check	Compile and run offline checks	2026-10-03T03:24:42.8764752Z ResourceWarning: Enable tracemalloc to get the object allocation traceback
check	Compile and run offline checks	2026-10-03T03:24:42.9192774Z /home/runner/work/spotquant/spotquant/spotquant/model.py:233: ResourceWarning: unclosed database in <sqlite3.Connection object at 0x7f03423db3d0>
check	Compile and run offline checks	2026-10-03T03:24:42.9193258Z   self.true_ranges.append((open_time, max(high - low, abs(high - self.close), abs(low - self.close))))
check	Compile and run offline checks	2026-10-03T03:24:42.9193566Z ResourceWarning: Enable tracemalloc to get the object allocation traceback
check	Compile and run offline checks	2026-10-03T03:24:42.9193979Z /home/runner/work/spotquant/spotquant/spotquant/model.py:233: ResourceWarning: unclosed database in <sqlite3.Connection object at 0x7f03423db4c0>
check	Compile and run offline checks	2026-10-03T03:24:42.9194409Z   self.true_ranges.append((open_time, max(high - low, abs(high - self.close), abs(low - self.close))))
check	Compile and run offline checks	2026-10-03T03:24:42.9194710Z ResourceWarning: Enable tracemalloc to get the object allocation traceback
check	Compile and run offline checks	2026-10-03T03:24:42.9624110Z /home/runner/work/spotquant/spotquant/spotquant/model.py:350: ResourceWarning: unclosed database in <sqlite3.Connection object at 0x7f034293a7a0>
check	Compile and run offline checks	2026-10-03T03:24:42.9624556Z   model.closes = deque((D(item) for item in body['closes']), maxlen=limit)
check	Compile and run offline checks	2026-10-03T03:24:42.9624814Z ResourceWarning: Enable tracemalloc to get the object allocation traceback
check	Compile and run offline checks	2026-10-03T03:24:43.0196431Z /home/runner/work/spotquant/spotquant/spotquant/model.py:350: ResourceWarning: unclosed database in <sqlite3.Connection object at 0x7f03423db4c0>
check	Compile and run offline checks	2026-10-03T03:24:43.0196911Z   model.closes = deque((D(item) for item in body['closes']), maxlen=limit)
check	Compile and run offline checks	2026-10-03T03:24:43.0197435Z ResourceWarning: Enable tracemalloc to get the object allocation traceback
check	Compile and run offline checks	2026-10-03T03:24:43.0338451Z ok
check	Compile and run offline checks	2026-10-03T03:24:43.0723205Z test_equal_size_groups_have_distinct_order_identity_and_sell_attribution (test_p4_execution.P4ExecutionTests.test_equal_size_groups_have_distinct_order_identity_and_sell_attribution) ... /home/runner/work/spotquant/spotquant/spotquant/model.py:350: ResourceWarning: unclosed database in <sqlite3.Connection object at 0x7f0342939b70>
check	Compile and run offline checks	2026-10-03T03:24:43.0724484Z   model.closes = deque((D(item) for item in body['closes']), maxlen=limit)
check	Compile and run offline checks	2026-10-03T03:24:43.0725198Z ResourceWarning: Enable tracemalloc to get the object allocation traceback
check	Compile and run offline checks	2026-10-03T03:24:43.1198349Z ok
check	Compile and run offline checks	2026-10-03T03:24:43.1552906Z test_external_cash_is_unknown_and_does_not_send (test_p4_execution.P4ExecutionTests.test_external_cash_is_unknown_and_does_not_send) ... ok
check	Compile and run offline checks	2026-10-03T03:24:43.2004244Z test_floored_exit_retains_fractional_ownership_and_reentry_resets_peak (test_p4_execution.P4ExecutionTests.test_floored_exit_retains_fractional_ownership_and_reentry_resets_peak) ... /home/runner/work/spotquant/spotquant/spotquant/model.py:350: ResourceWarning: unclosed database in <sqlite3.Connection object at 0x7f03423db3d0>
check	Compile and run offline checks	2026-10-03T03:24:43.2005211Z   model.closes = deque((D(item) for item in body['closes']), maxlen=limit)
check	Compile and run offline checks	2026-10-03T03:24:43.2005481Z ResourceWarning: Enable tracemalloc to get the object allocation traceback
check	Compile and run offline checks	2026-10-03T03:24:43.3705812Z ok
check	Compile and run offline checks	2026-10-03T03:24:43.4187383Z test_prepared_sale_recovers_after_a_new_daily_bar (test_p4_execution.P4ExecutionTests.test_prepared_sale_recovers_after_a_new_daily_bar) ... /home/runner/work/spotquant/spotquant/spotquant/model.py:233: ResourceWarning: unclosed database in <sqlite3.Connection object at 0x7f0342939b70>
check	Compile and run offline checks	2026-10-03T03:24:43.4188175Z   self.true_ranges.append((open_time, max(high - low, abs(high - self.close), abs(low - self.close))))
check	Compile and run offline checks	2026-10-03T03:24:43.4188684Z ResourceWarning: Enable tracemalloc to get the object allocation traceback
check	Compile and run offline checks	2026-10-03T03:24:43.4944639Z ok
check	Compile and run offline checks	2026-10-03T03:24:43.6334691Z test_prepared_stop_replacement_recovers_after_a_new_daily_bar (test_p4_execution.P4ExecutionTests.test_prepared_stop_replacement_recovers_after_a_new_daily_bar) ... ok
check	Compile and run offline checks	2026-10-03T03:24:43.6886652Z test_query_outage_after_send_recovers_with_original_identity (test_p4_execution.P4ExecutionTests.test_query_outage_after_send_recovers_with_original_identity) ... /home/runner/work/spotquant/spotquant/spotquant/model.py:233: ResourceWarning: unclosed database in <sqlite3.Connection object at 0x7f034293a7a0>
check	Compile and run offline checks	2026-10-03T03:24:43.6887644Z   self.true_ranges.append((open_time, max(high - low, abs(high - self.close), abs(low - self.close))))
check	Compile and run offline checks	2026-10-03T03:24:43.6887961Z ResourceWarning: Enable tracemalloc to get the object allocation traceback
check	Compile and run offline checks	2026-10-03T03:24:43.7165882Z ok
check	Compile and run offline checks	2026-10-03T03:24:43.7555954Z test_real_session_partial_entry_restart_stop_amend_and_offline_trigger (test_p4_execution.P4ExecutionTests.test_real_session_partial_entry_restart_stop_amend_and_offline_trigger) ... /home/runner/work/spotquant/spotquant/spotquant/model.py:350: ResourceWarning: unclosed database in <sqlite3.Connection object at 0x7f03429dcb80>
check	Compile and run offline checks	2026-10-03T03:24:43.7556771Z   model.closes = deque((D(item) for item in body['closes']), maxlen=limit)
check	Compile and run offline checks	2026-10-03T03:24:43.7557036Z ResourceWarning: Enable tracemalloc to get the object allocation traceback
check	Compile and run offline checks	2026-10-03T03:24:43.8566102Z ok
check	Compile and run offline checks	2026-10-03T03:24:43.9755524Z test_stop_fill_between_decision_and_write_requires_reconciliation (test_p4_execution.P4ExecutionTests.test_stop_fill_between_decision_and_write_requires_reconciliation) ... ok
check	Compile and run offline checks	2026-10-03T03:24:44.0561754Z test_unconfirmed_protection_stays_unknown_on_subsequent_sessions (test_p4_execution.P4ExecutionTests.test_unconfirmed_protection_stays_unknown_on_subsequent_sessions) ... ok
check	Compile and run offline checks	2026-10-03T03:24:44.0563010Z test_a_balance_the_sleeves_do_not_own_is_unknown (test_preview.PreviewTests.test_a_balance_the_sleeves_do_not_own_is_unknown) ... ok
check	Compile and run offline checks	2026-10-03T03:24:44.0564548Z test_a_single_bullish_entry_does_not_invent_consensus (test_preview.PreviewTests.test_a_single_bullish_entry_does_not_invent_consensus) ... ok
check	Compile and run offline checks	2026-10-03T03:24:44.0565497Z test_a_stop_wider_than_the_sell_band_is_not_placeable (test_preview.PreviewTests.test_a_stop_wider_than_the_sell_band_is_not_placeable) ... ok
check	Compile and run offline checks	2026-10-03T03:24:44.0566448Z test_cold_start_does_not_buy_an_already_bullish_regime (test_preview.PreviewTests.test_cold_start_does_not_buy_an_already_bullish_regime) ... ok
check	Compile and run offline checks	2026-10-03T03:24:44.0567810Z test_consensus_advisory_shares_sum_to_the_actual_pooled_buy (test_preview.PreviewTests.test_consensus_advisory_shares_sum_to_the_actual_pooled_buy) ... ok
check	Compile and run offline checks	2026-10-03T03:24:44.0570855Z test_consensus_default_increases_a_real_entry_with_a_bullish_holder (test_preview.PreviewTests.test_consensus_default_increases_a_real_entry_with_a_bullish_holder) ... ok
check	Compile and run offline checks	2026-10-03T03:24:44.0571948Z test_crash_reversal_wins_when_the_ordinary_entry_is_also_armed (test_preview.PreviewTests.test_crash_reversal_wins_when_the_ordinary_entry_is_also_armed) ... ok
check	Compile and run offline checks	2026-10-03T03:24:44.0573012Z test_dust_on_three_sleeves_exits_together_and_does_not_buy_again (test_preview.PreviewTests.test_dust_on_three_sleeves_exits_together_and_does_not_buy_again) ... ok
check	Compile and run offline checks	2026-10-03T03:24:44.0574142Z test_entry_stop_uses_the_completed_close_when_the_streak_high_is_through_it (test_preview.PreviewTests.test_entry_stop_uses_the_completed_close_when_the_streak_high_is_through_it) ... ok
check	Compile and run offline checks	2026-10-03T03:24:44.0575058Z test_external_btc_is_unknown (test_preview.PreviewTests.test_external_btc_is_unknown) ... ok
check	Compile and run offline checks	2026-10-03T03:24:44.0575897Z test_fresh_bull_close_previews_a_market_buy_and_a_stop_price (test_preview.PreviewTests.test_fresh_bull_close_previews_a_market_buy_and_a_stop_price) ... ok
check	Compile and run offline checks	2026-10-03T03:24:44.0576943Z test_owned_coins_exit_a_blowoff_while_still_above_the_average (test_preview.PreviewTests.test_owned_coins_exit_a_blowoff_while_still_above_the_average) ... ok
check	Compile and run offline checks	2026-10-03T03:24:44.0578326Z test_owned_coins_exit_when_the_close_is_four_percent_under_the_fill (test_preview.PreviewTests.test_owned_coins_exit_when_the_close_is_four_percent_under_the_fill) ... ok
check	Compile and run offline checks	2026-10-03T03:24:44.0579309Z test_owned_coins_exit_when_the_close_is_not_bullish (test_preview.PreviewTests.test_owned_coins_exit_when_the_close_is_not_bullish) ... ok
check	Compile and run offline checks	2026-10-03T03:24:44.0580233Z test_owned_hold_uses_the_close_until_the_fill_and_then_the_fill_peak (test_preview.PreviewTests.test_owned_hold_uses_the_close_until_the_fill_and_then_the_fill_peak) ... ok
check	Compile and run offline checks	2026-10-03T03:24:44.0581333Z test_sleeves_share_the_pool_and_an_exit_frees_cash_for_an_entry_at_the_same_open (test_preview.PreviewTests.test_sleeves_share_the_pool_and_an_exit_frees_cash_for_an_entry_at_the_same_open) ... ok
check	Compile and run offline checks	2026-10-03T03:24:44.0582338Z test_the_capital_limit_caps_the_whole_pool (test_preview.PreviewTests.test_the_capital_limit_caps_the_whole_pool) ... ok
check	Compile and run offline checks	2026-10-03T03:24:44.0583126Z test_the_forward_rules_hash_is_the_one_in_the_spec (test_research.ResearchTests.test_the_forward_rules_hash_is_the_one_in_the_spec) ... ok
check	Compile and run offline checks	2026-10-03T03:24:44.0696046Z test_the_loader_reads_the_named_symbol_and_extra_roots (test_research.ResearchTests.test_the_loader_reads_the_named_symbol_and_extra_roots) ... ok
check	Compile and run offline checks	2026-10-03T03:24:44.0701864Z test_corrupt_existing_input_is_refused_and_preserved (test_restore_btc.RestoreTests.test_corrupt_existing_input_is_refused_and_preserved) ... ok
check	Compile and run offline checks	2026-10-03T03:24:44.2108497Z test_a_failed_preview_still_keeps_the_positions_in_step_with_the_model (test_session.SessionTests.test_a_failed_preview_still_keeps_the_positions_in_step_with_the_model) ... ok
check	Compile and run offline checks	2026-10-03T03:24:44.2346474Z test_a_flat_account_reads_later_trades_from_the_cursor (test_session.SessionTests.test_a_flat_account_reads_later_trades_from_the_cursor) ... /home/runner/work/spotquant/spotquant/spotquant/follow.py:225: ResourceWarning: unclosed database in <sqlite3.Connection object at 0x7f034264b790>
check	Compile and run offline checks	2026-10-03T03:24:44.2347883Z   held = {window: item for window, item in positions.items() if item is not None}
check	Compile and run offline checks	2026-10-03T03:24:44.2348394Z ResourceWarning: Enable tracemalloc to get the object allocation traceback
check	Compile and run offline checks	2026-10-03T03:24:44.2349088Z /home/runner/work/spotquant/spotquant/spotquant/follow.py:225: ResourceWarning: unclosed database in <sqlite3.Connection object at 0x7f03429dcb80>
check	Compile and run offline checks	2026-10-03T03:24:44.2349758Z   held = {window: item for window, item in positions.items() if item is not None}
check	Compile and run offline checks	2026-10-03T03:24:44.2350224Z ResourceWarning: Enable tracemalloc to get the object allocation traceback
check	Compile and run offline checks	2026-10-03T03:24:44.3244613Z ok
check	Compile and run offline checks	2026-10-03T03:24:44.4215987Z test_a_followed_buy_previews_the_fill_stop_and_a_failed_cycle_drops_the_old_view (test_session.SessionTests.test_a_followed_buy_previews_the_fill_stop_and_a_failed_cycle_drops_the_old_view) ... ok
check	Compile and run offline checks	2026-10-03T03:24:44.5058442Z test_a_full_transfer_out_without_a_sell_is_unknown_and_drops_the_followed_flag (test_session.SessionTests.test_a_full_transfer_out_without_a_sell_is_unknown_and_drops_the_followed_flag) ... /home/runner/work/spotquant/spotquant/spotquant/preview.py:413: ResourceWarning: unclosed database in <sqlite3.Connection object at 0x7f03429df6a0>
check	Compile and run offline checks	2026-10-03T03:24:44.5059879Z   views = {w: decision_view(v, positions.get(w), owners) for w, v in views.items()}
check	Compile and run offline checks	2026-10-03T03:24:44.5060373Z ResourceWarning: Enable tracemalloc to get the object allocation traceback
check	Compile and run offline checks	2026-10-03T03:24:44.5355506Z ok
check	Compile and run offline checks	2026-10-03T03:24:44.6293126Z test_a_sell_on_the_account_closes_the_followed_sleeves (test_session.SessionTests.test_a_sell_on_the_account_closes_the_followed_sleeves) ... ok
check	Compile and run offline checks	2026-10-03T03:24:44.6429018Z test_an_old_checkpoint_is_rejected_even_when_flat (test_session.SessionTests.test_an_old_checkpoint_is_rejected_even_when_flat) ... /home/runner/work/spotquant/spotquant/spotquant/preview.py:268: ResourceWarning: unclosed database in <sqlite3.Connection object at 0x7f03423db4c0>
check	Compile and run offline checks	2026-10-03T03:24:44.6429781Z   external = D(snapshot['btc']) - sum((D(owned.get(window, 0)) for window in views), D(0))
check	Compile and run offline checks	2026-10-03T03:24:44.6430359Z ResourceWarning: Enable tracemalloc to get the object allocation traceback
check	Compile and run offline checks	2026-10-03T03:24:44.6430994Z /home/runner/work/spotquant/spotquant/spotquant/preview.py:268: ResourceWarning: unclosed database in <sqlite3.Connection object at 0x7f0342939b70>
check	Compile and run offline checks	2026-10-03T03:24:44.6431490Z   external = D(snapshot['btc']) - sum((D(owned.get(window, 0)) for window in views), D(0))
check	Compile and run offline checks	2026-10-03T03:24:44.6431766Z ResourceWarning: Enable tracemalloc to get the object allocation traceback
check	Compile and run offline checks	2026-10-03T03:24:44.6968134Z ok
check	Compile and run offline checks	2026-10-03T03:24:44.7254847Z test_cold_start_then_two_bullish_closes_preview_entry (test_session.SessionTests.test_cold_start_then_two_bullish_closes_preview_entry) ... /opt/hostedtoolcache/Python/3.13.15/x64/lib/python3.13/json/encoder.py:254: ResourceWarning: unclosed database in <sqlite3.Connection object at 0x7f034293a7a0>
check	Compile and run offline checks	2026-10-03T03:24:44.7255553Z   _iterencode = c_make_encoder(
check	Compile and run offline checks	2026-10-03T03:24:44.7255759Z ResourceWarning: Enable tracemalloc to get the object allocation traceback
check	Compile and run offline checks	2026-10-03T03:24:44.7256291Z /opt/hostedtoolcache/Python/3.13.15/x64/lib/python3.13/json/encoder.py:254: ResourceWarning: unclosed database in <sqlite3.Connection object at 0x7f0342939b70>
check	Compile and run offline checks	2026-10-03T03:24:44.7256680Z   _iterencode = c_make_encoder(
check	Compile and run offline checks	2026-10-03T03:24:44.7256884Z ResourceWarning: Enable tracemalloc to get the object allocation traceback
check	Compile and run offline checks	2026-10-03T03:24:44.7257571Z /opt/hostedtoolcache/Python/3.13.15/x64/lib/python3.13/json/encoder.py:254: ResourceWarning: unclosed database in <sqlite3.Connection object at 0x7f03423db4c0>
check	Compile and run offline checks	2026-10-03T03:24:44.7257947Z   _iterencode = c_make_encoder(
check	Compile and run offline checks	2026-10-03T03:24:44.7258142Z ResourceWarning: Enable tracemalloc to get the object allocation traceback
check	Compile and run offline checks	2026-10-03T03:24:44.7259426Z /opt/hostedtoolcache/Python/3.13.15/x64/lib/python3.13/json/encoder.py:254: ResourceWarning: unclosed database in <sqlite3.Connection object at 0x7f034231ed40>
check	Compile and run offline checks	2026-10-03T03:24:44.7259798Z   _iterencode = c_make_encoder(
check	Compile and run offline checks	2026-10-03T03:24:44.7259990Z ResourceWarning: Enable tracemalloc to get the object allocation traceback
check	Compile and run offline checks	2026-10-03T03:24:44.7568340Z ok
check	Compile and run offline checks	2026-10-03T03:24:44.7788979Z test_external_btc_stops_the_observation (test_session.SessionTests.test_external_btc_stops_the_observation) ... ok
check	Compile and run offline checks	2026-10-03T03:24:44.8831265Z test_open_order_details_stay_on_the_report (test_session.SessionTests.test_open_order_details_stay_on_the_report) ... ok
check	Compile and run offline checks	2026-10-03T03:24:44.9758949Z test_actual_bounded_sessions_enter_protect_and_independently_audit (test_session_account.SessionAccountTests.test_actual_bounded_sessions_enter_protect_and_independently_audit) ... ok
check	Compile and run offline checks	2026-10-03T03:24:44.9760753Z test_basis_waits_for_current_date_publication (test_session_account.SessionAccountTests.test_basis_waits_for_current_date_publication) ... ok
check	Compile and run offline checks	2026-10-03T03:24:44.9762655Z test_candles_are_completed_and_quotes_interpolate_without_future_candles (test_session_account.SessionAccountTests.test_candles_are_completed_and_quotes_interpolate_without_future_candles) ... ok
check	Compile and run offline checks	2026-10-03T03:24:45.0265863Z test_deadline_is_installed_and_prevents_late_client_dispatch (test_session_account.SessionAccountTests.test_deadline_is_installed_and_prevents_late_client_dispatch) ... ok
check	Compile and run offline checks	2026-10-03T03:24:45.0268918Z test_dispatched_cancel_finishes_at_venue_even_after_client_deadline (test_session_account.SessionAccountTests.test_dispatched_cancel_finishes_at_venue_even_after_client_deadline) ... ok
check	Compile and run offline checks	2026-10-03T03:24:45.0271867Z test_stop_acts_between_sessions_and_cash_fill_identity_holds (test_session_account.SessionAccountTests.test_stop_acts_between_sessions_and_cash_fill_identity_holds) ... ok
check	Compile and run offline checks	2026-10-03T03:24:45.0272995Z test_a_base_winner_is_rejected_when_its_skip_drawdown_is_worse (test_simplify.SimplificationTests.test_a_base_winner_is_rejected_when_its_skip_drawdown_is_worse) ... ok
check	Compile and run offline checks	2026-10-03T03:24:45.0273925Z test_delete_all_only_when_every_matched_scenario_passes (test_simplify.SimplificationTests.test_delete_all_only_when_every_matched_scenario_passes) ... ok
check	Compile and run offline checks	2026-10-03T03:24:45.0340582Z test_identity_mismatch_and_client_id_prefix (test_state.StateTests.test_identity_mismatch_and_client_id_prefix) ... ok
check	Compile and run offline checks	2026-10-03T03:24:45.0548363Z test_the_observation_table_keeps_only_the_latest_rows (test_state.StateTests.test_the_observation_table_keeps_only_the_latest_rows) ... /opt/hostedtoolcache/Python/3.13.15/x64/lib/python3.13/json/encoder.py:265: ResourceWarning: unclosed database in <sqlite3.Connection object at 0x7f034293a7a0>
check	Compile and run offline checks	2026-10-03T03:24:45.0549324Z   def _make_iterencode(markers, _default, _encoder, _indent, _floatstr,
check	Compile and run offline checks	2026-10-03T03:24:45.0549644Z ResourceWarning: Enable tracemalloc to get the object allocation traceback
check	Compile and run offline checks	2026-10-03T03:24:45.0550055Z /opt/hostedtoolcache/Python/3.13.15/x64/lib/python3.13/json/encoder.py:265: ResourceWarning: unclosed database in <sqlite3.Connection object at 0x7f03423db4c0>
check	Compile and run offline checks	2026-10-03T03:24:45.0550614Z   def _make_iterencode(markers, _default, _encoder, _indent, _floatstr,
check	Compile and run offline checks	2026-10-03T03:24:45.0551002Z ResourceWarning: Enable tracemalloc to get the object allocation traceback
check	Compile and run offline checks	2026-10-03T03:24:45.0551406Z /opt/hostedtoolcache/Python/3.13.15/x64/lib/python3.13/json/encoder.py:265: ResourceWarning: unclosed database in <sqlite3.Connection object at 0x7f034231fd30>
check	Compile and run offline checks	2026-10-03T03:24:45.0551793Z   def _make_iterencode(markers, _default, _encoder, _indent, _floatstr,
check	Compile and run offline checks	2026-10-03T03:24:45.0552182Z ResourceWarning: Enable tracemalloc to get the object allocation traceback
check	Compile and run offline checks	2026-10-03T03:24:46.4586043Z ok
check	Compile and run offline checks	2026-10-03T03:24:46.4586272Z 
check	Compile and run offline checks	2026-10-03T03:24:46.4586452Z ----------------------------------------------------------------------
check	Compile and run offline checks	2026-10-03T03:24:46.4586800Z Ran 292 tests in 63.873s
check	Compile and run offline checks	2026-10-03T03:24:46.4586934Z 
check	Compile and run offline checks	2026-10-03T03:24:46.4586995Z OK
check	Post Run actions/setup-python@ece7cb06caefa5fff74198d8649806c4678c61a1	﻿2026-10-03T03:24:46.4910052Z Post job cleanup.
check	Post Run actions/checkout@fbc6f3992d24b796d5a048ff273f7fcc4a7b6c09	﻿2026-10-03T03:24:46.5875297Z Post job cleanup.
check	Post Run actions/checkout@fbc6f3992d24b796d5a048ff273f7fcc4a7b6c09	2026-10-03T03:24:46.6399448Z [command]/usr/bin/git version
check	Post Run actions/checkout@fbc6f3992d24b796d5a048ff273f7fcc4a7b6c09	2026-10-03T03:24:46.6437439Z git version 2.55.0
check	Post Run actions/checkout@fbc6f3992d24b796d5a048ff273f7fcc4a7b6c09	2026-10-03T03:24:46.6454877Z Temporarily overriding HOME='/home/runner/work/_temp/7ebb0ed8-08cf-4542-93ee-22ffb6f5962b' before making global git config changes
check	Post Run actions/checkout@fbc6f3992d24b796d5a048ff273f7fcc4a7b6c09	2026-10-03T03:24:46.6455578Z Adding repository directory to the temporary git global config as a safe directory
check	Post Run actions/checkout@fbc6f3992d24b796d5a048ff273f7fcc4a7b6c09	2026-10-03T03:24:46.6458517Z [command]/usr/bin/git config --global --add safe.directory /home/runner/work/spotquant/spotquant
check	Post Run actions/checkout@fbc6f3992d24b796d5a048ff273f7fcc4a7b6c09	2026-10-03T03:24:46.6489740Z [command]/usr/bin/git config --local --name-only --get-regexp core\.sshCommand
check	Post Run actions/checkout@fbc6f3992d24b796d5a048ff273f7fcc4a7b6c09	2026-10-03T03:24:46.6517521Z [command]/usr/bin/git submodule foreach --recursive sh -c "git config --local --name-only --get-regexp 'core\.sshCommand' && git config --local --unset-all 'core.sshCommand' || :"
check	Post Run actions/checkout@fbc6f3992d24b796d5a048ff273f7fcc4a7b6c09	2026-10-03T03:24:46.6713299Z [command]/usr/bin/git config --local --name-only --get-regexp http\.https\:\/\/github\.com\/\.extraheader
check	Post Run actions/checkout@fbc6f3992d24b796d5a048ff273f7fcc4a7b6c09	2026-10-03T03:24:46.6747931Z [command]/usr/bin/git submodule foreach --recursive sh -c "git config --local --name-only --get-regexp 'http\.https\:\/\/github\.com\/\.extraheader' && git config --local --unset-all 'http.https://github.com/.extraheader' || :"
check	Post Run actions/checkout@fbc6f3992d24b796d5a048ff273f7fcc4a7b6c09	2026-10-03T03:24:46.6945108Z [command]/usr/bin/git config --local --name-only --get-regexp ^includeIf\.gitdir:
check	Post Run actions/checkout@fbc6f3992d24b796d5a048ff273f7fcc4a7b6c09	2026-10-03T03:24:46.6977039Z [command]/usr/bin/git submodule foreach --recursive git config --local --show-origin --name-only --get-regexp remote.origin.url
check	Complete job	﻿2026-10-03T03:24:46.7289156Z Cleaning up orphan processes
